# Resource object code (Python 3)
# Created by: object code
# Created by: The Resource Compiler for Qt version 6.10.0
# WARNING! All changes made in this file will be lost!

from PySide6 import QtCore

qt_resource_data = b"\
\x00\x00\x01\xec\
\x00\
\x00\x07qx\xda\xbdUKO\xe30\x10\xbe\xe7WX\
\xe4\xb2+\x91U\x9b\xa5\x05%\xd2J\x0b\x88\x13H-\
\x17\xce\x93\xd8u,\x1c;\xb2\x1d\x02\xbb\xea\x7f\xc7\xcd\
\xa3qZR\x15Tq\xa9\xaa\x99\xe9\xf7\x98\xf9\x9a,\
\xff\x16\x05g)\x18&\x05\xfa\xef!\x94@\xfaL\x95\
,\x05\x0eR\xc9\xa5\x8aP\xc2m)\xf6\xd6\x9e\xf7\x00\
L<1\x81e52\xea\x87aXO.\xef!!\
\xbc\x9ej[U\xc6\x0c\xd9\xf4\x9a\x96o\x98\xe1\xa4\x9f\
ZIa\x82\x15\xe4\x8c\xbfE\xe8l\x01\x82*\xc8\xcf\
\xe2\xae\xa3\xd9?\x12\xa1\xf0\xa2x\xedK\xe6\x8d\xdb\x9a\
\x90*\x07\xbe\xadV\x84\xd1\xccD\xe8r2\x89\xc7\xc9\
u\x99|\x85\x7f\x1a\x1e\xcd\x7f1\xe0\xf71\xc6\x0e\xfd\
\x8aqr\xabd\xf1Y\xfa\xf9\x89\xec'\xa51R<\
\xca\xea\xbb\xfd{w\xad\xf3'\x86)1M\x8a\xa4\xc2\
\xc4\xceXl\x84Ag\x04#\x7f6\x9b\xc5\xdbV\xa0\
\x00\xb3R\xf7\xfe\x0b\xc0\x98\x09\x1a\xa1\xdf\xb5\x1e\x0b{\
Sj#\xf3\x85\x92T\x11\xad\xafA9\xc8A\xc5\xb0\
\xc9j|\x07\xb3U\xaf%g\xd8)wz[\x019\
(\xcaD\x84&\x07\xd4\x0cY\xa6\xad\xa2\xe5\xa2\xd4\xd9\
u\xbd\xe7o8\xb0\x8f\xe70\x0f\xd3\xf8$\xa6\xb7\xeb\
\xbd\xb2\x17\xd9q\xd9\x99\xbfjl:.\xfd\x94\x13P\
\x8e\xe3\xee\xaeB\x0a\xf2a\x16\xfb\xdfFiF\xd2g\
{\xf8\xfd\xe7\xc5\x87O\x99=\xb7\xbb\x8d!:f\x1a\
\x12>\x84W4\x81\x1fa8=G\xfd\xc7\xe4\xd7\xec\
\xe7\x08\xe30\x90\x83\xea&~\xa0\xf0\x9e\xf3\x13\xe5n\
\xed\xa0\xfb\xa9\xfd\x1a4\xff^\x1b\x19A9\x09*x\
qI\xbb\x03\xb9\x895\xb2\x088Y\x99\xb1\xe8&\xd2\
\x02\xe6\x07G\xd4&u;\x19\x1f\xd3ET\x99\x1f#\
\xab\xe6s!\xbf\xc2f2E\xea%\xe8c\xb6\xd0\x00\
\x1f^\xc3\xc1\x99=\xcd\xae0\xf4\x079\xef\xbd\xe6\x86\
-j\x07\xb4\xf6\xde\x01\xbb!gB\
\x00\x00\x02\xc9\
\x00\
\x00\x0f\xb4x\xda\xd5W\xdbn\x9b0\x18\xbe\xdfSX\
\xeeE[)\x04\x0c\xce\x814\xe4b\xd7\x9b\xb4Wp\
\x8c\x01\xaf\x04\x90\xed\x94\xf4\xedgL\xc9\x88\x9a\xa4N\
\xc8V5\x12\x09`\xfb\xf7\xff\x1d\xfcIY\xca\x97\x14\
\xd4<VY\x04}\x0c\xc1n\x93\x172\x82\x99R\xd5\
\xc2u\xeb\xba\x1e\xd7\xc1\xb8\x14\xa9\xeb{\x9e\xe7\xea\xc9\
\x10d\x8c\xa7\x99j\xa7\xf38\x82\x92\x0a\xc6\x0a\x99\x95\
\xca\x99`\x1a\x06s\x8a\x1d\x9fM\xe6\xce\xdc\xa3T\x7f\
y3\xc7Kf\x93\x18\x87\x01\x0dc\xbd\xe8\x85\xb3\xfa\
{\xb9\x8b\xa0\x07<\xe0c\xb0\xdfw\xb1\xcby\xf1|\
lw\x14\x86\xa1kF!Hx\x9eG\xb0(\x0b\xa6\
K1!yYD\x10\x8d\x11\x5c-\xd3\xb6\xa1\x8cT\
\xcc\xae\x97f\x09\xcd\x89\xd4\x90\x13A6\xcc\xa1e\xa1\
\x08/\x98pjA\xaa\x8a\x89sS\xd6\xf9\xf6\xec\xb8\
n$.ki\xa6\xf4\xba\xee\xaf\xd0oeK\xa3\xb9\
\xb5\xedZ0\xaa\x80h(\x84@\xbc\x9a\x9f\xf6\xa1\xbd\
\xef\x09\xdaWK\x09R\xc8\xa4\x14\x9b\x08n\x88\x12|\
\xf7\x80\xc6\x9e\xf9\x8c\x80w\xe4\xee\xdc\xe8#<D\xbd\
&\xf49\x15\xe5\xb6\x88\xa1\xbbZ\xba\xe9{Z2\x9e\
\xc7\x82\x15\x97\xcb4\x85@\xaa\xd7\x9cE0\xe6\xb2\xca\
\xc9\xeb\x024<>\x0d%r\xda\x11y\x82\xae\x96Q\
\xa9D\xf9\xcc\x1c\xed=\xf6\xbb\xe4\xdaj-\xc8[\x93\
\xf9\x86\xb0i\xbe\x83\xd7)\xdb7|\xaf\x1bJ\xaa}\
3\xa2\xa7\xfe\x9e\xfe\x13\xeb\x0eP\x9c\xa8g\xf41C\
\xd2\xc1\xc1\xd4\xa3s\x168\xc1:&\x9aD\xc2Z&\
1\x22\xc9\x14\x11?\x09\x12l)\xe3\x9bXo\x95\xfb\
\xfa\xf1\xc2\x1c\x98\xb6\x1b\xe3\x8c[3\xbcZ\xc6,\x91\
\xab%\xcdy\xf5\x8b\xa8\xcc`<\xd8V\x9b3\xd6O\
\xbe\x15\x18\xc7\xd3\x15\xb7\x92\x81L\xb0$\x82w\xfd\xd6\
/\xae\xd4H\xd6\xf5u\xed\xe1\xfe+\xd9\x95M\x1c\xb1\
`g\x0f\xb3\xe5\x02\xe0\xee\xc5\x02\x88t\xfd\xe0#\xac\
I\x9fNG\x00\xe3\xc7\xfd\xdc\xb2\x22\x94+}F\xd1\
\x93\xc1\xd5\xb2~+\xa6@C\x93S\x91\x86\x81\xad\xc8\
\x1f\xee\xef\x86Hx\xff\xd8\x9d\x96\xee\xba0\x9afC\
3\xa8)\xc0r\x8dI\xf3C\xb5\xbe\xc8\xff\xf4\xc4A\
\xf6\x91\xd3L\xa5;\xd3\xf5G\xa9\xd3_z\x0a\xe0\x05\
\xa9\x13\xac\xf1,\xb1#\xf8k\xa4N`\x05\xc6&u\
\xac+\x1d\xa6\xce\xde\x85\xad\x9e{7v:w\xd68\
\x953\xd6\xdb~f\xce\xd87i\x953\xb6\xe5\x06\xe7\
\xcc|h\xce4\x05\x1a4@/\xfa\x89&\xa3\xf0G\
8B\x138\xe4\xb4\x1e\xc9\x8f\xff\x1c\x02\x181\x8c\xed\
\xd0\x9f\x09\x81\x83\xe3\x7f\x9c\xa5\x0f\x1d\xeb_\xe3\xd8\xeb\
\xed\x10\x0e\xb5C\xd8\x07\x1aj\x9c\x1a\xec\xd7\xb7C\x88\
Xb\x87\xfe\x0a;\xf4X\xfa\xe7v8y\xe9?\xe0\
\xabo\x7f\x00\x01m\xa4\x98\
\x00\x00\x02\xdd\
\x00\
\x00\x0d\xfdx\xda\xd5W\xcbr\x9b0\x14\xdd\xf7+4\
\xca\x22\xc9\x0c\x0f!\x0b\x03\x8e\xf1\xa2\xd9\xba3]w\
\xa7\x08\x01j00\x12.\xce\xdfW@pq\x12;\
r\x9c\x99\xb6\x9eA\x80\x1eW\xe7\x9esul/\xd5\
\xaf\x0c\xb4\x22i\xf2\x18b\x02\xc1nS\x94*\x86y\
\xd3\xd4\x0b\xd7m\xdb\xd6igN%3\x17#\x84\x5c\
=\x19\x82\x9c\x8b,o\x86\xe9\x22\x89\xa1b\x92\xf3R\
\xe5Uc\xfb\x84E\xb3\x90\x11\x1bs?\xb4C\xc4\x98\
nP`\xa34\xf0\x13\x12\xcdX\x94P\x08~\x09\xde\
~\xadv1D\x00\x01L\xc0~\xdf\xc5\xae\x10\xe5\xe3\
[\xbb{Q\x14\xb9\xfd(\x04\xa9(\x8a\x18\x96U\xc9\
u(.\x95\xa8\xca\x18z\x8e\x07W\xcbl\x00\x94\xd3\
\x9a\x9ba\xe9\x96\xb0\x82*\x9dr*\xe9\x86\xdb\xac*\
\x1b*J.\xedV\xd2\xba\xe6\xf2\xd4\x94\x87b{r\
\x5c\x03I\xaaV\xf5S&\xa8\xa7+t\xaf\x1ah\xec\
\x1fMQK\xce\x1a ;\x0a!\x90O\xfdmx\x19\
\x9e'\x82N\xd5j$-UZ\xc9M\x0c7\xb4\x91\
bw\xe39\xa8\xffX\x00\xbd\xf1tj\xf4\x16\x1ef\
\xfd@\xd9c&\xabm\x99@w\xb5t\xb3\xd7\xb4\xe4\
\xa2H$/\xcf\x97\x89A\xa0\x9a\xa7\x82\xc70\x11\xaa\
.\xe8\xd3\x02t<\xde]J$\x1b\x89<B\xd7\xc0\
\xa8jd\xf5\xc8m]{\xfcg%t\xa9\x0dI~\
6\x99\xcf\x19v\xe0\xc7\xf4Fe\xa7\x05?A\xc3h\
\xbd\x07#'\xea\xef\xe9?\xb2\xee \x8b#\xf1z}\
\xfa!eS?\xf2\xe7A@l\x12\x22\xaf#\x91\x0c\
Lz\xb39\x0e\x13Df\x14!C\x19\x9f\xc5z\x8e\
<\xd5O\x94\xfd\x81\x19\xd0\xf4\x95\xf1\xd9\x0c\xaf\x96\x09\
O\xd5j\xc9\x0aQ\x7f\xa7M\xde\xe7x\xb0\xad.\xce\
D\xbfa\xa3dl\xa4#n\x15\x07\xb9\xe4i\x0c\xaf\
\xa6\xd0\xcf\x8e\xd4I6\xe2\xfa\xe8\xe1\xfe#\xd9\x07A\
\xbcQ\x82cy\xf4[.\x00\x19;\x16@f\x0f7\
\xd8#\x9a\xf4\xf9\xdc\x02\x84\xdc\xee\xe7V5e\xa2\xd1\
g\xd4\xbb\xeb\xf3\x1aX\xff,\xa6@G\x93]\xd3\x8e\
\x81\xad,n\xae\xaf.\x91\xf0\xfav<-\xe3u\xa6\
5%\x97zP\x17\xa0\xcb\x06\xe8E\xdf<\xe2\xf8\x16\
^\xcf-|O\x9c0\xf2}\x14\x84\x1e\xd6]\x16\xb1\
\xf0\xb4\x83Xd\xad\xbb\xd0\xbdn\xf47\x1f\x22$\xc2\
^\x18\xe8\x81\x83e\xd8\xd2\xa1\xf0\xda\x0bu{\xefE\
\xd3\x89z\x0c\xa3\x17\x8b\xbb\x0e\xb4\xd6m\xe0\xf8\xeb\x01\
\xcb\x0f#\xf79n.\xaf<\xed=s2\x09{\x86\
9\xf9\xd8\x8fB3\x1d\xce3'c7\x99\x19\xedn\
\xe2&\xc6\x91\x0e\xdd\xe4\xdf\xae\xaec\xaee\x9c\xec\xdf\
t-s\x90F\xaee\x1a\xeeb\xd7\xba\xf8'(?\
t-]U\xba\x09;q\xc3\xff\xdd0\xd2\x04Q3\
\x0aN\x18\xc6\x0b\xab8J\xd5\xbb\xb5\x8b?R\xbb\x99\
\xc1\xa5\xff\xc9\xad\xbe\xfc\x06\xbfe\x0d\x99\
\x00\x01\x0d\xca\
\x89\
PNG\x0d\x0a\x1a\x0a\x00\x00\x00\x0dIHDR\x00\
\x00\x05\xdc\x00\x00\x05\xdc\x08\x02\x00\x00\x00\xb7W\xdb3\
\x00\x00\x04\xbeiTXtXML:com.\
adobe.xmp\x00\x00\x00\x00\x00<?\
xpacket begin=\x22\xef\
\xbb\xbf\x22 id=\x22W5M0MpCe\
hiHzreSzNTczkc9d\
\x22?>\x0a<x:xmpmeta x\
mlns:x=\x22adobe:ns\
:meta/\x22 x:xmptk=\
\x22XMP Core 5.5.0\x22\
>\x0a <rdf:RDF xmln\
s:rdf=\x22http://ww\
w.w3.org/1999/02\
/22-rdf-syntax-n\
s#\x22>\x0a  <rdf:Desc\
ription rdf:abou\
t=\x22\x22\x0a    xmlns:e\
xif=\x22http://ns.a\
dobe.com/exif/1.\
0/\x22\x0a    xmlns:ti\
ff=\x22http://ns.ad\
obe.com/tiff/1.0\
/\x22\x0a    xmlns:pho\
toshop=\x22http://n\
s.adobe.com/phot\
oshop/1.0/\x22\x0a    \
xmlns:xmp=\x22http:\
//ns.adobe.com/x\
ap/1.0/\x22\x0a    xml\
ns:xmpMM=\x22http:/\
/ns.adobe.com/xa\
p/1.0/mm/\x22\x0a    x\
mlns:stEvt=\x22http\
://ns.adobe.com/\
xap/1.0/sType/Re\
sourceEvent#\x22\x0a  \
 exif:PixelXDime\
nsion=\x221500\x22\x0a   \
exif:PixelYDimen\
sion=\x221500\x22\x0a   e\
xif:ColorSpace=\x22\
1\x22\x0a   tiff:Image\
Width=\x221500\x22\x0a   \
tiff:ImageLength\
=\x221500\x22\x0a   tiff:\
ResolutionUnit=\x22\
2\x22\x0a   tiff:XReso\
lution=\x22300/1\x22\x0a \
  tiff:YResoluti\
on=\x22300/1\x22\x0a   ph\
otoshop:ColorMod\
e=\x223\x22\x0a   photosh\
op:ICCProfile=\x22s\
RGB IEC61966-2.1\
\x22\x0a   xmp:ModifyD\
ate=\x222024-05-07T\
12:52:15+02:00\x22\x0a\
   xmp:MetadataD\
ate=\x222024-05-07T\
12:52:15+02:00\x22>\
\x0a   <xmpMM:Histo\
ry>\x0a    <rdf:Seq\
>\x0a     <rdf:li\x0a \
     stEvt:actio\
n=\x22produced\x22\x0a   \
   stEvt:softwar\
eAgent=\x22Affinity\
 Designer 2 2.4.\
1\x22\x0a      stEvt:w\
hen=\x222024-05-07T\
12:52:15+02:00\x22/\
>\x0a    </rdf:Seq>\
\x0a   </xmpMM:Hist\
ory>\x0a  </rdf:Des\
cription>\x0a </rdf\
:RDF>\x0a</x:xmpmet\
a>\x0a<?xpacket end\
=\x22r\x22?>\xf0}\xdd\xe2\x00\x00\x01\x80iC\
CPsRGB IEC61966-\
2.1\x00\x00(\x91u\x91\xbbK\x03A\x10\x87\xbf\
$\x86HT\x14\xb4Ha\x11$ZE\xd1\x08\xa2\x8d\
`D\xa2\x10Db\x04_\xcd\xe5\xf2\x12\xf28\xee\x12\
Dl\x05\xdb\x80\x82h\xe3\xab\xd0\xbf@[\xc1Z\x10\
\x14E\x10kkE\x1b\x95s.\x09$\x88\x99ev\
\xbe\xfd\xed\xce\xb0;\x0b\xf6hF\xcd\x1aM\x83\x90\xcd\
\x15\xf4H(\xe8]\x5cZ\xf6\xba^q\xe2\xc2M'\
\x1eE5\xb4\x89\xb9\xb90\x0d\xed\xf3\x01\x9b\x15\xef\xfa\
\xadZ\x8d\xcf\xfdk-\xf1\x84\xa1\x82\xadYx\x5c\xd5\
\xf4\x82\xf0\xb4px\xbd\xa0Y\xbc+\xdc\xa5\xa6\x95\xb8\
\xf0\xb9\xb0_\x97\x0b\x0a\xdf[z\xac\xc2\xaf\x16\xa7*\
\xfcm\xb1\x1e\x8dL\x82\xbdC\xd8\x9b\xaa\xe3X\x1d\xab\
i=+,/\xc7\x97\xcd\x14\xd5\xea}\xac\x97\xb4&\
r\x0b\xf3\x12{\xc4\xbb1\x88\x10\x22\x88\x97\x19\xa6\x98\
d\x84!\xc6d\x1e\xa1\x9f\x00\x03\xb2\xa2A\xfe`9\
\x7f\x96\xbc\xe4\xaa2kl\xa0\xb3F\x8a4\x05\xfc\xa2\
\x16\xa5zBbR\xf4\x84\x8c\x0c\x1bV\xff\xff\xf6\xd5\
H\x0e\x07*\xd5[\x83\xe0|1\xcd\xf7^p\xed\xc0\
O\xc94\xbf\x8eM\xf3\xe7\x04\x1c\xcfp\x95\xab\xe5\xe7\
\x8f`\xf4C\xf4RM\xf3\x1dB\xfb\x16\x5c\x5c\xd7\xb4\
\xd8\x1e\x5cn\x83\xe7ISt\xa5,9\xc4\xed\xc9$\
\xbc\x9dA\xdb\x12t\xde\x82{\xa5\xd2\xb3\xea>\xa7\x8f\
\x10\xdd\x94\xaf\xba\x81\xfd\x03\xe8\x93\xf3\xed\xab\xbf\x0b-\
g\xbc\x07\xb1o\x9e\x00\x00\x00\x09pHYs\x00\x00\
.#\x00\x00.#\x01x\xa5?v\x00\x00 \x00I\
DATx\x9c\xec\xddis\x9c\xe5\x996`uk\
\xb1$\xcb\x9blK^$\xcb\xd6\xd2\xdd\x82\x00!l\
ex\xc9:Ie\x99I%3?e\xfe\xc2\xd4|\
\x9a\x9f0U\x83\xd9&\x8b1f\x0f\x10B\x08a\x8b\
\x03as\xb7\x16\xcbZly\x11\xb2d\xcb\xd6.u\
\xbf\x1f\x94t\x1ez \x80-\xeb\xee\xe58>9W\
\x91pV\xa8`q\xe6\xba\xee\xa7\xaa\x0a\x00\x00\x00\x00\
\x00\x00\x00\x00\x00\x00\x00\x00\x00\x00\x00\x00\x00\x00\x00\x00\
\x00\x00\x00\x00\x00\x00\x00\x00\x00\x00\x00\x00\x00\x00\x00\x00\
\x00\x00\x00\x00\x00\x00\x00\x00\x00\x00\x00\x00\x00\x00\x00\x00\
\x00\x00\x00\x00\x00\x00\x00\x00\x00\x00\x00\x00\x00\x00\x00\x00\
\x00\x00\x00\x00\x00\x00\x00\x00\x00\x00\x00\x00\x00\x00\x00\x00\
\x00\x00\x00\x00\x00\x00\x00\x00\x00\x00\x00\x00\x00\x00\x00\x00\
\x00\x00\x00\x00\x00\x00\x00\x00\x00\x00\x00\x00\x00\x00\x00\x00\
\x00\x00\x00\x00\x00\x00\x00\x00\x00\x00\x00\x00\x00\x00\x00\x00\
\x00\x00\x00\x00\x00\x00\x00\x00\x00\x00\x00\x00\x00\x00\x00\x00\
\x00\x00\x00\x00\x00\x00\x00\x00\x00\x00\x00\x00\x00\x00\x00\x00\
\x00\x00\x00\x00\x00\x00\x00\x00\x00\x00\x00\x00\x00\x00\x00\x00\
\x00\x00\x00\x00\x00\x00\x00\x00\x00\x00\x00\x00\x00\x00\x00\x00\
\x00\x00\x00\x00\x00\x00\x00\x00\x00\x00\x00\x00\x00\x00\x00\x00\
\x00\x00\x00\x00\x00\x00\x00\x00\x00\x00\x00\x00\x00\x00\x00\x00\
\x00\x00\x00\x00\x00\x00\x00\x00\x00\x00\x00\x00\x00\x00\x00\x00\
\x00\x00\x00\x00\x00\x00\x00\x00\x00\x00\x00\x00\x00\x00\x00\x00\
\x00\x00\x00\x00\x00\x00\x00\x00\x00\x00\x00\x00\x00\x00\x00\x00\
\x00\x00\x00\x00\x00\x00\x00\x00\x00\x00\x00\x00\x00\x00\x00\x00\
\x00\x00\x00\x00\x00\x00\x00\x00\x00\x00\x00\x00\x00\x00\x00\x00\
\x00\x00\x00\x00\x00\x00\x00\x00\x00\x00\x00\x00\x00\x00\x00\x00\
\x00\x00\x00\x00\x00\x00\x00\x00\x00\x00\x00\x00\x00\x00\x00\x00\
\x00\x00\x00\x00\x00\x00\x00\x00\x00\x00\x00\x00\x00\x00\x00\x00\
\x00\x00\x00\x00\x00\x00\x00\x00\x00\x00\x00\x00\x00\x00\x00\x00\
\x00\x00\x00\x00\x00\x00\x00\x00\x00\x00\x00\x00\x00\x00\x00\x00\
\x00\x00\x00\x00\x00\x00\x00\x00\x00\x00\x00\x00\x00\x00\x00\x00\
\x00\x00\x00\x00\x00\x00\x00\x00\x00\x00\x00\x00\x00\x00\x00\x00\
\x00\x00\x00\x00\x00\x00\x00\x00\x00\x00\x00\x00\x00\x00\x00\x00\
\x00\x00\x00\x00\x00\x00\x00\x00\x00\x00\x00\x00\x00\x00\x00\x00\
\x00\x00\x00\x00\x00\x00\x00\x00\x00\x00\x00\x00\x00\x00\x00\x00\
\x00\x00\x00\x00\x00\x00\x00\x00\x00\x00\x00\x00\x00\x00\x00\x00\
\x00\x00\x00\x00\x00\x00\x00\x00\x00\x00\x00\x00\x00\x00\x00\x00\
\x00\x00\x00\x00\x00\x00\x00\x00\x00\x00\x00\x00\x00\x00\x00\x00\
\x00\x00\x00\x00\x00\x00\x00\x00\x00\x00\x00\x00\x00\x00\x00\x00\
\x00\x00\x00\x00\x00\x00\x00\x00\x00\x00\x00\x00\x00\x00\x00\x00\
\x00\x00\x00\x00\x00\x00\x00\x00\x00\x00\x00\x00\x00\x00\x00\x00\
\x00\x00\x00\x00\x00\x00\x00\x00\x00\x00\x00\x00\x00\x00\x00\x00\
\x00\x00\x00\x00\x00\x00\x00\x00\x00\x00\x00\x00\x00\x00\x00\x00\
\x00\x00\x00\x00\x00\x00\x00\x00\x00\x00\x00\x00\x00\x00\x00\x00\
\x00\x00\x00\x00\x00\x00\x00\x00\x00\x00\x00\x00\x00\x00\x00\x00\
\x00\x00\x00\x00\x00\x00\x00\x00\x00\x00\x00\x00\x00\x00\x00\x00\
\x00\x00\x00\x00\x00\x00\x00\x00\x00\x00\x00\x00\x00\x00\x00\x00\
\x00\x00\x00\x00\x00\x00\x00\x00\x00\x00\x00\x00\x00\x00\x00\x00\
\x00\x00\x00\x00\x00\x00\x00\x00\x00\x00\x00\x00\x00\x00\x00\x00\
\x00\x00\x00\x00\x00\x00\x00\x00\x00\x00\x00\x00\x00\x00\x00\x00\
\x00\x00\x00\x00\x00\x00\x00\x00\x00\x00\x00\x00\x00\x00\x00\x00\
\x00\x00\x00\x00\x00\x00\x00\x00\xca_u\xe8\x00\x00@\xa5\
\x8b\xc5b\x1d\x1d\x1d\xdb\xb6m\x9b\x99\x99\x09\x9d\x05\x00\
`\xe3\xc4B\x07\x00\x00*K}}}\x22\x91\xe8\xed\
\xedM\xfdM\x22\x91hll\xac\xaa\xaa\xbav\xedZ\
___\xe6o\xd2\xe9\xf4\xd0\xd0\xd0\xea\xeaj\xe8\xc8\
\x00\x007\x85R\x06\x00\xb8\x89v\xed\xda\x95\xef_\xd6\
~\xd1\xd1\xd1\x11\x8f\xc7\xbf\xe4\xbf}iiipp\
0\xdf\xd1d2\x99\xfe\xfe\xfe\x85\x85\x85\x9b\x9a\x19\x00\
`c(e\x00\x80\xf5\x11\x8f\xc7\x0f\x1d:\x14\xed_\
R\xa9\xd4\xce\x9d;\xd7\xf7\xcf\x92\xcdfGFF\xd6\
\x0a\x9a|Y\xe3\xee\x09\x00(EJ\x19\x00\xe0z4\
66&\x93\xc9\xe8\x15ROOO}}}\x900\
\xe7\xce\x9d\x8bn\xd3d2\x99\x8b\x17/\x06I\x02\x00\
\xf0\xe5)e\x00\x80/\xb6g\xcf\x9e|\xf9\xb2V\xc4\
\xb4\xb7\xb7\xc7b\xc5\xfb\x83\xc4\xf4\xf4t\xb4\xa3\xc9d\
2\xa3\xa3\xa3\xb9\x5c.t.\x00\x80\xbf+\xde\x9f\xa5\
\x00\x80 \xaa\xab\xab\xbb\xba\xba\xa2+0\xa9Tj\xfb\
\xf6\xed\xa1s\xdd\xa8\xd9\xd9\xd9\xfe\xfe\xfe\xe8B\xcd\xa9\
S\xa7VVVB\xe7\x02\x00*\x97R\x06\x00*\xda\
\x96-[\x0aV`\xba\xba\xba\xea\xea\xeaB\xe7\xda\x08\
\xcb\xcb\xcb\xa7N\x9d\x8a.\xd4\xf4\xf5\xf5\xcd\xcf\xcf\x87\
\xce\x05\x00T\x0a\xa5\x0c\x00T\x90\xfd\xfb\xf7\x17<\xc4\
\xbb\x7f\xff\xfe\xd0\xa1\x8aH6\x9b\x1d\x1d\x1d\x8d>!\
\x9c\xc9d._\xbe\x1c:\x17\x00P\x9e\x942\x00P\
\x9ejkk\xbb\xbb\xbb\x0b\xae\x90\xb6l\xd9\x12:W\
\xe9\xb9p\xe1B\xc1+\xc2\xe7\xcf\x9f\x0f\x1d\x0a\x00(\
\x07J\x19\x00(\x07\xdb\xb6m\xcb\xf7/k\xbf\xe8\xec\
\xec\xac\xa9\xa9\x09\x9d\xab<]\xbe|9\x13\x91N\xa7\
GGG\xb3\xd9l\xe8\x5c\x00@\x89Q\xca\x00@\x89\
\x89\xc5b\xed\xed\xed\xd1\x13\xa4T*\xb5g\xcf\x9e\xd0\
\xb9*\xda\xfc\xfc\xfc\xda+\xc2\xf9m\x9a\xc1\xc1\xc1\xe5\
\xe5\xe5\xd0\xb9\x00\x80\xa2\xa6\x94\x01\x80\xa2\xb6i\xd3\xa6\
D\x22\x11}\x8b7\x91Hl\xde\xbc9t.\xbe\xc0\
\xca\xca\xca\xd0\xd0P\xf4\x9b\xdc\x99Lfnn.t\
.\x00\xa0\x88(e\x00\xa0\x88477\xaf\xed\xbf\xe4\
\xb7`\x0e\x1e<X]]\x1d:\x17\xeb \x97\xcb\x8d\
\x8d\x8d\x15<O355\x15:\x17\x00\x10\x8cR\x06\
\x00\xc2\x88\xc7\xe3\x1d\x1d\x1d\xd1\x13\xa4\xde\xde\xde]\xbb\
v\x85\xce\xc5\x86\x9a\x98\x98\x88v4\x99Lf||\
<t(\x00`\x83(e\x00`#444$\x93\
\xc9\xe8C\xbc===\x0d\x0d\x0d\xa1sQt\xae\x5c\
\xb9\xd2\xd7\xd7\x17]\xa8\x19\x1e\x1e\xf6\x8a0\x00\x94%\
\xa5\x0c\x00\xac\xbf\x96\x96\x96\x82\x87x;::b1\
\xbf\xedr=\x16\x16\x16\x06\x06\x06\xa2\x0b5\x03\x03\x03\
KKK\xa1s\x01\x007\xcaO\x87\x00pC\xaa\xab\
\xab;;;\xa3'H\xc9d\xb2\xb9\xb99t.\xca\
\xd9\xea\xea\xea\xd0\xd0P\xf4\x9b\xdc}}}\xd7\xae]\
\x0b\x9d\x0b\x00\xf8j\x942\x00\xf0\x15l\xde\xbc9z\
\x82\x94J\xa5\xba\xbb\xbb7m\xda\x14:\x17\x95.\x97\
\xcb\x9d={\xb6\xe0\x15\xe1\xc9\xc9\xc9\xd0\xb9\x00\x80\x7f\
D)\x03\x00\x9fk\xef\xde\xbd\x05WHmmm\xae\
\x90(\x15\x93\x93\x93\xd1'\x84\xd3\xe9\xf4\xd9\xb3gC\
\x87\x02\x00\xfe\xce\x8f\x95\x00PUUUUSS\xd3\
\xdd\xdd\x1d\xdd\x82I&\x93\xdb\xb6m\x0b\x9d\x0b\xd6\xd3\
\xd5\xabW\x0b^\x11>}\xfa\xf4\xea\xeaj\xe8\x5c\x00\
P\xa1\x942\x00T\xa2\xad[\xb7\x16\xac\xc0tuu\
\xd5\xd6\xd6\x86\xce\x05\x1bmqqqpp0\xbaP\
\xd3\xdf\xdf\xbf\xb8\xb8\x18:\x17\x00T\x04\xa5\x0c\x00\xe5\
\xaf\xbd\xbd=\xfa\x10o*\x95\xda\xbbwo\xe8PP\
\xa4VWW\x87\x87\x87\x0b\x9e\xa7\xb9z\xf5j\xe8\x5c\
\x00P\x86\x942\x00\x94\x95\xba\xba\xba\x9e\x9e\x9e\x82+\
\xa4\xa6\xa6\xa6\xd0\xb9\xa0\xb4\x8d\x8f\x8fG;\x9aL&\
311\x11:\x14\x00\x94<\xa5\x0c\x00%l\xfb\xf6\
\xed\xbd\xbd\xbd\xd1+\xa4\xce\xce\xce\xea\xea\xea\xd0\xb9\xa0\
\xfc]\xbat)\xfa\x84p&\x939s\xe6L.\x97\
\x0b\x9d\x0b\x00J\x89R\x06\x80\xd2\x10\x8b\xc5:::\
\x0a\xae\x90ZZZB\xe7\x02\xfejvvv\xed\x15\
\xe1\xfcB\xcd\xd0\xd0\xd0\xca\xcaJ\xe8\x5c\x00P\xbc\x94\
2\x00\x14\xa3\xfa\xfa\xfaD\x22\x11}\x8b7\x91H4\
66\x86\xce\x05|\x05KKK\x83\x83\x83\xd1\x85\x9a\
\xfe\xfe\xfe\x85\x85\x85\xd0\xb9\x00\xa0X(e\x00\x08o\
\xd7\xae]\xd1\x13\xa4\xde\xde\xde\x8e\x8e\x8ex<\x1e:\
\x17\xb0\xce\xb2\xd9\xec\xc8\xc8H\xc1+\xc2W\xae\x5c\x09\
\x9d\x0b\x00\xc2P\xca\x00\xb0\xa1\xe2\xf1\xf8\xa1C\x87\xa2\
'H\xa9Tj\xe7\xce\x9d\xa1s\x01\xc1\x9c?\x7f>\
\xfa\x84p:\x9d\xbex\xf1b\xe8P\x00\xb0\x11\x942\
\x00\xdcD\x8d\x8d\x8d\xc9d2\xba\x05\xd3\xd3\xd3S_\
_\x1f:\x17P\xd4\xa6\xa7\xa7\x0b^\x11\x1e\x1d\x1d\xf5\
\x8a0\x00\xe5G)\x03\xc0\xba\xd9\xb3gO\xc1C\xbc\
\xed\xed\xed\xb1\x98\xdfk\x80\x1b577\xd7\xdf\xdf\x1f\
]\xa8\x19\x1c\x1c\xf4\x8a0\x00\xa5\xce\x0f\xca\x00\x5c\x8f\
\xea\xea\xea\xae\xae\xae\xe8\x09R2\x99\xdc\xb1cG\xe8\
\x5c@\xa5X^^>u\xeaT\xc1+\xc2sss\
\xa1s\x01\xc0W\xa0\x94\x01\xe0\x8bm\xd9\xb2%\x15\xd1\
\xdb\xdb\xdb\xd5\xd5UWW\x17:\x17\xc0\xdf\xe5r\xb9\
\xd1\xd1\xd1\xe8\x13\xc2\x99Lfzz:t.\x00\xf8\
\x5cJ\x19\x00\x0a\xed\xdf\xbf\xbf\xe0!\xde\xfd\xfb\xf7\x87\
\x0e\x05p=.\x5c\xb8P\xf0<\xcd\xf9\xf3\xe7C\x87\
\x02\x80\xbfR\xca\x00T\xb4\xda\xda\xda\xee\xee\xee\xe8C\
\xbc\xa9Tj\xcb\x96-\xa1s\x01\xdc,\x97/_\xee\
\xeb\xeb\x8b.\xd4\x8c\x8c\x8cd\xb3\xd9\xd0\xb9\x00\xa8D\
J\x19\x80\x0a\xb2m\xdb\xb6h\xff\xd2\xdb\xdb\xdb\xd9\xd9\
YSS\x13:\x17@H\xf3\xf3\xf3\xfd\xfd\xfd\xd1\x85\
\x9a\xc1\xc1\xc1\xe5\xe5\xe5\xd0\xb9\x00(\x7fJ\x19\x80\xf2\
\x14\x8b\xc5\xda\xdb\xdb\xa3'H\xa9Tj\xcf\x9e=\xa1\
s\x01\x94\x80\x95\x95\x95\xa1\xa1\xa1\xe8\xd1S__\xdf\
\xec\xecl\xe8\x5c\x00\x94\x1b\xa5\x0c@9\xd8\xb4iS\
\x22\x91\x88\xae\xc0$\x12\x89\xcd\x9b7\x87\xce\x05P&\
r\xb9\xdc\x993g\xa2O\x08\xa7\xd3\xe9\xa9\xa9\xa9\xd0\
\xb9\x00(mJ\x19\x80\xd2\xd3\xdc\xdc\xdc\xdb\xdb\x1b]\
\x819x\xf0`uuu\xe8\x5c\x00\x95ebb\xa2\
\xe0\x15\xe1\xf1\xf1\xf1\xd0\xa1\x00(%J\x19\x80\xa2\x16\
\x8f\xc7\x0f\x1e<\x18]\x81I\xa5R\xbbv\xed\x0a\x9d\
\x0b\x80\xcf033\xd3\xd7\xd7\x17]\xa89}\xfa\xb4\
W\x84\x01\xf8<J\x19\x80\x22\xd2\xd0\xd0\x90L&\xa3\
\x0f\xc1\xf4\xf4\xf4444\x84\xce\x05\xc0uZXX\
\x18\x18\x18\x88.\xd4\x0c\x0c\x0c,--\x85\xce\x05@\
QP\xca\x00\x04\xb3m\xdb\xb6\xaf\x7f\xfd\xeb\xd1-\x98\
\x03\x07\x0e\xc4b\xfe\xce\x0cP\xceVWWO\x9f>\
\x1d\xfd&\xf7\xfb\xef\xbf\xefcO\x00\x95\xc9\x8f\xfe\x00\
\xc1\xfc\xfb\xbf\xff\xfb\x7f\xfd\xd7\x7f\x85N\x01@`w\
\xdf}\xf7\xbb\xef\xbe\x1b:\x05\x00\x01\xc4C\x07\x00\x00\
\x00\x00\xa8DJ\x19\x00\x00\x00\x80\x00\x942\x00\x00\x00\
\x00\x01(e\x00\x00\x00\x00\x02P\xca\x00\x00\x00\x00\x04\
\xa0\x94\x01\x00\x00\x00\x08@)\x03\x00\x00\x00\x10\x80R\
\x06\x00\x00\x00 \x00\xa5\x0c\x00\x00\x00@\x00J\x19\x00\
\x00\x00\x80\x00\x942\x00\x00\x00\x00\x01(e\x00\x00\x00\
\x00\x02P\xca\x00\x00\x00\x00\x04\xa0\x94\x01\x00\x00\x00\x08\
@)\x03\x00\x00\x00\x10\x80R\x06\x00\x00\x00 \x00\xa5\
\x0c\x00\x00\x00@\x00J\x19\x00\x00\x00\x80\x00\x942\x00\
\x00\x00\x00\x01(e\x00\x00\x00\x00\x02P\xca\x00\x00\x00\
\x00\x04\xa0\x94\x01\x00\x00\x00\x08@)\x03\x00\x00\x00\x10\
\x80R\x06\x00\x00\x00 \x80\x9a\xd0\x01\x00\x80J\x97\xcd\
f\x87\x87\x87\xd3\xe9\xf4\xc9\x93'\xd3\xe9t:\x9d>\
}\xfat[[[*\x95\xea\xfd\x9bd2Y__\
\x1f:)\x00\xc0zR\xca\x00\x00\x1bjuuuh\
h(\xfd7'O\x9e\xec\xeb\xeb[XX(\xf8\xc3\
\xa6\xa7\xa7?\xfa\xe8\xa3\xfc\xbf\x8c\xc7\xe3\x1d\x1d\x1d\xf9\
\x8ef\xad\xafinn\xde\xd8\xec\x00\x00\xebI)\x03\
\x00\xdcD+++\xa7N\x9d\x8an\xc1\xf4\xf7\xf7/\
..~\xd5\xff\x9c\xb5m\x9a\xe1\xe1\xe1\xe7\x9f\x7f>\
?lii\xc9\x174k\xda\xdb\xdb\xd75>\x00\xc0\
M\xa4\x94\x01\x00\xd6\xcd\xf2\xf2\xf2\xc0\xc0@t\x0bf\
```yy\xf9&\xfd\xe9&&&&&&^\
{\xed\xb5\xfc\xa4\xa9\xa9)\x99LF\x17j\xba\xbb\xbb\
kkkoR\x00\x00\x80\x1b\xa1\x94\x01\x00\xae\xd3\xe2\
\xe2b\xbe\x82Y[\x84\x19\x1c\x1c\x5cYY\x09\x18\xe9\
\xda\xb5k\xef\xbe\xfb\xee\xbb\xef\xbe\x9b\x9f\xd4\xd6\xd6v\
uuE\x8f\x9eR\xa9TSSS\xc0\x90\x00\x00k\
\x942\x00\xc0\x97\xb2\xb0\xb0\xd0\xdf\xdf\x9f\xbfBJ\xa7\
\xd3\xa7N\x9dZ]]\x0d\x9d\xeb\x0b,//\xf7\xf5\
\xf5\xf5\xf5\xf5=\xf9\xe4\x93k\x93X,V\xf0\x8ap\
*\x95jmm\x0d\x9b\x13\x00\xa8@J\x19\x00\xe03\
\xcc\xcd\xcd\xf5\xf5\xf5E\xb7`N\x9f>\x9d\xcdfC\
\xe7Z\x07\xb9\x5c\xee\xcc\x993g\xce\x9cy\xf9\xe5\x97\
\xf3\xc3\x1d;vD\xb7iz{{\x0f\x1e<\x18\x8f\
\xc7\x03\xe6\x04\x00\xca\x9eR\x06\x00\xa8\x9a\x9d\x9d\xcdd\
2\xd1-\x98\x91\x91\x91\xf2\xa8`\xbe\xa4\xe9\xe9\xe97\
\xdf|\xf3\xcd7\xdf\xccO\xea\xeb\xeb\x93\xc9dt\xa1\
\xa6\xa7\xa7\xc7g\xb9\x01\x80u\xa4\x94\x01\x80\x8a33\
3\x93\xc9d\xa2[0ccc\xb9\x5c.t\xae\xe2\
\xb2\xb0\xb0\xf0\xc1\x07\x1f|\xf0\xc1\x07\xf9I<\x1e?\
t\xe8P\xc1B\xcd\xf6\xed\xdb\x03\x86\x04\x00J\x9aR\
\x06\x00\xca\xdc\x95+W\xa2\xfdK:\x9d>s\xe6L\
\xe8P%)\x9b\xcd\x0e\x0d\x0d\x0d\x0d\x0d=\xfb\xec\xb3\
\xf9\xe1\x9e={\x0a\x9e\xa7ikk\x0b\x18\x12\x00(\
!J\x19\x00(+\xd3\xd3\xd3\xd1+\xa4\x93'O\x9e\
;w.t\xa8rv\xe1\xc2\x85\x0b\x17.\xfc\xfe\xf7\
\xbf\xcfO\xb6l\xd9\x92\xafi\xd6~\xd1\xd5\xd5US\
\xe3\x87.\x00\xa0\x90\x9f\x0f\x00\xa0\x84MNN\x16l\
\xc1\x5c\xb8p!t\xa8Jw\xf5\xea\xd5\x13'N\x9c\
8q\x22?\xa9\xad\xad\xed\xe9\xe9\x89.\xd4$\x93\xc9\
\xcd\x9b7\x07\x0c\x09\x00\x14\x03\xa5\x0c\x00\x94\x8c\x89\x89\
\x89\x82-\x98O>\xf9$t(\xbe\xd8\xf2\xf2\xf2\xda\
_\xb2\xfc$\x16\x8b\xb5\xb7\xb7\x17<O\xb3{\xf7\xee\
\x80!\x01\x80\x8d\xa7\x94\x01\x80\x22u\xfe\xfc\xf9h\xff\
\x92N\xa7/]\xba\x14:\x14\xeb#\x97\xcb\x8d\x8d\x8d\
\x8d\x8d\x8d\xbd\xf8\xe2\x8b\xf9\xe1\xce\x9d;\xa3\xdb4\xbd\
\xbd\xbd\x1d\x1d\x1d\xb1X,`N\x00\xe0\xa6R\xca\x00\
@Q\x18\x1f\x1f\x8f^!\xa5\xd3\xe9\xe9\xe9\xe9\xd0\xa1\
\xd8P\x97.]z\xe3\x8d7\xdex\xe3\x8d\xfc\xa4\xa1\
\xa1!\x99LF\x17j\x12\x89D]]]\xc0\x90\x00\
\xc0:R\xca\x00@\x00ccc\x05[0333\
\xa1CQt\xe6\xe7\xe7\xdf\x7f\xff\xfd\xf7\xdf\x7f??\
\xa9\xae\xae\xee\xec\xec,\xf8\xde\xd3\xb6m\xdb\x02\x86\x04\
\x00\xae\x9bR\x06\x00n\xae\x5c.7::\x1a\xdd\x82\
\xc9d2W\xaf^\x0d\x9d\x8b\x92\xb4\xba\xba:88\
888\xf8\xcc3\xcf\xe4\x87{\xf7\xee\x8dv4\xbd\
\xbd\xbd\xfb\xf6\xed\x0b\x18\x12\x00\xf8\x92\x942\x00\xb0\x9e\
\xb2\xd9\xec\xf0\xf0pt\x0b&\x93\xc9\xcc\xcd\xcd\x85\xce\
E9;\x7f\xfe\xfc\xf9\xf3\xe7\x7f\xf7\xbb\xdf\xe5'\xdb\
\xb6mK\xa5R\xd1\x85\x9a\xce\xce\xce\xea\xea\xea\x80!\
\x01\x80\xffK)\x03\x00\xd7ouu\xf5\xf4\xe9\xd3\xd1\
-\x98\xbe\xbe\xbe\xf9\xf9\xf9\xd0\xb9\xa8tW\xae\x5cy\
\xe7\x9dw\xdey\xe7\x9d\xfc\xa4\xae\xae\xae\xa7\xa7'\xba\
M\x93L&\x1b\x1b\x1b\x03\x86\x04\x00\x942\x00\xf0e\
\xad\xac\xac\x9c:u*\xba\x05\xd3\xdf\xdf\xbf\xb8\xb8\x18\
:\x17|\xb1\xa5\xa5\xa5\x93'O\x9e<y2?\x89\
\xc5b\x1d\x1d\x1d\xd1or\xf7\xf6\xf6\xee\xdc\xb93`\
H\x00\xa84J\x19\x00\xf8l\xcb\xcb\xcb\x83\x83\x83\xd1\
\xb7x\x07\x06\x06\x96\x96\x96B\xe7\x82\xf5\x91\xcb\xe5F\
FFFFF^x\xe1\x85\xfcp\xd7\xae]\x05\xcf\
\xd3\x1c8p\xc0g\xb9\x01\xe0&Q\xca\x00@UU\
U\xd5\xd2\xd2\xd2\xc0\xc0@\xf4\x8b\xd4\x83\x83\x83\xcb\xcb\
\xcb\xa1s\xc1\x86\x9a\x9c\x9c|\xfd\xf5\xd7_\x7f\xfd\xf5\
\xfcd\xf3\xe6\xcd\xc9d2\xbaM\xd3\xd3\xd3S[[\
\x1b0$\x00\x94\x0d\xa5\x0c\x00\x95haa\xa1\xbf\xbf\
?\xba\x05s\xea\xd4\xa9\xd5\xd5\xd5\xd0\xb9\xa0\xe8\xcc\xce\
\xce\xbe\xf7\xde{\xef\xbd\xf7^~RSS\xd3\xd9\xd9\
Y\xb0P\xb3e\xcb\x96\x80!\x01\xa0D)e\x00(\
\x7f\xf3\xf3\xf3}}}\xd1-\x98\xd3\xa7O\xab`\xe0\
\xfa\xac\xac\xac\x0c\x0c\x0c\x0c\x0c\x0c<\xf5\xd4S\xf9\xe1\
\xfe\xfd\xfb\x0b\x9e\xa7\xd9\xb3gO\xc0\x90\x00P\x12\x94\
2\x00\x94\x9b\xd9\xd9\xd9L&\x13\xdd\x82\x19\x19\x19\xc9\
f\xb3\xa1sA9\x1b\x1f\x1f\x1f\x1f\x1f\xff\xedo\x7f\
\x9b\x9fl\xdf\xbe=\xdf\xd1\xac\xfd\xe2\xd0\xa1C>\xcb\
\x0d\x00QJ\x19\x00J\xdb\xd5\xabW3\x99Lt\x0b\
ftt4\x97\xcb\x85\xce\x05\x95\xee\xf2\xe5\xcbo\xbf\
\xfd\xf6\xdbo\xbf\x9d\x9fl\xda\xb4)\x91HD\xb7i\
\x12\x89DCCC\xc0\x90\x00\x10\x96R\x06\x80Rr\
\xe5\xca\x95t\xc4\xc9\x93'\xcf\x9c9\x13:\x14\xf0\xa5\
,..~\xf4\xd1G\x1f}\xf4Q~\x12\x8f\xc7\xd7\
>\xcb\x1d]\xa8inn\x0e\x18\x12\x006\x92R\x06\
\x80\xe25==\x1d\xbdBJ\xa7\xd3\xe3\xe3\xe3\xa1C\
\x01\xeb&\x9b\xcd\x0e\x0f\x0f\x0f\x0f\x0f?\xff\xfc\xf3\xf9\
aKKK\xc1\xf34mmm>\xcb\x0d@YR\
\xca\x00P,.]\xba\x14\xbdB:y\xf2\xe4\x85\x0b\
\x17B\x87\x026\xda\xc4\xc4\xc4\xc4\xc4\xc4k\xaf\xbd\x96\
\x9f455%\x93\xc9\xe86Mww\xb7\xcfr\x03\
P\x06\x942\x00\x84111Q\xb0\x05311\x11\
:\x14P\x8c\xae]\xbb\xf6\xee\xbb\xef\xbe\xfb\xee\xbb\xf9\
IMMMwwwt\x9b&\x95J555\x05\
\x0c\x09\x00\xd7A)\x03\xc0F\xb8p\xe1B\xc1\x16\xcc\
\xa5K\x97B\x87\x02J\xd5\xca\xcaJ_____\
\xdf\xf1\xe3\xc7\xf3\xc3\xb6\xb6\xb6\x82\xe7iZ[[\x03\
\x86\x04\x80/\xa4\x94\x01`\xfd\x8d\x8f\x8f\x17l\xc1L\
OO\x87\x0e\x05\x94\xb9\xb3g\xcf\x9e={\xf6\xe5\x97\
_\xceOv\xec\xd8Q\xf0<\xcd\xc1\x83\x07\xe3\xf1x\
\xc0\x90\x00\x10\xa5\x94\x01\xe0F\x9d9s&\xda\xbf\xa4\
\xd3\xe9+W\xae\x84\x0e\x05P5==\xfd\xe6\x9bo\
\xbe\xf9\xe6\x9b\xf9I}}}\x22\x91\x88.\xd4$\x12\
\x89\xfa\xfa\xfa\x80!\x01\xa8dJ\x19\x00\xbe\x82\x5c.\
7::\x1a\xbdB\xcad2W\xaf^\x0d\x9d\x0b\xe0\
KYXX\xf8\xf0\xc3\x0f?\xfc\xf0\xc3\xfc$\x1e\x8f\
\x1f:t\xa8`\xa1f\xfb\xf6\xed\x01C\x02P9\x94\
2\x00|\xael6;22\x12\xdd\x82\xc9d2\xb3\
\xb3\xb3\xa1s\x01\xac\x9bl6;44444\xf4\
\xec\xb3\xcf\xe6\x87\xad\xad\xad\x05\xcf\xd3\xb4\xb5\xb5\x05\x0c\
\x09@\xb9R\xca\x00\xf0Wk\xffd\x12\xdd\x82\xe9\xeb\
\xeb\x9b\x9f\x9f\x0f\x9d\x0b`\xa3]\xbcx\xf1\xe2\xc5\x8b\
\xbf\xff\xfd\xef\xf3\x93-[\xb6\xa4R\xa9\xe86MW\
WWM\x8d\x9f\xa5\x01\xb8!~#\x01\xa8P++\
+k\x15L~\x0b\xa6\xbf\xbf\x7faa!t.\x80\
bt\xf5\xea\xd5\x13'N\x9c8q\x22?\xa9\xad\xad\
\xed\xee\xee\x8en\xd3\xa4R\xa9\xcd\x9b7\x07\x0c\x09@\
\xc9Q\xca\x00T\x84\xe5\xe5\xe5\xc1\xc1\xc1tD\x7f\x7f\
\xff\xd2\xd2R\xe8\x5c\x00\xa5jyy9\x93\xc9d2\
\x99\xfc$\x16\x8b\xb5\xb7\xb7G\xb7iz{{w\xef\
\xde\x1d0$\x00EN)\x03P\x86\x96\x96\x96\x06\x06\
\x06\xa2[0\x83\x83\x83\xcb\xcb\xcb\xa1s\x01\x94\xb3\x5c\
.766666\xf6\xd2K/\xe5\x87\xcd\xcd\xcd\
\x05\xcf\xd3ttt\xf8,7\x00k\x942\x00%o\
qq\xb1\xaf\xaf/\xfa\x16\xcc\xd0\xd0\xd0\xca\xcaJ\xe8\
\x5c\x00TMMM\xbd\xf1\xc6\x1bo\xbc\xf1F~\xd2\
\xd0\xd0\x90L&\xa3\x0b5Js\x80\x8a\xa5\x94\x01(\
1\xf3\xf3\xf3k\x15L~\x0b\xe6\xf4\xe9\xd3\xab\xab\xab\
\xa1s\x01\xf0\xa5\xcc\xcf\xcf\xbf\xff\xfe\xfb\xef\xbf\xff~\
\xe8 \x00\x84\xa7\x94\x01(j\xb3\xb3\xb3\x99L&\xba\
\x05322\x92\xcdfC\xe7\x02\x00\x00n\x94R\x06\
\xa0\x88\x5c\xbdz5\x93\xc9\xe4W`\xd2\xe9\xf4\xe8\xe8\
h.\x97\x0b\x9d\x0b\x00\x00X\x7fJ\x19\x80`\xae]\
\xbb\xf6\xd6[oE\xb7`\xce\x9c9\x13:\x14\x00\x00\
\x00\x00\x00\x00\x00\x00\x00\x00\x00\x00\x00\x00\x00\x00\x00\x00\
\x00\x00\x00\x00\x00\x00\x00\x00\x00\x00\x00\x00\x00\x00\x00\x00\
\x00\x00\x00\x00\x00\x00\x00\x00\x00\x00\x00\x00\x00\x00\x00\x00\
\x00\x00\x00\x00\x00\x00\x00\x00\x00\x00\x00\x00\x00\x00\x00\x00\
\x00\x00\x00\x00\x00\x00\x00\x00\x00\x00\x00\x00\x00\x00\x00\x00\
\x00\x00\x00\x00\x00\x00\x00\x00\x00\x00\x00\x00\x00\x00\x00\x00\
\x00\x00\x00\x00\x00\x00\x00\x00\x00\x00\x00\x00\x00\x00\x00\x00\
\x00\x00\x00\x00\x00\x00\x00\x00\x94\x82\xba\xba\xba\xd0\x11\xae\
S\xe9&\x07\x00\xcaL,t\x00\x00\xa0\x04\xb4\xb7\xb7\
\xf7\xf6\xf6\xa6\x22>\xfc\xf0\xc3\x1f\xfe\xf0\x87\xa1s]\
\x8f\xff\xfe\xef\xff\xfe\xd9\xcf~6\xf0i\x83\x83\x83\xf3\
\xf3\xf3\xa1\xa3\x01\x00\x95\xa5&t\x00\x00\xa0\xb8l\xda\
\xb4\xa9\xa7\xa7g\xadyY+b\x12\x89DSSS\
\xc1\x1f\xf6\xd1G\x1f\x05\x89w\xe3b\xb1\xd8\xce\x9d;\
\x0f\x1f>|\xf8\xf0\xe1\xfc0\x97\xcb\x9d={v`\
`\xa0\xbf\xbf?\xdf\xd4\x8c\x8c\x8c\xac\xae\xae\x06\x8c\x0a\
\x00\x947\xa5\x0c\x00T\xb4\xe6\xe6\xe6\xe8\x0aLoo\
\xef\xc1\x83\x07\xab\xab\xabC\xe7\xdah\xb1X\xac\xbd\xbd\
\xbd\xbd\xbd\xfd{\xdf\xfb^~\xb8\xb4\xb4t\xfa\xf4\xe9\
\x82\x9d\x9a\xf3\xe7\xcf\x07\xcc\x09\x00\x94\x13\xa5\x0c\x00T\
\x8ax<~\xf0\xe0\xc1\xd4\xa7\xed\xde\xbd;t\xae\xe2\
UWW\xb7\xf6\xdfRt833388X\xd0\
\xd4\xcc\xcc\xcc\x84\x0a\x09\x00\x94.\xa5\x0c\x00\x94\xa7\x86\
\x86\x86d2\x19\xdd\x82\xe9\xe9\xe9ihh\x08\x9d\xab\
\xe4m\xdd\xba\xf5\xae\xbb\xee\xba\xeb\xae\xbb\xa2\xc3\x8b\x17\
/\xae\xb53\xf9\xeb\xa7\xa1\xa1\xa1\xa5\xa5\xa5P!\x01\
\x80\x92\xa0\x94\x01\x80r\xd0\xda\xda\x1a=AJ\xa5R\
\x07\x0e\x1c\x88\xc5\xbc\xe8\xbfAZ[[[[[\x1f\
|\xf0\xc1\xfcduuutt\xb4`\xa1fll\
,\x97\xcb\x05\xcc\x09\x00\x14\x15\xa5\x0c\x00\x94\x98\xea\xea\
\xea\xae\xae\xae\x82+\xa4\x1d;v\x84\xce\xc5\xa7TW\
WwvvvvvF\xbfQ5??\x7f\xea\xd4\
\xa9\x82\xa6frr2`N\x00  \xa5\x0c\x00\x14\
\xb5\xa6\xa6\xa6\xfc\xf2\xcb\x9a\xee\xee\xee\xba\xba\xba\xd0\xb9\
\xb8\x1e\x0d\x0d\x0d\xb7\xddv\xdbm\xb7\xdd\x16\x1dNM\
M\xe5\x1f\xa9Y\xbb~\x1a\x1c\x1c\x9c\x9b\x9b\x0b\x15\x12\
\x00\xd80J\x19\x00(\x22\xfb\xf7\xef\x8f\x9e \xa5R\
\xa9\xfd\xfb\xf7\x87\x0e\xc5\xcd\xd5\xdc\xdc|\xdf}\xf7\xdd\
w\xdf}\xf9I.\x97\x1b\x1f\x1f/X\xa8\x19\x1e\x1e\
^YY\x09\x98\x13\x00XwJ\x19\x00\x08\xa3\xb6\xb6\
\xb6\xa7\xa7'\xfa\x10L2\x99\xdc\xb2eK\xe8\x5c\x84\
\x17\x8b\xc5\xda\xda\xda\xda\xda\xda\xbe\xfb\xdd\xef\xe6\x87\xcb\
\xcb\xcb\xc3\xc3\xc3\xf9\x87\x84\xd7\x9c;w.`N\x00\
\xe0\x06)e\x00`#l\xdf\xbe=z\x82\x94J\xa5\
:;;kj\xfcF\xcc\x97U[[\x9bH$\x12\
\x89Dtx\xed\xda\xb5\xe8\xf7\xb9\xd7*\x9b+W\xae\
\x84\x0a\x09\x00|%~\x16\x04\x80u\x16\x8b\xc5\x0e\x1c\
8P\xf0\x10Lkkk\xe8\x5c\x94\xa1\xa6\xa6\xa6;\
\xef\xbc\xf3\xce;\xef\x8c\x0e'&&\x0aN\x9fN\x9d\
:\xb5\xb8\xb8\x18*$\x00\xf0y\x942\x00pC\xea\
\xeb\xeb\x13\x89D\xf4!\x98D\x22\xd1\xd8\xd8\x18:\x17\
\x95\xab\xa5\xa5\xa5\xa5\xa5\xe5\xff\xfd\xbf\xff\x97\x9fd\xb3\
\xd9\xb1\xb1\xb1\xfc*M\xfe\xfb\xdc\xd9l6`N\x00\
@)\x03\x00_\xc1\xae]\xbb\xa2\xfb/\xbd\xbd\xbd\x1d\
\x1d\x1d\xf1x<t.\xf8G\xe2\xf1\xf8\xc1\x83\x07\x0f\
\x1e<\xf8\x83\x1f\xfc ?\x5cXX\x18\x1a\x1a\x8a.\
\xd4\xf4\xf7\xf7\x7f\xf2\xc9'\x01s\x02@\xa5Q\xca\x00\
\xc0g\x8b\xc7\xe3\x87\x0e\x1d*x\x08f\xe7\xce\x9d\xa1\
s\xc1\xfa\xa8\xaf\xaf\xbf\xf5\xd6[o\xbd\xf5\xd6\xe8p\
zz:\xfaH\xcd\x9a\xd9\xd9\xd9P!\x01\xa0\xbc)\
e\x00\xa0\xaa\xaa\xaaj\xf3\xe6\xcd\xc9d2\xfa\x10L\
OO\xcf\xa6M\x9bB\xe7\x82\x0d\xb5c\xc7\x8e{\xef\
\xbd\xf7\xde{\xef\x8d\x0e\xcf\x9d;\x17}Hx``\
\xe0\xf4\xe9\xd3\xbe\xcf\x0d\x007N)\x03@%\xda\xbb\
wo\xf4\x04)\x95J\xb5\xb5\xb5\xc5b\xb1\xd0\xb9\xa0\
\x18\xed\xdb\xb7o\xdf\xbe}\xdf\xfe\xf6\xb7\xf3\x93\x95\x95\
\x95\xe1\xe1\xe1\x82\x85\x9a\xb3g\xcf\x86\xcb\x08\x00%I\
)\x03@\x99\xab\xa9\xa9\xe9\xee\xeeN}\xda\xb6m\xdb\
B\xe7\x82\x12VSS\xd3\xd3\xd3\xd3\xd3\xd3\xf3\x93\x9f\
\xfc$?\x9c\x9d\x9d-8}\xea\xef\xef\xbf|\xf9r\
\xc0\x9c\x00P\xe4\x942\x00\x94\x95\xad[\xb7F\xf7_\
R\xa9TWWWmmm\xe8\x5cP\xfe6o\xde\
\xfc\xf5\xaf\x7f\xfd\xeb_\xffzt899\x19\xedh\
\xd6\xbe\xcf\xbd\xb0\xb0\x10*$\x00\x14\x15\xa5\x0c\x00%\
\xac\xbd\xbd\xbd\xe0\x0ai\xef\xde\xbd\xa1C\x01\x7f\xb7k\
\xd7\xae]\xbbv\xdd\x7f\xff\xfd\xf9I6\x9b=s\xe6\
L\xc1\xe9\xd3\xc8\xc8\x88\xefs\x03P\x81\x942\x00\x94\
\x86\xba\xba\xbaD\x22\x11=AJ&\x93MMM\xa1\
s\x01_M<\x1e\xef\xe8\xe8\xe8\xe8\xe8\xf8\xfe\xf7\xbf\
\x9f\x1f...\x16|\x9f{``\xe0\xe2\xc5\x8b\x01\
s\x02\xc0\x06P\xca\x00P\x8c\x9a\x9b\x9b\x0b\xbeE}\
\xe8\xd0\xa1\xea\xea\xea\xd0\xb9\x80\x9bb\xd3\xa6M\xb7\xdc\
r\xcb-\xb7\xdc\x12\x1d^\xb9r%\xfaH\xcd\xda\xf5\
\xd3\xb5k\xd7B\x85\x04\x80u\xa7\x94\x01 \xb0\xb5\xff\
\xdb\xbc\xe0!\x98\xdd\xbbw\x87\xce\x05\x04\xb6m\xdb\xb6\
\xbb\xef\xbe\xfb\xee\xbb\xef\x8e\x0e\xcf\x9f?_\xb0P3\
44\xb4\xbc\xbc\x1c*$\x00\xdc\x08\xa5\x0c\x00\x1b\xaa\
\xa1\xa1!\x99LF\x1f\x82\xe9\xe9\xe9ihh\x08\x9d\
\x0b(\x0d{\xf7\xee\xdd\xbbw\xef\xb7\xbe\xf5\xad\xfcd\
uuudddm\x8f&\xfa}\xee\x5c.\x170\
'\x00|\x19J\x19\x00n\xa2\x96\x96\x96\x82+\xa4\x8e\
\x8e\x8eX,\x16:\x17P>\xaa\xab\xab\xbb\xba\xba\xba\
\xba\xba~\xfc\xe3\x1f\xe7\x87sss\xa7N\x9d*\xf8\
>\xf7\xd4\xd4T\xc0\x9c\x00\xf0\x7f)e\x00X\x1f\xd5\
\xd5\xd5\x9d\x9d\x9d\xd1\x13\xa4d2\xd9\xdc\xdc\x1c:\x17\
P\x89\x1a\x1b\x1bo\xbf\xfd\xf6\xdbo\xbf=:\xbct\
\xe9R\xc1\xe9\xd3\xe0\xe0\xe0\xfc\xfc|\xa8\x90\x00\xa0\x94\
\x01\xe0z455\x15|\x8b\xba\xbb\xbb\xbb\xae\xae.\
t.\x80\xcf\xb5s\xe7\xce\xc3\x87\x0f\x1f>|8?\
\xc9\xe5rg\xcf\x9e\xcd\xbf\x22\x9c\xff>\xf7\xea\xeaj\
\xc0\x9c\x00T\x0e\xa5\x0c\x00_l\xff\xfe\xfd\xd1\x13\xa4\
\xde\xde\xde\xfd\xfb\xf7\x87\x0e\x05p\xa3b\xb1X{{\
{{{\xfb\xf7\xbe\xf7\xbd\xfcpii\xe9\xf4\xe9\xd3\
\x05;5\xe7\xcf\x9f\x0f\x98\x13\x80r\xa5\x94\x01\xe0S\
jkk\xbb\xbb\xbb\xa3\x0f\xc1$\x93\xc9\xad[\xb7\x86\
\xce\x05\xb0A\xea\xea\xea\xd6\xfe\xee\x17\x1d\xce\xcc\xccD\
\xbf\xcf\xbdfff&TH\x00\xca\x83R\x06\xa0\xa2\
m\xdb\xb6m\xad\x7f\xc9\xb70\x9d\x9d\x9d55~w\
\x00\xf8\x94\xad[\xb7\xdeu\xd7]w\xdduWtx\
\xf1\xe2\xc5\xfc+\xc2\xf9\xefs/--\x85\x0a\x09@\
\xc9\xf1c7@\xa5\x88\xc5b\x07\x0e\x1c(\xb8Bj\
mm\x0d\x9d\x0b\xa0T\xb5\xb6\xb6\xb6\xb6\xb6>\xf8\xe0\
\x83\xf9\xc9\xea\xea\xea\xe8\xe8h\xc1B\xcd\xd8\xd8\x98\xef\
s\x03\xf0\x99\x942\x00\xe5\xa9\xbe\xbe>\x91HD+\
\x98d2\xd9\xd8\xd8\x18:\x17@9[\xfb\x0e]g\
g\xe7\x0f\x7f\xf8\xc3\xfcp~~\xbe\xe0\xfb\xdc\x03\x03\
\x03\x93\x93\x93\x01s\x02P$\x942\x00\xe5`\xe7\xce\
\x9d\xbd\xbd\xbd\xd1\x87`\x0e\x1e<\x18\x8f\xc7C\xe7\x02\
\xa0\xaa\xa1\xa1\xe1\xb6\xdbn\xbb\xed\xb6\xdb\xa2\xc3\xa9\xa9\
\xa9\xb5Gj2\x99L&\x93I\xa7\xd3CCC\xbe\
\xfa\x04Pi\x942\x00%&\x1e\x8f\x1f:t(\xfa\
-\xeaT*\xb5s\xe7\xce\xd0\xb9\x00\xf8\x0a\x9a\x9b\x9b\
\xef\xbb\xef\xbe\xfb\xee\xbb/?Y\x5c\x5c\x1c\x1c\x1cL\
\xffM&\x93\x19\x18\x18\xf0B\x0d@yS\xca\x00\x14\
\xb5\xc6\xc6\xc6\x82W`\xba\xbb\xbb\xeb\xeb\xebC\xe7\x02\
`\x9dm\xda\xb4\xe9k_\xfb\xda\xd7\xbe\xf6\xb5\xfcd\
eeehhh\xad\xa0Ykj\xfa\xfa\xfa\xe6\xe7\
\xe7\x03\x86\x04`})e\x00\x8a\xc8\x9e={\xa2'\
H\xa9T\xaa\xbd\xbd=\x16\x8b\x85\xce\x05@\x0055\
5\xc9d2\x99L\xfe\xfc\xe7?_\x9bd\xb3\xd9\x91\
\x91\x91|G\xb3\xd6\xd7\x5c\xbdz5lN\x00\xae\x9b\
R\x06 \x8c\x9a\x9a\x9a\xae\xae\xae\xe8\x09R2\x99\xdc\
\xbe}{\xe8\x5c\x00\x14\xafx<\xbe\xf6\x90\xf0O~\
\xf2\x93\xfc\xf0\xec\xd9\xb3\xf9\x82&\x9dN\x9f<yr\
zz:`H\x00\xbe<\xa5\x0c\xc0F\xd8\xbauk\
\xf4\x04)\x95Juuu\xd5\xd6\xd6\x86\xce\x05@\xc9\
kkkkkk\xfb\xc1\x0f~\x90\x9f\x5c\xbcx1\
z\xf4\x94N\xa7/^\xbc\x180!\x00\x9fG)\x03\
\xb0\xfe\xda\xdb\xdb\x0b\x1e\x82\xd9\xbbwo\xe8P\x00T\
\x8a\xd6\xd6\xd6\xd6\xd6\xd6\xef|\xe7;\xf9\xc9\xd4\xd4T\
\xc1\xd1\xd3\x993g\x02&\x04`\x8dR\x06\xe0\x86\xd4\
\xd5\xd5\xf5\xf4\xf4D\x1f\x82I&\x93MMM\xa1s\
\x01\xc0\xdf577?\xf0\xc0\x03\x0f<\xf0@~2\
33\xd3\xd7\xd7\x17]\xa8\x19\x1e\x1e\xce\xe5r\x01C\
\x02T \xa5\x0c\xc0W\xb0c\xc7\x8e\xb5\xfe%\xdf\xc2\
\x1c:t\xa8\xba\xba:t.\x00\xf8j\xb6n\xddz\
\xef\xbd\xf7\xde{\xef\xbd\xf9\xc9\xdc\xdc\x5c\x7f\x7f\x7ft\
\xa1fhhhee%`H\x80\xb2\xa7\x94\x01\xf8\
l\xf1x\xbc\xa3\xa3\xa3\xe0!\x98\xdd\xbbw\x87\xce\x05\
\x007Ecc\xe3\x9dw\xdey\xe7\x9dw\xe6'K\
KK\x83\x83\x83\xd1W\x84\xfb\xfb\xfb\x97\x96\x96\x02\x86\
\x04(3J\x19\x80\xaa\xaa\xaa\xaa\x86\x86\x86d2\x19\
}\x08&\x91H444\x84\xce\x05\x00\xc1\xd4\xd5\xd5\
\xddz\xeb\xad\xb7\xdezk~\xb2\xba\xba:44\x14\
=z\xea\xeb\xeb\x9b\x9b\x9b\x0b\x18\x12\xa0\xa4)e\x80\
J\xd4\xd2\xd2\x12=AJ\xa5R\x07\x0e\x1c\x88\xc7\xe3\
\xa1s\x01@Q\xab\xae\xaeN$\x12\x89D\xe2g?\
\xfb\xd9\xda$\x97\xcb\x8d\x8e\x8eF\x9f\x10N\xa7\xd33\
33as\x02\x94\x0a\xa5\x0cP\xe6\xaa\xab\xab;;\
;\xa3'H\xc9d\xb2\xb9\xb99t.\x00(\x07\xb1\
X\xec\xe0\xc1\x83\x07\x0f\x1e\xfc\xf1\x8f\x7f\x9c\x1f\x8e\x8f\
\x8fG;\x9a\x93'ONMM\x05\x0c\x09P\xb4\x94\
2@Yijj*\xf8\x16uwww]]]\
\xe8\x5c\x00PA\xf6\xef\xdf\xbf\x7f\xff\xfe\xef\x7f\xff\xfb\
\xf9\xc9\xc4\xc4D\xc17\xb9\xcf\x9f?\x1f0!@\x91\
P\xca\x00%l\xdf\xbe}\xd1\x13\xa4T*\xd5\xd6\xd6\
\x16:\x14\x00P\xa8\xa5\xa5\xa5\xa5\xa5\xe5[\xdf\xfaV\
~2==\x9d\xafi\xd6~166\x160!@\
\x10J\x19\xa04\xd4\xd6\xd6vwwG\x1f\x82I&\
\x93[\xb7n\x0d\x9d\x0b\x00\xb8\x1e;v\xec\xb8\xff\xfe\
\xfb\xef\xbf\xff\xfe\xfc\xe4\xea\xd5\xab}}}\xd1\x85\x9a\
\xe1\xe1\xe1l6\x1b0$\xc0\xcd\xa6\x94\x01\x8a\xd1\xb6\
m\xdb\xf2\xe5\xcb\xda/:;;kj\xfc-\x0b\x00\
\xca\xd6\x96-[\xee\xb9\xe7\x9e{\xee\xb9'?YX\
X\xe8\xef\xef\x8f\x1e=\x0d\x0e\x0e\xae\xac\xac\x04\x0c\x09\
\xb0\xbe\xfc\x13\x0e\x10X,\x16;p\xe0@\xf4\x15\x98\
T*\xd5\xda\xda\x1a:\x17\x00\x10X}}\xfd\x1dw\
\xdcq\xc7\x1dw\xe4'\xcb\xcb\xcb\x83\x83\x83\xd1or\
\xf7\xf7\xf7/..\x06\x0c\x09p#\x942\xc0\x86\xda\
\xb4iS\x22\x91\x88>\x04\x93L&\x1b\x1b\x1bC\xe7\
\x02\x00J@mm\xed-\xb7\xdcr\xcb-\xb7\xe4'\
\xab\xab\xab\xc3\xc3\xc3\xe9\x88\xbe\xbe\xbe\xd9\xd9\xd9\x80!\
\x01\xbe<\xa5\x0cp\x13\xed\xdc\xb9s\xad\x7f\xc9\xb70\
\x07\x0f\x1e\x8c\xc7\xe3\xa1s\x01\x00e\xa2\xba\xba\xba\xbb\
\xbb\xbb\xbb\xbb\xfb\xa7?\xfd\xe9\xda$\x97\xcb\x8d\x8d\x8d\
E\x9f\x10N\xa7\xd3W\xae\x5c\x09\x9b\x13\xe03)e\
\x80\xf5\x11\x8f\xc7\x0f\x1d:Tp\x85\xb4s\xe7\xce\xd0\
\xb9\x00\x80\xca\x12\x8b\xc5::::::~\xf4\xa3\
\x1f\xe5\x87\xe7\xce\x9d\x8b>!\x9cN\xa7'''\x03\
\x86\x04X\xa3\x94\x01\xaeGccc\xf4C\xd4\xbd\xbd\
\xbd\xdd\xdd\xdd\xf5\xf5\xf5\xa1s\x01\x00|\x86}\xfb\xf6\
\xed\xdb\xb7\xef{\xdf\xfb^~299\x19}B8\
\x9dN\x9f;w.`B\xa02)e\x80/\xb6g\
\xcf\x9e\xe8\x09R*\x95joo\x8f\xc5b\xa1s\x01\
\x00\x5c\xa7]\xbbv}\xf3\x9b\xdf\xfc\xe67\xbf\x99\x9f\
\x5c\xbe|9\x93\xc9D\x17j\xc6\xc6\xc6r\xb9\x5c\xc0\
\x90@\xd9S\xca\x00\x9fRSS\xd3\xd5\xd5\x15=A\
J&\x93\xdb\xb7o\x0f\x9d\x0b\x00\xe0\xe6\xda\xbe}\xfb\
\xe1\xc3\x87J\xf0\xe5B\x00\x00 \x00IDAT\x0f\
\x1f>\x9c\x9f\xcc\xce\xce\xf6\xf5\xf5E\x17j\x86\x86\x86\
\xb2\xd9l\xc0\x90@\x99Q\xca@E\xdb\xbauk\xc1\
\x15RWWWmmm\xe8\x5c\x00\x00\xe1m\xde\xbc\
\xf9\xae\xbb\xee\xba\xeb\xae\xbb\xf2\x93\x85\x85\x85\x81\x81\x81\
\xe8\x13\xc2\x83\x83\x83\xcb\xcb\xcb\x01C\x02%M)\x03\
\x15\xa4\xbd\xbd\xbd\xa0\x82\xd9\xbbwo\xe8P\x00\x00%\
\xa3\xbe\xbe\xfe\xf6\xdbo\xbf\xfd\xf6\xdb\xf3\x93\xe5\xe5\xe5\
S\xa7NE\x8f\x9e\xfa\xfb\xfb\x17\x16\x16\x02\x86\x04J\
\x88R\x06\xcaS]]]OOO\xf4!\x98d2\
\xd9\xd4\xd4\x14:\x17\x00@Y\xa9\xad\xad\xed\xed\xed\xed\
\xed\xed\xfd\xd7\x7f\xfd\xd7\xb5I6\x9b\x1d\x1e\x1e\x8e>\
!\x9c\xc9d\xae]\xbb\x166'P\x9c\x942P\x0e\
v\xec\xd8\xb1V\xbe\xe4+\x98C\x87\x0eUWW\x87\
\xce\x05\x00Pq\xe2\xf1xWWWWW\xd7\xbf\xfc\
\xcb\xbf\xacMr\xb9\xdc\x993g\xa2GO\xe9t\xfa\
\xf2\xe5\xcbas\x02\xc5@)\x03%&\x16\x8b\x1d<\
x0z\x82\x94J\xa5v\xef\xde\x1d:\x17\x00\x00\x9f\
-\x16\x8b\x1d8p\xe0\xc0\x81\x03?\xfc\xe1\x0f\xf3\xc3\
\x0b\x17.\x14|\x93{bb\x22`H \x08\xa5\x0c\
\x14\xb5\x86\x86\x86d2\x19}\x08&\x91H444\
\x84\xce\x05\x00\xc0\x0d\xd9\xb3g\xcf\x9e={\xbe\xfb\xdd\
\xef\xe6'\x93\x93\x93\xf9s\xa7\xb5\xb2f||<`\
B`\x03(e\xa0\x88\xb4\xb4\xb4D\xf7_R\xa9\xd4\
\x81\x03\x07\xe2\xf1x\xe8\x5c\x00\x00\xdct\xbbv\xedz\
\xf0\xc1\x07\x1f|\xf0\xc1\xfc\xe4\xca\x95+\x05\xdf\xe4\x1e\
\x19\x19\xc9\xe5r\x01C\x02\xebK)\x03aTWW\
wvvF+\x98d2\xd9\xdc\xdc\x1c:\x17\x00\x00\
\xc5b\xdb\xb6m\xf7\xddw\xdf}\xf7\xdd\x97\x9f\xcc\xcd\
\xcd\xe5k\x9a\xb5\x85\x9a\xa1\xa1\xa1\xd5\xd5\xd5\x80!\x81\
\x1b\xa1\x94\x81\x8d\xd0\xd4\xd4T\xf0-\xea\xee\xee\xee\xba\
\xba\xba\xd0\xb9\x00\x00(%\x8d\x8d\x8d\xdf\xf8\xc67\xbe\
\xf1\x8do\xe4'\x8b\x8b\x8b\x03\x03\x03\xd1'\x84\x07\x07\
\x07\x97\x96\x96\x02\x86\x04\xbe<\xa5\x0c\xac\xbf}\xfb\xf6\
\xe5\xef\x8f\xd6\xb4\xb5\xb5\x85\x0e\x05\x00@\x19\xda\xb4i\
\xd3m\xb7\xddv\xdbm\xb7\xe5'+++CCC\
\xd1\xa3\xa7\xbe\xbe\xbe\xf9\xf9\xf9\x80!\x81\xcf\xa3\x94\x81\
\x1bR[[\xdb\xdd\xdd\x1d}\x05&\x99Ln\xdd\xba\
5t.\x00\x00*TMMM2\x99L&\x93?\
\xff\xf9\xcf\xd7&\xd9lvdd\xa4\xe0\x9b\xdc\xd7\xae\
]\x0b\x9b\x13\xa8R\xca\xc0W\xb2m\xdb\xb6|\xf9\xb2\
\xf6\x8b\xce\xce\xce\x9a\x1a\xff;\x02\x00\xa0x\xc5\xe3\xf1\
\xce\xce\xce\xce\xce\xce\x7f\xfe\xe7\x7f\xce\x0f\xcf\x9e=\x9b\
\xfe\xb4\xe9\xe9\xe9\x80!\xa12\xf9\x87I\xf8l\xb1X\
\xec\xc0\x81\x03\x05\x0f\xc1\xb4\xb6\xb6\x86\xce\x05\x00\x00\xeb\
\xa0\xad\xad\xad\xad\xad\xed\x07?\xf8A~r\xf1\xe2\xc5\
\xe8\x13\xc2\xe9t\xfa\xe2\xc5\x8b\x01\x13B%P\xca@\
UUU\xd5\xa6M\x9b\x12\x89D\xf4!\x98D\x22\xb1\
y\xf3\xe6\xd0\xb9\x00\x00`\x83\xb4\xb6\xb6\xb6\xb6\xb6~\
\xe7;\xdf\xc9O\xa6\xa6\xa6\xa2\x17O\xe9t\xfa\xec\xd9\
\xb3\x01\x13B\xf9Q\xcaP\x89v\xee\xdcYp\x85t\
\xf0\xe0\xc1x<\x1e:\x17\x00\x00\x14\x91\xe6\xe6\xe6\x07\
\x1ex\xe0\x81\x07\x1e\xc8Offf\x0a\xbe\xc9=<\
<\x9c\xcb\xe5\x02\x86\x84\x92\xa6\x94\xa1\xcc\xc5\xe3\xf1C\
\x87\x0eEO\x90R\xa9\xd4\xce\x9d;C\xe7\x02\x00\x80\
\xd2\xb3u\xeb\xd6{\xef\xbd\xf7\xde{\xef\xcdO\xe6\xe6\
\xe6\xfa\xfb\xfb\xa3\x0b5\xa7N\x9dZ]]\x0d\x18\x12\
J\x88R\x86\xb2\xd2\xd8\xd8\x98\xfa\xb4\x9e\x9e\x9e\xfa\xfa\
\xfa\xd0\xb9\x00\x00\xa0<566\xdey\xe7\x9dw\xde\
yg~\xb2\xb4\xb4488\x18\xfd&w\x7f\x7f\xff\
\xd2\xd2R\xc0\x90P\xb4\x942\x94\xb0={\xf6D\xbf\
E\x9dJ\xa5\xda\xdb\xdbc\xb1X\xe8\x5c\x00\x00P\xb9\
\xea\xea\xean\xbd\xf5\xd6[o\xbd5?Y]]\x1d\
\x1a\x1a\x8a>!\x9c\xc9d\xe6\xe7\xe7\x03\x86\x84\x22\xa1\
\x94\xa14\xd4\xd4\xd4tuuE\xaf\x90\x92\xc9\xe4\xf6\
\xed\xdbC\xe7\x02\x00\x00\xbe@uuu\x22\x91H$\
\x12?\xfb\xd9\xcf\xd6&\xd9lvtt4z\xf4\x94\
\xc9dfff\xc2\xe6\x84\x8d\xa7\x94\xa1\x18m\xdd\xba\
\xb5\xe0\x0a\xa9\xbb\xbb\xbb\xb6\xb66t.\x00\x00`\x1d\
\xac\xbd\xfcx\xe8\xd0\xa1\x1f\xff\xf8\xc7\xf9\xe1\xf8\xf8x\
\xf4\x09\xe1\x93'ONMM\x05\x0c\x09\x1b@)C\
xmmm\x05WH\xfb\xf6\xed\x0b\x1d\x0a\x00\x00\xd8\
P\xfb\xf7\xef\xdf\xbf\x7f\xff\xf7\xbf\xff\xfd\xfcdbb\
\x22z\xf4\x94N\xa7/\x5c\xb8\x100!\xac;\xa5\x0c\
\x1b\xaa\xae\xae\xae\xa7\xa7'\xfa!\xa4d2\xd9\xd4\xd4\
\x14:\x17\x00\x00PtZZZZZZ\xbe\xfd\xed\
o\xe7'\xd3\xd3\xd3\xd1\x87i\xd2\xe9\xf4\xd8\xd8X\xb8\
\x80p\xa3\x942\xdcD;v\xec\x88\xee\xbf\xf4\xf6\xf6\
\x1e:t\xa8\xba\xba:t.\x00\x00\xa0$\xed\xd8\xb1\
\xe3\xfe\xfb\xef\xbf\xff\xfe\xfb\xf3\x93\xabW\xaf\xf6\xf5\xf5\
E\x17j\x86\x87\x87\xb3\xd9l\xc0\x90\xf0\xe5)eX\
\x1f\xb1X\xac\xa3\xa3#Z\xc1\xa4R\xa9\x96\x96\x96\xd0\
\xb9\x00\x00\x80r\xb6e\xcb\x96{\xee\xb9\xe7\x9e{\xee\
\xc9O\xe6\xe7\xe7\x07\x06\x06\xa2O\x08\x0f\x0e\x0e\xae\xac\
\xac\x04\x0c\x09\x9fG)\xc3\xf5\xa8\xaf\xafO&\x93\xd1\
\x87`\x12\x89DCCC\xe8\x5c\x00\x00@\xa5kh\
h\xb8\xe3\x8e;\xee\xb8\xe3\x8e\xfcdyyypp\
0z\xf4\xd4\xdf\xdf\xbf\xb8\xb8\x180$\xacQ\xca\xf0\
\xc5ZZZ\xa2'H\xa9T\xea\xc0\x81\x03\xf1x<\
t.\x00\x00\x80/V[[{\xcb-\xb7\xdcr\xcb\
-\xf9\xc9\xea\xea\xea\xe9\xd3\xa7\x0b\xbe\xc9=77\x17\
0$\x95I)\xc3\xa7TWWwvv\x16|\x8e\
\xba\xb9\xb99t.\x00\x00\x80uS]]\xdd\xd3\xd3\
\xd3\xd3\xd3\xf3\xd3\x9f\xfetm\x92\xcb\xe5\xc6\xc6\xc6\xa2\
\x1dM:\x9d\xber\xe5J\xd8\x9c\x94=\xa5LE\xdb\
\xbcyst\xff%\x95Juwwo\xda\xb4)t\
.\x00\x00\x80\x0d\xb5\xf6JfGG\xc7\x8f~\xf4\xa3\
\xfc\xf0\xdc\xb9s\xd1\x8e\xe6\xe4\xc9\x93\x97.]\x0a\x18\
\x92\xf2\xa3\x94\xa9 \xfb\xf6\xed+\xb8B\xda\xbf\x7f\x7f\
,\x16\x0b\x9d\x0b\x00\x00\xa0\x18\xed\xdb\xb7o\xdf\xbe}\
\xff\xf4O\xff\x94\x9f|\xf2\xc9'\x05GO\xe7\xce\x9d\
\x0b\x98\x90R\xa7\x94)O\xb5\xb5\xb5\xdd\xdd\xdd\x05W\
H[\xb7n\x0d\x9d\x0b\x00\x00\xa0\x84\xed\xde\xbd{\xf7\
\xee\xdd\xdf\xfc\xe67\xf3\x93\xcb\x97/\xe7k\x9a\xb5_\
\x8c\x8d\x8d\xe5r\xb9\x80!)!J\x99r\xb0m\xdb\
\xb6\xe8\x09R*\x95\xea\xea\xea\xaa\xa9\xf1\x17\x17\x00\x00\
\xe0\xe6\xda\xbe}\xfb\xe1\xc3\x87\x0f\x1f>\x9c\x9f\x5c\xbb\
v\xad\xaf\xaf/\xdf\xd1\xa4\xd3\xe9\xd3\xa7Og\xb3\xd9\
\x80!)Z\xfe\xb9\xbd\xc4\xc4b\xb1\xf6\xf6\xf6\x82\x87\
`\xf6\xec\xd9\x13:\x17\x00\x00\x00UUUUMM\
Mw\xdf}\xf7\xddw\xdf\x9d\x9f,,,\x0c\x0c\x0c\
D\x8f\x9e\x06\x07\x07\x97\x97\x97\x03\x86\xa4H(e\x8a\
\xda\xa6M\x9b\x12\x89D\xf4!\x98D\x22\xb1y\xf3\xe6\
\xd0\xb9\x00\x00\x00\xf8\xb2\xea\xeb\xebo\xbf\xfd\xf6\xdbo\
\xbf=?Y^^>u\xeaT\xf4\xe8\xa9\xaf\xafo\
qq1`H\x82P\xca\x14\x9d\xda\xda\xda\xff\xfc\xcf\
\xff\x5c\xdb\x829t\xe8P<\x1e\x0f\x9d\x08\x00\x00\x80\
\xf5T[[\xdb\xdb\xdb\xdb\xdb\xdb\xfbo\xff\xf6ok\
\x93\xd5\xd5\xd5\xe1\xe1\xe1t:}\xe2\xc4\x89\xff\xf8\x8f\
\xff\x08\x1b\x8f\x0d\xa3\x94):\xcb\xcb\xcb\xdf\xfd\xeew\
\xbf\xf1\x8do\x84\x0e\x02\x00\x00\xc0\x06\xa9\xae\xae\xee\xee\
\xee\xee\xee\xee\xber\xe5J\xe8,l\x1c[\x18\xc5\xe8\
\x89'\x9e\x08\x1d\x01\x00\x00\x80\x00\x1ez\xe8\xa1\xd0\x11\
\xd88J\x99bt\xf4\xe8\xd1\xd0\x11\x00\x00\x00\xd8h\
\xa3\xa3\xa3\xaf\xbe\xfaj\xe8\x14l\x1c\xa5L1\x1a\x18\
\x18\xf8\xf8\xe3\x8fC\xa7\x00\x00\x00`C=\xf2\xc8#\
\xb9\x5c.t\x0a6\x8eR\xa6H\xb9`\x02\x00\x00\xa8\
4n\x97*\x8dR\xa6H)e\x00\x00\x00*\xca\x1f\
\xff\xf8\xc7\xa1\xa1\xa1\xd0)\xd8PJ\x99\x22\xf5\xd1G\
\x1f\x0d\x0c\x0c\x84N\x01\x00\x00\xc0\x069r\xe4H\xe8\
\x08l4\xa5L\xf1\xb2,\x03\x00\x00P!\xe6\xe6\xe6\
~\xf5\xab_\x85N\xc1FS\xca\x14/\xa5\x0c\x00\x00\
@\x85x\xf2\xc9'gffB\xa7`\xa3)e\x8a\
\xd7\xbb\xef\xbe;22\x12:\x05\x00\x00\x007\x9d\xdb\
\xa5\xca\xa4\x94)j\x96e\x00\x00\x00\xca\xde\x993g\
^y\xe5\x95\xd0)\x08@)S\xd4\x942\x00\x00\x00\
e\xef\x91G\x1e\xc9f\xb3\xa1S\x10\x80R\xa6\xa8\xbd\
\xfd\xf6\xdb\xe3\xe3\xe3\xa1S\x00\x00\x00p\x13\xb9]\xaa\
XJ\x99\xa2\x96\xcb\xe5\x8e\x1d;\x16:\x05\x00\x00\x00\
7\xcb[o\xbd500\x10:\x05a(e\x8a\x9d\
\x0b&\x00\x00\x802\xf6\xd0C\x0f\x85\x8e@0J\x99\
b\xf7\xfa\xeb\xafOLL\x84N\x01\x00\x00\xc0\xfa[\
XX\xf8\xe5/\x7f\x19:\x05\xc1(e\x8a]6\x9b\
=~\xfcx\xe8\x14\x00\x00\x00\xac\xbf\xe3\xc7\x8f_\xb9\
r%t\x0a\x82Q\xca\x94\x80\xa3G\x8f\x86\x8e\x00\x00\
\x00\xc0\xfas\xbbT\xe1\x942%\xe0\xd5W_\x9d\x9a\
\x9a\x0a\x9d\x02\x00\x00\x80\xf5t\xee\xdc\xb9\xdf\xfe\xf6\xb7\
\xa1S\x10\x92R\xa6\x04\xac\xac\xac<\xfd\xf4\xd3\xa1S\
\x00\x00\x00\xb0\x9e\x1ey\xe4\x91\xd5\xd5\xd5\xd0)\x08I\
)S\x1a\x5c0\x01\x00\x00\x94\x19\xb7K(eJ\xc3\
\xcb/\xbf<33\x13:\x05\x00\x00\x00\xeb\xe3O\x7f\
\xfaS___\xe8\x14\x04\xa6\x94)\x0dKKK\xcf\
>\xfbl\xe8\x14\x00\x00\x00\xac\x0fk2T)eJ\
\xc8\x13O<\x11:\x02\x00\x00\x00\xeb`qq\xf1\x17\
\xbf\xf8E\xe8\x14\x84\xa7\x94)\x19/\xbc\xf0\xc2\xec\xec\
l\xe8\x14\x00\x00\x00\xdc\xa8\xa7\x9f~zzz:t\
\x0a\xc2S\xca\x94\x8c\xf9\xf9\xf9\x17^x!t\x0a\x00\
\x00\x00n\x94\xdb%\xd6(eJ\x89\x0b&\x00\x00\x80\
Rw\xe1\xc2\x85\x17_|1t\x0a\x8a\x82R\xa6\x94\
<\xfb\xec\xb3\x0b\x0b\x0b\xa1S\x00\x00\x00p\xfd\x1e}\
\xf4\xd1\xd5\xd5\xd5\xd0)(\x0aJ\x99Rr\xed\xda\xb5\
\x97^z)t\x0a\x00\x00\x00\xae\x9f\xdb%\xf2\x942\
%\xc6\x05\x13\x00\x00@\xe9z\xf7\xddwO\x9e<\x19\
:\x05\xc5B)Sb\x9e~\xfa\xe9\xe5\xe5\xe5\xd0)\
\x00\x00\x00\xb8\x1e\xd6d\x88R\xca\x94\x98\xcb\x97/\xbf\
\xf2\xca+\xa1S\x00\x00\x00\xf0\x95---=\xfe\xf8\
\xe3\xa1SPD\x942\xa5\xc7\x05\x13\x00\x00@)z\
\xf6\xd9g\xa7\xa6\xa6B\xa7\xa0\x88(eJ\xcf\xf1\xe3\
\xc7\xbd\xd4\x0d\x00\x00Pr\xdc.Q@)Sz&\
''_{\xed\xb5\xd0)\x00\x00\x00\xf8\x0a&&&\
^x\xe1\x85\xd0)(.J\x99\x92\xe4\x82\x09\x00\x00\
\xa0\xb4<\xf6\xd8c+++\xa1SP\x5c\x942%\
\xe9\xc9'\x9f\xcc\xe5r\xa1S\x00\x00\x00\xf0e\xfd\xcf\
\xff\xfcO\xe8\x08\x14\x1d\xa5LI:\x7f\xfe\xfc\x9bo\
\xbe\x19:\x05\x00\x00\x00_\xca_\xfe\xf2\x97\x8f>\xfa\
(t\x0a\x8a\x8eR\xa6T\x1d=z4t\x04\x00\x00\
\x00\xbe\x94#G\x8e\x84\x8e@1R\xca\x94\xaac\xc7\
\x8e\x85\x8e\x00\x00\x00\xc0\x17[^^~\xec\xb1\xc7B\
\xa7\xa0\x18)eJ\xd5\xd8\xd8\xd8\x89\x13'B\xa7\x00\
\x00\x00\xe0\x0b<\xf7\xdcs\x93\x93\x93\xa1SP\x8c\x94\
2%\xcc\x05\x13\x00\x00@\xf1s\xbb\xc4\xe7Q\xca\x94\
0\x1f\xc6\x06\x00\x00(r\x9f|\xf2\xc9s\xcf=\x17\
:\x05EJ)S\xc2\x86\x86\x86>\xf8\xe0\x83\xd0)\
\x00\x00\x00\xf8\x5c\x8f?\xfe\xf8\xf2\xf2r\xe8\x14\x14)\
\xa5Li\xb3,\x03\x00\x00P\xcc\xdc.\xf1\x0f(e\
J\x9bge\x00\x00\x00\x8a\xd6\x87\x1f~\xf8\x97\xbf\xfc\
%t\x0a\x8a\x97R\xa6\xb4e2\x99L&\x13:\x05\
\x00\x00\x00\x9f\xc1\x9a\x0c\xff\x98R\xa6\xe4\xb9`\x02\x00\
\x00(B+++\x8f>\xfah\xe8\x14\x145\xa5L\
\xc9s\xc1\x04\x00\x00P\x84^x\xe1\x85\x89\x89\x89\xd0\
)(jJ\x99\x92\xf7\xc1\x07\x1f\x0c\x0d\x0d\x85N\x01\
\x00\x00\xc0\xa7\xb8]\xe2\x0b)e\xca\x81\x0b&\x00\x00\
\x80\xa2r\xe9\xd2\xa5g\x9ey&t\x0a\x8a\x9dR\xa6\
\x1c(e\x00\x00\x00\x8a\xca\xff\xfe\xef\xff.--\x85\
NA\xb1S\xca\x94\x83?\xfd\xe9Occc\xa1S\
\x00\x00\x00\xf0Wn\x97\xf82\x942e\xe2\xd8\xb1c\
\xa1#\x00\x00\x00PUUU\xf5\xf1\xc7\x1f\xff\xf9\xcf\
\x7f\x0e\x9d\x82\x12\xa0\x94)\x13.\x98\x00\x00\x00\x8a\x84\
5\x19\xbe$\xa5L\x99x\xf3\xcd7\xcf\x9f?\x1f:\
\x05\x00\x00@\xa5[]]}\xf4\xd1GC\xa7\xa04\
(e\xcaD6\x9b}\xf2\xc9'C\xa7\x00\x00\x00\xa8\
t/\xbe\xf8\xe2\x85\x0b\x17B\xa7\xa04(e\xca\x87\
\x0b&\x00\x00\x80\xe0\x1ez\xe8\xa1\xd0\x11(\x19J\x99\
\xf2\xf1\xdak\xafMNN\x86N\x01\x00\x00P\xb9\xa6\
\xa7\xa7\x9f~\xfa\xe9\xd0)(\x19J\x99\xf2\xb1\xba\xba\
z\xfc\xf8\xf1\xd0)\x00\x00\x00*\xd7/~\xf1\x8b\xc5\
\xc5\xc5\xd0)(\x19J\x99\xb2\xe2\x82\x09\x00\x00  \
\xb7K|%J\x99\xb2\xf2\xca+\xaf\x5c\xbe|9t\
\x0a\x00\x00\x80J\x94\xc9d\xfe\xf4\xa7?\x85NA)\
Q\xca\x94\x95\xe5\xe5\xe5g\x9ey&t\x0a\x00\x00\x80\
Jt\xe4\xc8\x91\xd0\x11(1J\x99rs\xf4\xe8\xd1\
\xd0\x11\x00\x00\x00*\xce\xea\xea\xea#\x8f<\x12:\x05\
%F)Sn^z\xe9\xa5k\xd7\xae\x85N\x01\x00\
\x00PY~\xfb\xdb\xdf\x9e;w.t\x0aJ\x8cR\
\xa6\xdc,,,<\xf7\xdcs\xa1S\x00\x00\x00T\x16\
O\xfcr\x1d\x942e\xc8\x05\x13\x00\x00\xc0F\xba|\
\xf9\xf2\xf1\xe3\xc7C\xa7\xa0\xf4(e\xca\xd0\x0b/\xbc\
0??\x1f:\x05\x00\x00@\xa5\xf8\xd5\xaf~\xb5\xb0\
\xb0\x10:\x05\xa5G)S\x86fgg\x7f\xf3\x9b\xdf\
\x84N\x01\x00\x00P)\xdc.q}\x942\xe5\xe9\x89\
'\x9e\x08\x1d\x01\x00\x00\xa0\x22\x0c\x0c\x0c\xbc\xf5\xd6[\
\xa1SP\x92\x942\xe5\xe9\x99g\x9eYZZ\x0a\x9d\
\x02\x00\x00\xa0\xfc\x1d9r$t\x04J\x95R\xa6<\
\xcd\xcc\xcc\xbc\xfc\xf2\xcb\xa1S\x00\x00\x00\x94\xb9l6\
\xfb\xf0\xc3\x0f\x87NA\xa9R\xca\x94-\x17L\x00\x00\
\x007\xdb\xef~\xf7\xbb\xb3g\xcf\x86NA\xa9R\xca\
\x94\xad\xa7\x9ezjee%t\x0a\x00\x00\x80r\xe6\
\x89_n\x84R\xa6lMMM\xbd\xfa\xea\xab\xa1S\
\x00\x00\x00\x94\xad\x99\x99\x99c\xc7\x8e\x85NA\x09S\
\xca\x943\x17L\x00\x00\x007\xcf\xaf\x7f\xfd\xeb\xf9\xf9\
\xf9\xd0)(aJ\x99r\xf6\xe4\x93Of\xb3\xd9\xd0\
)\x00\x00\x00\xca\x93\xdb%n\x90R\xa6\x9cMLL\
\xbc\xfe\xfa\xeb\xa1S\x00\x00\x00\x94\xa1S\xa7N\xfd\xf1\
\x8f\x7f\x0c\x9d\x82\xd2\xa6\x94)s.\x98\x00\x00\x00n\
\x06_\xc2\xe6\xc6)e\xca\xdc\xb1c\xc7r\xb9\x5c\xe8\
\x14\x00\x00\x00e%\x97\xcb\x1d9r$t\x0aJ\x9e\
R\xa6\xcc\x8d\x8f\x8f\xbf\xfd\xf6\xdb\xa1S\x00\x00\x00\x94\
\x95W_}ull,t\x0aJ\x9eR\xa6\xfc\xb9\
`\x02\x00\x00X_\xd6dX\x17J\x99\xf2\xa7\x94\x01\
\x00\x00XGW\xaf^=z\xf4h\xe8\x14\x94\x03\xa5\
L\xf9\x1b\x19\x19y\xef\xbd\xf7B\xa7\x00\x00\x00(\x13\
G\x8f\x1e\x9d\x9b\x9b\x0b\x9d\x82r\xa0\x94\xa9\x08J\x5c\
\x00\x00\x80\xf5\xe2v\x89\xf5\xa2\x94\xa9\x08.\x98\x00\x00\
\x00\xd6\xc5\xe9\xd3\xa7\xff\xf0\x87?\x84NA\x99P\xca\
T\x84\x81\x81\x81\x8f?\xfe8t\x0a\x00\x00\x80\x92\xf7\
\xf0\xc3\x0f\xe7r\xb9\xd0)(\x13J\x99J\xe1\x82\x09\
\x00\x00\xe0\x06\xe5r\xb9\x87\x1f~8t\x0a\xca\x87R\
\xa6R\xb8`\x02\x00\x00\xb8A\x7f\xf8\xc3\x1f\x86\x87\x87\
C\xa7\xa0|(e*\xc5\xc7\x1f\x7f<00\x10:\
\x05\x00\x00@\x09{\xe8\xa1\x87BG\xa0\xac(e*\
\x88e\x19\x00\x00\x80\xeb6;;\xeb]\x08\xd6\x97R\
\xa6\x82\xf8\xdb\x07\x00\x00\xc0u{\xe2\x89'\xae]\xbb\
\x16:\x05eE)SA\xde{\xef=\xd7\x8f\x00\x00\
\x00\xd7\xe7\xc8\x91#\xa1#Pn\x942\x95\xe5\xd8\xb1\
c\xa1#\x00\x00\x00\x94\x9e\xd1\xd1\xd1W_}5t\
\x0a\xca\x8dR\xa6\xb2\xb8`\x02\x00\x00\xb8\x0e\x0f?\xfc\
p.\x97\x0b\x9d\x82r\xa3\x94\xa9,\xef\xbc\xf3\xce\xf8\
\xf8x\xe8\x14\x00\x00\x00%\xc6\xed\x127\x83R\xa6\xb2\
\xe4r9\x17L\x00\x00\x00_\xc9\x1f\xff\xf8\xc7\xa1\xa1\
\xa1\xd0)(CJ\x99\x8a\xe3\xc3\xd8\x00\x00\x00_\xc9\
C\x0f=\x14:\x02\xe5I)Sq^\x7f\xfd\xf5\x8b\
\x17/\x86N\x01\x00\x00P\x1a\xe6\xe6\xe6~\xfd\xeb_\
\x87NAyR\xcaT\x9cl6{\xfc\xf8\xf1\xd0)\
\x00\x00\x00J\xc3\x93O>933\x13:\x05\xe5I\
)S\x89\x5c0\x01\x00\x00|In\x97\xb8y\x942\
\x95\xe8\xd5W_\x9d\x9a\x9a\x0a\x9d\x02\x00\x00\xa0\xd8\x9d\
9s\xe6w\xbf\xfb]\xe8\x14\x94-\xa5L%ZY\
Yy\xea\xa9\xa7B\xa7\x00\x00\x00(v\x8f<\xf2H\
6\x9b\x0d\x9d\x82\xb2\xa5\x94\xa9P.\x98\x00\x00\x00\xbe\
\xd0\x91#GBG\xa0\x9c)e*\xd4\xcb/\xbf\xec\
\xa9*\x00\x00\x80\x7f\xe0\xad\xb7\xde\x1a\x18\x18\x08\x9d\x82\
r\xa6\x94\xa9PKKK\xcf<\xf3L\xe8\x14\x00\x00\
\x00\xc5\xcb\x13\xbf\xdclJ\x99\xca\xe5\x82\x09\x00\x00\xe0\
\xf3,,,\xfc\xf2\x97\xbf\x0c\x9d\x822\xa7\x94\xa9\x5c\
\xbf\xf9\xcdofggC\xa7\x00\x00\x00(F\xc7\x8f\
\x1f\xbfr\xe5J\xe8\x14\x949\xa5L\xe5\x9a\x9f\x9f\x7f\
\xfe\xf9\xe7C\xa7\x00\x00\x00(Fn\x97\xd8\x00J\x99\
\x8a\xe6\x82\x09\x00\x00\xe0\xff\x1a\x1f\x1f\x7f\xf9\xe5\x97C\
\xa7\xa0\xfc)e*\xdas\xcf=\xb7\xb0\xb0\x10:\x05\
\x00\x00@qy\xf4\xd1G\xb3\xd9l\xe8\x14\x94?\xa5\
LE\xbbv\xed\xdaK/\xbd\x14:\x05\x00\x00@q\
q\xbb\xc4\xc6P\xcaT\xba\xa3G\x8f\x86\x8e\x00\x00\x00\
PD\xdey\xe7\x9d\xbe\xbe\xbe\xd0)\xa8\x08J\x99J\
\xf7\xcc3\xcf,//\x87N\x01\x00\x00P,\x8e\x1c\
9\x12:\x02\x95B)S\xe9._\xbe\xfc\xca+\xaf\
\x84N\x01\x00\x00P\x14\x16\x17\x17\x7f\xf1\x8b_\x84N\
A\xa5P\xca\xe0\x82\x09\x00\x00\xe0\xaf\x9e~\xfa\xe9\xe9\
\xe9\xe9\xd0)\xa8\x14J\x19\xaa\x9ez\xea\xa9\xd5\xd5\xd5\
\xd0)\x00\x00\x00\xc2\xf3\xc4/\x1bI)C\xd5\xe4\xe4\
\xe4k\xaf\xbd\x16:\x05\x00\x00@`\xe7\xcf\x9f\x7f\xf1\
\xc5\x17C\xa7\xa0\x82(e\xa8\xaa\xaa\xaaz\xe2\x89'\
BG\x00\x00\x00\x08\xec\xb1\xc7\x1esF\xc0FR\xca\
PUUUu\xec\xd8\xb1l6\x1b:\x05\x00\x00@\
Hn\x97\xd8`J\x19\xaa\xaa\xaa\xaa.\x5c\xb8\xf0\xe6\
\x9bo\x86N\x01\x00\x00\x10\xcc\x9f\xff\xfc\xe7\x93'O\
\x86NAeQ\xca\xf0W.\x98\x00\x00\x80Jv\xe4\
\xc8\x91\xd0\x11\xa88J\x19\xfe\xea\x89'\x9e\xc8\xe5r\
\xa1S\x00\x00\x00\x04\xb0\xb4\xb4\xf4\xf8\xe3\x8f\x87NA\
\xc5Q\xca\xf0Wg\xce\x9c9q\xe2D\xe8\x14\x00\x00\
\x00\x01<\xf3\xcc3SSS\xa1SPq\x942\xfc\
\x9d\x0b&\x00\x00\xa02\xb9]\x22\x08\xa5\x0c\x7f\xa7\x94\
\x01\x00\x00*\xd0\xc5\x8b\x17_x\xe1\x85\xd0)\xa8D\
J\x19\xfenhh\xe8\xfd\xf7\xdf\x0f\x9d\x02\x00\x00`\
C=\xf6\xd8c+++\xa1SP\x89\x942|\x8a\
e\x19\x00\x00\xa0\xd2<\xf4\xd0C\xa1#P\xa1\x942\
|\x8aR\x06\x00\x00\xa8(\x7f\xf9\xcb_>\xfa\xe8\xa3\
\xd0)\xa8PJ\x19>%\x93\xc9d2\x99\xd0)\x00\
\x00\x006\x885\x19\x02R\xcaP\xe8\xe8\xd1\xa3\xa1#\
\x00\x00\x00l\x84\xe5\xe5\xe5\xc7\x1f\x7f<t\x0a*\x97\
R\x86B.\x98\x00\x00\x80\x0a\xf1\xdcs\xcfMNN\
\x86NA\xe5R\xcaP\xe8\x83\x0f>\x18\x1a\x1a\x0a\x9d\
\x02\x00\x00\xe0\xa6s\xbbDXJ\x19>\x83e\x19\x00\
\x00\xa0\xec}\xf2\xc9'\xcf?\xff|\xe8\x14T4\xa5\
\x0c\x9f\xc1\xb32\x00\x00@\xd9{\xfc\xf1\xc7\x97\x97\x97\
C\xa7\xa0\xa2)e\xf8\x0c'N\x9c\x18\x1b\x1b\x0b\x9d\
\x02\x00\x00\xe0&r\xbbDpJ\x19>\xdb\xb1c\xc7\
BG\x00\x00\x00\xb8Y>\xf8\xe0\x83\xf7\xdf\x7f?t\
\x0a*\x9dR\x86\xcf\xe6\x82\x09\x00\x00\xf8\xff\xec\xddg\
X\xd5\xf7\xdd\xc7q6\xa2\x82\x888\xe3\xc48b\x5c\
\xd1\xb85\xa8A\x8dFEIR\x8c\xc6\x0c\x9bhl\
l\xac#\x1di\x9b\x8e;\xd1\x0c\x9b\xba\xea\x8c\x03p\
\x80r\x00\x19\xb2\x04T\x10\xf7@\x89(((\x1bD\
D\x90\x0d\xe7\xdc\x0fH\x8d\xb1\x0e\xc0s\xce\xf7\x8c\xf7\
\xeb\x81\x97Z/}\xa7\x97\xf3\xc3\xef\xf7\xff\x1b0\x0f\
\x0f\x0f\xe9\x04\x80Q\x06\x8f\x11\x1f\x1f\x9f\x93\x93#]\
\x01\x00\x00\x00\x00\xeaWSS\xb3{\xf7n\xe9\x0a\x80\
Q\x06\x8f\xa1R\xa9\xfc\xfd\xfd\xa5+\x00\x00\x00\x00@\
\xfdBCC\xf3\xf3\xf3\xa5+\x00F\x19<\x1e/\xc6\
\x06\x00\x00\x00`\x90x\xc4/t\x04\xa3\x0c\x1e\xeb\xc8\
\x91#\x05\x05\x05\xd2\x15\x00\x00\x00\x00\xa0N\xb7o\xdf\
\x0e\x0e\x0e\x96\xae\x00LL\x18e\xf0\x04\xb5\xb5\xb5\x01\
\x01\x01\xd2\x15\x00\x00\x00\x00\xa0N{\xf7\xee\xad\xaa\xaa\
\x92\xae\x00LL\x18e\xf0d\xdc`\x02\x00\x00\x00`\
`\xb8\xbb\x04\xdd\xc1(\x83'\x89\x8a\x8a***\x92\
\xae\x00\x00\x00\x00\x00\xf5HLL<{\xf6\xact\x05\
\xf0\x13F\x19<Iuuu``\xa0t\x05\x00\x00\
\x00\x00\xa8\x87\x87\x87\x87t\x02\xf03F\x19<\x057\
\x98\x00\x00\x00\x00\x18\x86\xda\xda\xda]\xbbvIW\x00\
?c\x94\xc1SDDD\x94\x94\x94HW\x00\x00\x00\
\x00\xc0\xb3\x0a\x0f\x0f\xcf\xcd\xcd\x95\xae\x00~\xc6(\x83\
\xa7\xa8\xa8\xa8\x08\x09\x09\x91\xae\x00\x00\x00\x00\x80g\xc5\
#~\xa1k\x18e\xf0t\xdc`\x02\x00\x00\x00\xa0\xef\
\xee\xdc\xb9\xc3\x133\xa1k\x18e\xf0t\xa1\xa1\xa1\xe5\
\xe5\xe5\xd2\x15\x00\x00\x00\x00\xd0x\xde\xde\xde\x95\x95\x95\
\xd2\x15\xc0/0\xca\xe0\xe9JKK\xc3\xc2\xc2\xa4+\
\x00\x00\x00\x00\xa0\xf1\xb8\xbb\x04\x1d\xc4(\x83z\xf1\xf5\
\xf5\x95N\x00\x00\x00\x00\x80FJJJ:u\xea\x94\
t\x05\xf00F\x19\xd4KpppUU\x95t\x05\
\x00\x00\x00\x004\x86\x87\x87\x87t\x02\xf0\x08\x8c2\xa8\
\x97\xe2\xe2\xe2\xc8\xc8H\xe9\x0a\x00\x00\x00\x00h\xb0\xda\
\xdaZ///\xe9\x0a\xe0\x11\x18eP_\xdc`\x02\
\x00\x00\x00\xa0\x8f\x22##\xb3\xb3\xb3\xa5+\x80G`\
\x94A}\x05\x06\x06\xd6\xd4\xd4HW\x00\x00\x00\x00@\
\xc3pw\x09:\x8bQ\x06\xf5UXX\x18\x13\x13#\
]\x01\x00\x00\x00\x00\x0dPTT\x14\x10\x10 ]\x01\
<\x1a\xa3\x0c\x1a@\xa1PH'\x00\x00\x00\x00@\x03\
\xf8\xf8\xf8TTTHW\x00\x8f\xc6(\x83\x06\xf0\xf7\
\xf7W*\x95\xd2\x15\x00\x00\x00\x00P_\xdc]\x82.\
c\x94A\x03\xe4\xe7\xe7\xc7\xc6\xc6JW\x00\x00\x00\x00\
@\xbd\x5c\xbdz\xf5\xf8\xf1\xe3\xd2\x15\xc0c1\xca\xa0\
a\xb8\xc1\x04\x00\x00\x00@_pL\x06:\x8eQ\x06\
\x0d\xa3P(T*\x95t\x05\x00\x00\x00\x00<\x85R\
\xa9\xf4\xf2\xf2\x92\xae\x00\x9e\x84Q\x06\x0d\x93\x9d\x9d}\
\xe2\xc4\x09\xe9\x0a\x00\x00\x00\x00x\x8a\xa8\xa8\xa8\xcc\xcc\
L\xe9\x0a\xe0I\x18e\xd0`\xdc`\x02\x00\x00\x00\xa0\
\xfbv\xee\xdc)\x9d\x00<\x05\xa3\x0c\x1a\x8cQ\x06\x00\
\x00\x00\x80\x8e+..\xf6\xf7\xf7\x97\xae\x00\x9e\x82Q\
\x06\x0dv\xe3\xc6\x8d\xb3g\xcfJW\x00\x00\x00\x00\xc0\
c\xed\xdb\xb7\xaf\xbc\xbc\x5c\xba\x02x\x0aF\x194\x06\
\x87e\x00\x00\x00\x00\xe82\xee.A/0\xca\xa01\
\x18e\x00\x00\x00\x00\xe8\xack\xd7\xae\x1d;vL\xba\
\x02x:F\x194Frrrbb\xa2t\x05\x00\
\x00\x00\x00<\x82\x87\x87\x87t\x02P/\x8c2h$\
___\xe9\x04\x00\x00\x00\x00x\x98J\xa5\xf2\xf4\xf4\
\x94\xae\x00\xea\x85Q\x06\x8d\xc4\x0d&\x00\x00\x00\x00:\
(&&&==]\xba\x02\xa8\x17F\x194Rb\
b\xe2\xd5\xabW\xa5+\x00\x00\x00\x00\xe0\x17x\xc4/\
\xf4\x08\xa3\x0c\x1a\x8f\xc32\x00\x00\x00\x00tJII\
\x09\xffN\x81\x1ea\x94A\xe3\xf1\x9b\x1d\x00\x00\x00\x00\
\x9d\xe2\xeb\xeb[VV&]\x01\xd4\x17\xa3\x0c\x1a\xef\
\xdc\xb9siii\xd2\x15\x00\x00\x00\x00\xf0\x13\xee.\
A\xbf0\xca\xe0\x99\xf8\xf9\xf9I'\x00\x00\x00\x00\x80\
\x89\x89\x89Ijjjll\xact\x05\xd0\x00\x8c2\
x&\xbc\x18\x1b\x00\x00\x00\x80\x8e\xf0\xf4\xf4T\xa9T\
\xd2\x15@\x030\xca\xe0\x99\x9c<y2++K\xba\
\x02\x00\x00\x00\x80\xb1S\xa9T\x1e\x1e\x1e\xd2\x15@\xc3\
0\xca\xe0\x99\xa8T*n0\x01\x00\x00\x00\x10w\xe4\
\xc8\x91\x1b7nHW\x00\x0d\xc3(\x83g\xc5\x0d&\
\x00\x00\x00\x00\xe28&\x03}\xc4(\x83g\x15\x17\x17\
\x97\x97\x97']\x01\x00\x00\x00\xc0x\x95\x96\x96\xf2\xd1\
b\xe8#F\x19<+\xa5R\x19\x10\x10 ]\x01\x00\
\x00\x00\xc0x\xf9\xfa\xfa\xde\xbbwO\xba\x02h0F\
\x19\xa8\x81B\xa1\x90N\x00\x00\x00\x00`\xbc\xb8\xbb\x04\
=\xc5(\x035\x88\x89\x89),,\x94\xae\x00\x00\x00\
\x00`\x8cn\xdc\xb8q\xf8\xf0a\xe9\x0a\xa01\x18e\
\xa0\x06555\x07\x0e\x1c\x90\xae\x00\x00\x00\x00`\x8c\
\xbc\xbc\xbcT*\x95t\x05\xd0\x18\x8c2P\x0fn0\
\x01\x00\x00\x00\xd0>\x95J\xb5s\xe7N\xe9\x0a\xa0\x91\
\x18e\xa0\x1e\x91\x91\x91\xc5\xc5\xc5\xd2\x15\x00\x00\x00\x00\
\x8cK\x5c\x5c\x5cjj\xaat\x05\xd0H\x8c2P\x8f\
\xaa\xaa\xaa\xa0\xa0 \xe9\x0a\x00\x00\x00\x00\xc6\x85G\xfc\
B\xaf1\xca@m\xb8\xc1\x04\x00\x00\x00@\x9b\xca\xca\
\xca\xf6\xed\xdb']\x014\x1e\xa3\x0c\xd4&,,\xac\
\xb4\xb4T\xba\x02\x00\x00\x00\x80\xb1\xf0\xf3\xf3+))\
\x91\xae\x00\x1a\x8fQ\x06jS^^~\xf0\xe0A\xe9\
\x0a\x00\x00\x00\x00\xc6\x82\xbbK\xd0w\x8c2P'n\
0\x01\x00\x00\x00\xd0\x8e\xf4\xf4\xf4\xe8\xe8h\xe9\x0a\xe0\
\x990\xca@\x9dBBB***\xa4+\x00\x00\x00\
\x00\x18>///\xa5R)]\x01<\x13F\x19\xa8\
\xd3\xbd{\xf7\x22\x22\x22\xa4+\x00\x00\x00\x00\x18>\xee\
.\xc1\x000\xca@\xcd|}}\xa5\x13\x00\x00\x00\x00\
\x18\xb8\xf8\xf8\xf8\x94\x94\x14\xe9\x0a\xe0Y1\xca@\xcd\
\x82\x82\x82\xaa\xab\xab\xa5+\x00\x00\x00\x00\x18\xb2\x9d;\
wJ'\x00j\xc0(\x035+**\x8a\x8a\x8a\x92\
\xae\x00\x00\x00\x00`\xb0\xca\xcb\xcb\xf7\xed\xdb']\x01\
\xa8\x01\xa3\x0c\xd4\x8f\x1bL\x00\x00\x00\x004'  \
\xe0\xee\xdd\xbb\xd2\x15\x80\x1a0\xca@\xfd\x0e\x1c8P\
[[+]\x01\x00\x00\x00\xc00qw\x09\x06\x83Q\
\x06\xeaWPPp\xe4\xc8\x11\xe9\x0a\x00\x00\x00\x00\x06\
(++\xeb\xd0\xa1C\xd2\x15\x80z0\xca@#\x14\
\x0a\x85t\x02\x00\x00\x00\x00\x03\xe4\xe5\xe5\xa5T*\xa5\
+\x00\xf5`\x94\x81F\xf8\xf9\xf9\xf1\x1b%\x00\x00\x00\
\x00\xb5\xe3\xee\x12\x0c\x09\xa3\x0c4\x22777>>\
^\xba\x02\x00\x00\x00\x80A9y\xf2\xe4\xd5\xabW\xa5\
+\x00\xb5a\x94\x81\xa6p\x83\x09\x00\x00\x00\x80zq\
L\x06\x06\x86Q\x06\x9a\xa2P(T*\x95t\x05\x00\
\x00\x00\x00\x03QQQ\xe1\xed\xed-]\x01\xa8\x13\xa3\
\x0c4%##\xe3\xf4\xe9\xd3\xd2\x15\x00\x00\x00\x00\x0c\
D```QQ\x91t\x05\xa0N\x8c2\xd0 n\
0\x01\x00\x00\x00P\x17\xee.\xc1\xf00\xca@\x83\x18\
e\x00\x00\x00\x00\xa8ENNNDD\x84t\x05\xa0\
f\x8c2\xd0\xa0\xeb\xd7\xaf_\xb8pA\xba\x02\x00\x00\
\x00\x80\xde\xdb\xb5kWmm\xadt\x05\xa0f\x8c2\
\xd0,\x0e\xcb\x00\x00\x00\x00xv\xdc]\x82Ab\x94\
\x81f1\xca\x00\x00\x00\x00xF\xa7O\x9f\xbe|\xf9\
\xb2t\x05\xa0~\x8c2\xd0\xac\xa4\xa4\xa4\xa4\xa4$\xe9\
\x0a\x00\x00\x00\x00z\xcc\xc3\xc3C:\x01\xd0\x08F\x19\
h\x9c\xaf\xaf\xaft\x02\x00\x00\x00\x00}UYY\xb9\
w\xef^\xe9\x0a@#\x18e\xa0q\xdc`\x02\x00\x00\
\x00\xd0hAAA\x85\x85\x85\xd2\x15\x80F0\xca@\
\xe3\x12\x12\x12\xae]\xbb&]\x01\x00\x00\x00@/q\
w\x09\x06\x8cQ\x06\xda\xc0a\x19\x00\x00\x00\x00\x8d\x90\
\x9b\x9b\x1b\x16\x16&]\x01h\x0a\xa3\x0c\xb4\x81Q\x06\
\x00\x00\x00@#\xec\xde\xbd\xbb\xa6\xa6F\xba\x02\xd0\x14\
F\x19h\xc3\xe9\xd3\xa7\xd3\xd3\xd3\xa5+\x00\x00\x00\x00\
\xe8\x19\xee.\xc1\xb01\xca@K\xfc\xfc\xfc\xa4\x13\x00\
\x00\x00\x00\xe8\x93s\xe7\xce]\xbatI\xba\x02\xd0 \
F\x19h\x09/\xc6\x06\x00\x00\x00\xd0 ;w\xee\x94\
N\x004\x8bQ\x06Z\x12\x1f\x1f\x9f\x93\x93#]\x01\
\x00\x00\x00@?TUU\xed\xd9\xb3G\xba\x02\xd0,\
F\x19h\x89J\xa5\xf2\xf7\xf7\x97\xae\x00\x00\x00\x00\xa0\
\x1fBBBn\xdf\xbe-]\x01h\x16\xa3\x0c\xb4\x87\
w0\x01\x00\x00\x00\xa8'\xee.\xc1\x180\xca@{\
\x8e\x1c9RPP ]\x01\x00\x00\x00@\xd7\xe5\xe7\
\xe7\x1f<xP\xba\x02\xd08F\x19hOmmm\
@@\x80t\x05\x00\x00\x00\x00]\xb7g\xcf\x9e\x9a\x9a\
\x1a\xe9\x0a@\xe3\x18e\xa0U\xdc`\x02\x00\x00\x00\xf0\
T\xdc]\x82\x91`\x94\x81VEEE\x15\x15\x15I\
W\x00\x00\x00\x00\xd0]\x09\x09\x09\x09\x09\x09\xd2\x15\x80\
60\xca@\xab\xaa\xab\xab\x03\x03\x03\xa5+\x00\x00\x00\
\x00\xe8.\x8e\xc9\xc0x0\xca@\xdb\xb8\xc1\x04\x00\x00\
\x00\xe0q\xaa\xab\xabw\xef\xde-]\x01h\x09\xa3\x0c\
\xb4-\x22\x22\xa2\xa4\xa4D\xba\x02\x00\x00\x00\x80.\x0a\
\x0d\x0d\xbdu\xeb\x96t\x05\xa0%\x8c2\xd0\xb6\x8a\x8a\
\x8a\x90\x90\x10\xe9\x0a\x00\x00\x00\x00\xba\x88\xbbK0*\
\x8c2\x10\xc0\x0d&\x00\x00\x00\x00\xff\xab\xa0\xa0 8\
8X\xba\x02\xd0\x1eF\x19\x08\x08\x0d\x0d-++\x93\
\xae\x00\x00\x00\x00\xa0[\xf6\xee\xdd[]]-]\x01\
h\x0f\xa3\x0c\x04\x94\x96\x96\x86\x85\x85IW\x00\x00\x00\
\x00\xd0-\xdc]\x82\xb1a\x94\x81\x0cn0\x01\x00\x00\
\x00x\xd0\xa5K\x97\xce\x9d;']\x01h\x15\xa3\x0c\
d\x04\x07\x07WUUIW\x00\x00\x00\x00\xd0\x15\x1e\
\x1e\x1e\xd2\x09\x80\xb61\xca@Fqqqdd\xa4\
t\x05\x00\x00\x00\x00\x9dPSS\xb3k\xd7.\xe9\x0a\
@\xdb\x18e \xc6\xd7\xd7W:\x01\x00\x00\x00\x80N\
\x08\x0f\x0f\xcf\xcb\xcb\x93\xae\x00\xb4\x8dQ\x06b\x02\x03\
\x03kjj\xa4+\x00\x00\x00\x00\xc8\xe3\x11\xbf0N\
\x8c2\x10SXX\x18\x13\x13#]\x01\x00\x00\x00@\
Xaaa``\xa0t\x05 \x80Q\x06\x92x\x07\
\x13\x00\x00\x00\x00ooo^\x03\x02\xe3\xc4(\x03I\
\xfe\xfe\xfeJ\xa5R\xba\x02\x00\x00\x00\x80$\xee.\xc1\
h1\xca@R~~~ll\xact\x05\x00\x00\x00\
\x001\x97/_>}\xfa\xb4t\x05 \x83Q\x06\xc2\
\xb8\xc1\x04\x00\x00\x00\x183\x0f\x0f\x0f\xe9\x04@\x0c\xa3\
\x0c\x84)\x14\x0a\x95J%]\x01\x00\x00\x00@@m\
m\xad\x97\x97\x97t\x05 \x86Q\x06\xc2\xb2\xb3\xb3O\
\x9c8!]\x01\x00\x00\x00@@DDDNN\x8e\
t\x05 \x86Q\x06\xf2\xb8\xc1\x04\x00\x00\x00\x18'\xee\
.\xc1\xc81\xca@\x1e\xa3\x0c\x00\x00\x00`\x84\x8a\x8a\
\x8a\x02\x02\x02\xa4+\x00I\x8c2\x90w\xe3\xc6\x8d\xb3\
g\xcfJW\x00\x00\x00\x00\xd0*oo\xef\xca\xcaJ\
\xe9\x0a@\x12\xa3\x0ct\x02\x87e\x00\x00\x00\x00c\xc3\
\xdd%\x80Q\x06:\x81Q\x06\x00\x00\x000*W\xae\
\x5c\xe1\x8d\x1f\x00\xa3\x0ctBrrrbb\xa2t\
\x05\x00\x00\x00\x00-\xe1\x98\x0c`\xc2(\x03\xdd\xe1\xeb\
\xeb+\x9d\x00\x00\x00\x00@\x1b\x94J\xa5\x97\x97\x97t\
\x05 \x8fQ\x06\xba\x82\x1bL\x00\x00\x00\x80\x918t\
\xe8PVV\x96t\x05 \x8fQ\x06\xba\x2211\xf1\
\xea\xd5\xab\xd2\x15\x00\x00\x00\x004n\xe7\xce\x9d\xd2\x09\
\x80N`\x94\x81\x0e\xe1\xb0\x0c\x00\x00\x00`\xf0\xee\xde\
\xbd\x1b\x10\x10 ]\x01\xe8\x04F\x19\xe8\x10F\x19\x00\
\x00\x00\xc0\xe0\xed\xdb\xb7\xaf\xbc\xbc\x5c\xba\x02\xd0\x09\x8c\
2\xd0!\xe7\xce\x9dKKK\x93\xae\x00\x00\x00\x00\xa0\
A\xdc]\x02\xeec\x94\x81n\xf1\xf3\xf3\x93N\x00\x00\
\x00\x00\xa0))))\xf1\xf1\xf1\xd2\x15\x80\xae`\x94\
\x81n\xe1\xc5\xd8\x00\x00\x00\x80\x01\xf3\xf0\xf0\x90N\x00\
t\x08\xa3\x0ct\xcb\xc9\x93'y7\x1e\x00\x00\x00`\
\x90\x94J\xa5\xa7\xa7\xa7t\x05\xa0C\x18e\xa0[T\
*\x157\x98\x00\x00\x00\x00\x83\x14\x13\x13\x93\x91\x91!\
]\x01\xe8\x10F\x19\xe8\x1cn0\x01\x00\x00\x00\x06i\
\xf7\xee\xdd\xd2\x09\x80na\x94\x81\xce\x89\x8b\x8b\xcb\xcb\
\xcb\x93\xae\x00\x00\x00\x00\xa0f\x1b7n\x0c\x0b\x0b\xfb\
\xe4\x93O:w\xee,\xdd\x02\xe8\x04F\x19\xe8\x1c\x82\
)\xc9\xce\x00\x00 \x00IDAT\xa5R\x19\x10\x10\
 ]\x01\x00\x00\x00@\xcd\xac\xad\xad'M\x9a\xb4~\
\xfd\xfa\x9b7o&$$|\xf9\xe5\x97\xc3\x86\x0d3\
55\x95\xee\x02\xc40\xca@\x17)\x14\x0a\xe9\x04\x00\
\x00\x00\x00\x1a\xd4\xbf\x7f\xff?\xff\xf9\xcf'N\x9c\xc8\
\xc9\xc9\xd9\xb6m\x9b\xab\xabk\xd3\xa6M\xa5\xa3\x00m\
c\x94\x81.\x8a\x89\x89),,\x94\xae\x00\x00\x00\x00\
\xa0qm\xdb\xb6\x9d7o^@@\xc0\xed\xdb\xb7C\
BB>\xfe\xf8\xe3\xe7\x9e{N:\x0a\xd0\x12F\x19\
\xe8\xa2\x9a\x9a\x9a\x03\x07\x0eHW\x00\x00\x00\x00\xd0\x9e\
&M\x9aL\x992e\xe3\xc6\x8d\x99\x99\x99\xe7\xce\x9d\
\xfb\xc7?\xfe1x\xf0`.7\xc1\xb01\xca@G\
q\x83\x09\x00\x00\x000Z/\xbd\xf4\xd2\x17_|q\
\xe6\xcc\x99\xcc\xcc\xcc\xcd\x9b7O\x9d:\xd5\xc6\xc6F\
:\x0aP?F\x19\xe8\xa8\xc8\xc8\xc8\xe2\xe2b\xe9\x0a\
\x00\x00\x00\x00\x92:t\xe80\x7f\xfe\xfc\xa0\xa0\xa0\x82\
\x82\x82\xc0\xc0\xc0\x8f>\xfa\xa8}\xfb\xf6\xd2Q\x80\xda\
0\xca@GUUU\x05\x05\x05IW\x00\x00\x00\x00\
\xd0\x09M\x9b6\x9d6m\xda\x96-[\xb2\xb2\xb2\xe2\
\xe3\xe3\x17/^\xdc\xa1C\x07\xe9(\xe0Y1\xca@\
wq\x83\x09\x00\x00\x00\xc0CLMMG\x8c\x18\xb1\
z\xf5\xea\xcc\xcc\xcc\xd8\xd8\xd8E\x8b\x16\xb5k\xd7N\
:\x0ah$F\x19\xe8\xae\xb0\xb0\xb0\xd2\xd2R\xe9\x0a\
\x00\x00\x00\x00\xba\xc8\xd4\xd4t\xf4\xe8\xd1\xeb\xd6\xad\xcb\
\xca\xca:|\xf8\xf0\xc2\x85\x0b\xdb\xb4i#\x1d\x054\
\x0c\xa3\x0ctWyy\xf9\xc1\x83\x07\xa5+\x00\x00\x00\
\x00\xe84333gg\xe7\x0d\x1b6dggG\
EE\xcd\x9f?\xdf\xd1\xd1Q:\x0a\xa8\x17F\x19\xe8\
4n0\x01\x00\x00\x00\xa8'ss\xf3\xf1\xe3\xc7o\
\xde\xbc9'''<<\xfc\xd7\xbf\xfe\xb5\x83\x83\x83\
t\x14\xf0$\x8c2\xd0i!!!\x15\x15\x15\xd2\x15\
\x00\x00\x00\x00\xf4\x89\x85\x85\xc5\xc4\x89\x13\x7f\xf8\xe1\x87\
\xdc\xdc\xdc\x83\x07\x0f\xbe\xff\xfe\xfb\xf6\xf6\xf6\xd2Q\xc0\
#0\xca@\xa7\xdd\xbbw/\x22\x22B\xba\x02\x00\x00\
\x00\x80^\xb2\xb4\xb4\x9c<y\xf2\x8e\x1d;\xf2\xf2\xf2\
\x82\x82\x82\xe6\xce\x9dkgg'\x1d\x05\xfc\x8cQ\x06\
\xba\xce\xd7\xd7W:\x01\x00\x00\x00\x80~\xb3\xb2\xb2\x9a\
:u\xaa\xa7\xa7g~~~@@\xc0\xec\xd9\xb3\x9b\
7o.\x1d\x050\xca@\xe7\x05\x05\x05UWWK\
W\x00\x00\x00\x000\x04\xd6\xd6\xd6\xae\xae\xae\xbbw\xef\
\xce\xcb\xcb\xf3\xf2\xf2z\xf5\xd5WMMM\xa5\xa3`\
\xbc\x18e\xa0\xeb\x8a\x8a\x8a\xa2\xa2\xa2\xa4+\x00\x00\x00\
\x00\x18\x94\xa6M\x9b\xbe\xf3\xce;\x87\x0e\x1d\xbaq\xe3\
\xc6\x97_~\xf9\xfc\xf3\xcfK\x17\xc1\x181\xca@\x0f\
p\x83\x09\x00\x00\x00\x80\x86t\xee\xdc\xf9\xcf\x7f\xfes\
JJ\xca\xb1c\xc7>\xfa\xe8#\x1e:\x03mb\x94\
\x81\x1e8p\xe0@mm\xadt\x05\x00\x00\x00\x00C\
6r\xe4\xc8-[\xb6\xe4\xe6\xe6\xee\xde\xbd{\xe2\xc4\
\x89ff\xfc{\x19\x1a\xc7O2\xe8\x81\x82\x82\x82#\
G\x8eHW\x00\x00\x00\x000|666\xb3g\xcf\
\x0e\x0f\x0f\xbfy\xf3\xe6\x8a\x15+z\xf6\xec)]\x04\
C\xc6(\x03\xfd\xa0P(\xa4\x13\x00\x00\x00\x00\x18\x91\
\x8e\x1d;\xfe\xe9O\x7f\xbaz\xf5\xea\xf1\xe3\xc7\x17,\
X\xd0\xa2E\x0b\xe9\x22\x18 F\x19\xe8\x07???\
\xa5R)]\x01\x00\x00\x00\xc0\xe8\x0c\x1f>|\xd3\xa6\
M\xb9\xb9\xb9{\xf7\xee}\xed\xb5\xd7\xb8\xd6\x045\xe2\
'\x13\xf4Cnnn||\xbct\x05\x00\x00\x00\x00\
#\xd5\xa4I\x93Y\xb3f\x85\x86\x86\xa6\xa7\xa7\x7f\xfd\
\xf5\xd7\xbd{\xf7\x96.\x82!`\x94\x81\xde\xe0\x06\x13\
\x00\x00\x00\x00q\xcf=\xf7\xdc\x1f\xfe\xf0\x87\xa4\xa4\xa4\
\x93'O~\xfc\xf1\xc7\xb6\xb6\xb6\xd2E\xd0c\x8c2\
\xd0\x1b\x0a\x85B\xa5RIW\x00\x00\x00\x00\x80\x89\x89\
\x89\xc9\xd0\xa1C7n\xdc\x98\x9d\x9d\xbdi\xd3\xa6\xfe\
\xfd\xfbK\xe7@/1\xca@oddd\x9c>}\
Z\xba\x02\x00\x00\x00\x00~\xd6\xbcy\xf3\x05\x0b\x16$\
$$\x1c;v\xec\x9dw\xde\xb1\xb6\xb6\x96.\x82>\
a\x94\x81>\xe1\x06\x13\x00\x00\x00\x00\xdd4r\xe4H\
//\xaf\xcc\xcc\xcco\xbe\xf9\xa6[\xb7n\xd29\xd0\
\x0f\x8c2\xd0'\x8c2\x00\x00\x00\x00t\x99\xa3\xa3\xe3\
\xef\x7f\xff\xfbk\xd7\xae\x1d<xp\xda\xb4i\xbc\xaa\
\x09O\xc6\xcf\x0f\xe8\x93\xeb\xd7\xaf_\xb8pA\xba\x02\
\x00\x00\x00\x00\x9e\xc4\xcc\xccl\xf2\xe4\xc9\x81\x81\x81\xa9\
\xa9\xa9\x9f\x7f\xfey\xdb\xb6m\xa5\x8b\xa0\xa3\x18e\xa0\
g8,\x03\x00\x00\x00@_t\xe9\xd2\xe5\xab\xaf\xbe\
\xca\xc8\xc8\xf0\xf6\xf6~\xe5\x95W\xa4s\xa0s\x18e\
\xa0g\x18e\x00\x00\x00\x00\xe8\x17KKKww\xf7\
#G\x8e$&&.Z\xb4\xc8\xce\xceN\xba\x08\xba\
\x82Q\x06z&)))))I\xba\x02\x00\x00\x00\
\x00\x1a\xec\xc5\x17_\x5c\xb7n]VV\xd6\xe6\xcd\x9b\
\x07\x0c\x18 \x9d\x03y\x8c2\xd0?\xbe\xbe\xbe\xd2\x09\
\x00\x00\x00\x00\xd0H\xcd\x9b7\x9f?\x7f\xfe\x85\x0b\x17\
\xe2\xe3\xe3\xe7\xce\x9d\xcb[\xb4\x8d\x19\xa3\x0c\xf4\x0f7\
\x98\x00\x00\x00\x00\x18\x80\x11#Fxzzfdd\
\xfc\xe3\x1f\xffh\xdd\xba\xb5t\x0e\x040\xca@\xff$\
$$\x5c\xbbvM\xba\x02\x00\x00\x00\x00\xd4\xa0u\xeb\
\xd6_|\xf1Ezz\xfa\x96-[z\xf7\xee-\x9d\
\x03\xadb\x94\x81^\xe2\xb0\x0c\x00\x00\x00\x00C\xd2\xa4\
I\x93\x8f>\xfa\xe8\xf2\xe5\xcb\xc1\xc1\xc1c\xc7\x8e\x95\
\xce\x81\x960\xca@/1\xca\x00\x00\x00\x000<\xa6\
\xa6\xa6\xaf\xbf\xfezLL\xcc\xd9\xb3gg\xcf\x9em\
aa!]\x04\xcdb\x94\x81^:}\xfatzz\
\xbat\x05\x00\x00\x00\x00h\xc4\xa0A\x83v\xef\xde\x9d\
\x9a\x9a\xba|\xf9r^\xa1m\xc0\x18e\xa0\xaf\xfc\xfc\
\xfc\xa4\x13\x00\x00\x00\x00@\x83:u\xea\xf4\xddw\xdf\
edd\xfc\xeb_\xff\xea\xdc\xb9\xb3t\x0e\xd4\x8fQ\
\x06\xfa\x8a\x17c\x03\x00\x00\x000\x06vvvK\x97\
.\xbd~\xfd\xfa\xde\xbd{\x07\x0f\x1e,\x9d\x03ub\
\x94\x81\xbe\x8a\x8f\x8f\xcf\xc9\xc9\x91\xae\x00\x00\x00\x00\x00\
m\xb0\xb0\xb0\x985k\xd6\x993g\x0e\x1f><m\
\xda4SSS\xe9\x22\xa8\x01\xa3\x0c\xf4\x95J\xa5\xf2\
\xf7\xf7\x97\xae\x00\x00\x00\x00\x00\xadrvv\x0e\x0c\x0c\
LJJZ\xb0`A\x93&M\xa4s\xf0L\x18e\
\xa0\xc7x\x07\x13\x00\x00\x00\x00\xe3\xd4\xabW\xafM\x9b\
6\xa5\xa7\xa7\xff\xfd\xef\x7fo\xdd\xba\xb5t\x0e\x1a\x89\
Q\x06z\xec\xc8\x91#\x05\x05\x05\xd2\x15\x00\x00\x00\x00\
 \xa3u\xeb\xd6\x7f\xfb\xdb\xdf\xd2\xd3\xd37l\xd8\xc0\
\x93\x80\xf5\x11\xa3\x0c\xf4Xmmm@@\x80t\x05\
\x00\x00\x00\x00Hj\xd2\xa4\xc9\xc2\x85\x0b\xaf]\xbb\xb6\
u\xebV'''\xe9\x1c4\x00\xa3\x0c\xf4\x1b7\x98\
\x00\x00\x0d\xd2\xa9S\xa7^\xbdzIW\x00\x00\xa0~\
\x96\x96\x96\x1f~\xf8\xe1\xd5\xabW=<<z\xf6\xec\
)\x9d\x83za\x94\x81~\x8b\x8a\x8a***\x92\xae\
\x00\x00\xe8\x81Q\xa3F\xed\xdb\xb7/55u\xd4\xa8\
Q\xd2-\x00\x00h\x8a\x85\x85\xc5\xbb\xef\xbe{\xf9\xf2\
\xe5={\xf6\xf4\xe9\xd3G:\x07O\xc1(\x03\xfdV\
]]\x1d\x18\x18(]\x01\x00\xd0]\x96\x96\x96\xef\xbc\
\xf3\xce\xe9\xd3\xa7\xe3\xe2\xe2\xdez\xeb-\x0b\x0b\x0b\xe9\
\x22\x00\x004\xce\xdc\xdc\xfc\xed\xb7\xdfNLL\xdc\xbf\
\x7f\xff\x80\x01\x03\xa4s\xf0X\x8c2\xd0{\xdc`\x02\
\x00<R\xeb\xd6\xad\xff\xfa\xd7\xbf\xde\xbcy\xd3\xcb\xcb\
\xeb\xe5\x97_\x96\xce\x01\x00@\xdbLMM\xdf|\xf3\
\xcd\xf3\xe7\xcf\x07\x04\x04\x0c\x1e<X:\x07\x8f\xc0(\
\x03\xbd\x17\x11\x11QRR\x22]\x01\x00\xd0!\x03\x06\
\x0c\xd8\xbe}{FF\xc6?\xff\xf9\xcf\xf6\xed\xdbK\
\xe7\x00\x00 \xc9\xd4\xd4\xd4\xd5\xd5\xf5\xcc\x993!!\
!\xc3\x87\x0f\x97\xce\xc1/0\xca@\xefUTT\x84\
\x84\x84HW\x00\x00\xe4\x99\x99\x99\xcd\x981\xe3\xf0\xe1\
\xc3\x17.\x5c\xf8\xe0\x83\x0f\xac\xad\xad\xa5\x8b\x00\x00\xd0\
!S\xa6L9~\xfcxdd\xe4\x981c\xa4[\
\xf0\x13F\x19\x18\x02n0\x01\x80\x91\xb3\xb3\xb3[\xb2\
d\xc9\xb5k\xd7\xfc\xfd\xfd\x9d\x9d\x9d\xa5s\x00\x00\xd0\
]...G\x8f\x1e=|\xf8\xf0\xab\xaf\xbe*\xdd\
\x02F\x19\x18\x84\xd0\xd0\xd0\xb2\xb22\xe9\x0a\x00\x80\x80\
\x1e=z\xac[\xb7.++\xeb\xfb\xef\xbf\xef\xd6\xad\
\x9bt\x0e\x00\x00\xfa\xc1\xd9\xd9\xf9\xd0\xa1C\xc7\x8e\x1d\
{\xed\xb5\xd7\xa4[\x8c\x1a\xa3\x0c\x0cAiiiX\
X\x98t\x05\x00@\xab&L\x98\x10\x1c\x1c|\xf5\xea\
\xd5E\x8b\x165o\xde\x5c:\x07\x00\x00\xfd3r\xe4\
\xc8\xd0\xd0\xd0S\xa7NM\x9b6M\xba\xc5H1\xca\
\xc0@p\x83\x09\x00\x8c\x84\x8d\x8d\xcd\xfc\xf9\xf3\x13\x13\
\x13#\x22\x22^\x7f\xfduSSS\xe9\x22\x00\x00\xf4\
\xdb\x90!C\x02\x03\x03\xcf\x9e=;i\xd2$\xe9\x16\
\xa3\xc3(\x03\x03\x11\x1c\x1c\x5cUU%]\x01\x00\xd0\
\xa0\x8e\x1d;\xae\x5c\xb92##c\xf3\xe6\xcd/\xbe\
\xf8\xa2t\x0e\x00\x00\x06e\xd0\xa0Aaaa\xd1\xd1\
\xd1\xc3\x86\x0d\x93n1\x22\x8c20\x10\xc5\xc5\xc5\x91\
\x91\x91\xd2\x15\x00\x00\x8d\x181b\x84\xb7\xb7wZZ\
\xda\x1f\xff\xf8\xc7V\xadZI\xe7\x00\x00`\xb0\xc6\x8d\
\x1bw\xe2\xc4\x09\x7f\x7f\xff>}\xfaH\xb7\x18\x05F\
\x19\x18\x0e___\xe9\x04\x00\x80:YZZ\xce\x9e\
=\xfb\xe4\xc9\x93\xf1\xf1\xf1\xee\xee\xee\x16\x16\x16\xd2E\
\x00\x00\x18\x85\x193f\x5c\xbati\xe7\xce\x9d]\xba\
t\x91n1p\x8c20\x1c\x81\x81\x81555\xd2\
\x15\x00\x005ptt\xfc\xf3\x9f\xff|\xe3\xc6\x8d\xdd\
\xbbw\x0f\x1d:T:\x07\x00\x00\xa3cff\xf6\xde\
{\xef]\xbdzu\xf5\xea\xd5\xad[\xb7\x96\xce1X\
\x8c20\x1c\x85\x85\x85111\xd2\x15\x00\x80g\xd2\
\xaf_\xbfm\xdb\xb6edd|\xf9\xe5\x97\x1d:t\
\x90\xce\x01\x00\xc0\xa8Y[[/^\xbc\xf8\xfa\xf5\xeb\
\xff\xf8\xc7?lmm\xa5s\x0c\x10\xa3\x0c\x0c\x0a\xef\
`\x02\x00=eff6}\xfa\xf4\xe8\xe8\xe8\x8b\x17\
/\xce\x9b7\xafI\x93&\xd2E\x00\x00\xe0'\xb6\xb6\
\xb6_|\xf1Ejj\xea\x92%K\xac\xad\xad\xa5s\
\x0c\x0a\xa3\x0c\x0c\x8a\xbf\xbf\xbfR\xa9\x94\xae\x00\x004\
\x80\x9d\x9d\xdd\xe2\xc5\x8b\x93\x93\x93\x0f\x1c80n\xdc\
8\xe9\x1c\x00\x00\xf0h\x8e\x8e\x8e\xdf\x7f\xff}rr\
\xf2\xbcy\xf3\xcc\xcd\xcd\xa5s\x0c\x04\xa3\x0c\x0cJ~\
~~ll\xact\x05\x00\xa0^\xbaw\xef\xbef\xcd\
\x9a\xcc\xcc\xcc\xd5\xabWw\xef\xde]:\x07\x00\x00<\
]\xe7\xce\x9d\xb7m\xdbv\xe9\xd2%777\xe9\x16\
C\xc0(\x03C\xc3\x0d&\x00\xd0}\xe3\xc7\x8f\x0f\x0c\
\x0cLNN\xfe\xf4\xd3O\xb9\xa0\x0e\x00\x80\xdey\xe1\
\x85\x17\x14\x0a\xc5\xc9\x93'9\xe5\xfa\x8c\x18e`h\
\x14\x0a\x85J\xa5\x92\xae\x00\x00<B\x93&M>\xfc\
\xf0\xc3\x8b\x17/FEEM\x9b6\xcd\xcc\x8c\xbf\x87\
\x00\x00\xa0\xc7\x86\x0e\x1d\x1a\x1d\x1d\x1d\x11\x111x\xf0\
`\xe9\x16}\xc5_\x86`h\xb2\xb3\xb3O\x9c8!\
]\x01\x00\xf8\x85\x0e\x1d:|\xf5\xd5W\x19\x19\x19[\
\xb7n\xed\xd7\xaf\x9ft\x0e\x00\x00P\x9b\x09\x13&\x9c\
>}z\xff\xfe\xfd=z\xf4\x90n\xd1?\x8c20\
@\xdc`\x02\x00\xdd1t\xe8\xd0={\xf6\xdc\xb8q\
\xe3\xf3\xcf?wtt\x94\xce\x01\x00\x00\xeagjj\
\xfa\xe6\x9bo\xfe\xf8\xe3\x8f\xdf\x7f\xff\xbd\xbd\xbd\xbdt\
\x8e>a\x94\x81\x01b\x94\x01\x00q\x16\x16\x16\xb3f\
\xcd:~\xfc\xf8\xc9\x93'\xdf~\xfbmKKK\xe9\
\x22\x00\x00\xa0Y\x96\x96\x96K\x96,III\xf9\xf8\
\xe3\x8fy=S=1\xca\xc0\x00\xdd\xb8q\xe3\xec\xd9\
\xb3\xd2\x15\x00`\xa4Z\xb5j\xf5\xa7?\xfd)--\
m\xef\xde\xbd\xc3\x87\x0f\x97\xce\x01\x00\x00Z\xe5\xe8\xe8\
\xb8q\xe3\xc6\xf3\xe7\xcf\xbf\xfa\xea\xab\xd2-z\x80Q\
\x06\x86\x89\xc32\x00\xa0}/\xbe\xf8\xe2\x96-[2\
22V\xacX\xd1\xb1cG\xe9\x1c\x00\x00 \xa6_\
\xbf~\x87\x0e\x1d:p\xe0\xc0\xf3\xcf?/\xdd\xa2\xd3\
\x18e`\x98|}}\xa5\x13\x00\xc0X\x98\x9a\x9aN\
\x9d:522211\xf1\xa3\x8f>\xb2\xb1\xb1\x91\
.\x02\x00\x00:a\xfa\xf4\xe9?\xfe\xf8\xe3w\xdf}\
ggg'\xdd\xa2\xa3\x18e`\x98RRR.]\
\xba$]\x01\x00\x06\xaey\xf3\xe6\x9f~\xfairr\
rPP\x90\x8b\x8b\x8bt\x0e\x00\x00\xd09VVV\
\xcb\x97/OII\x99?\x7f\xbe\x99\x19\x13\xc4\xc3L\
\xa5\x03\x00M\xf9\xdb\xdf\xfe\xf6\xf7\xbf\xff]\xba\x02\x00\
\x0cVAA\x81\xa5\xa5e\x8b\x16-\xa4C\x00\x00\x80\
~HHHX\xb2dILL\x8ct\x88\x0ea\x94\
\x81\xc1\xea\xdb\xb7/\x87e\x00\x00\x00\x00@\xa7\xf8\xfb\
\xfb/_\xbe<55U:D'0\xca\xc0\x90]\
\xb9r\xa5W\xaf^\xd2\x15\x00\x00\x00\x00\x80\x9fUV\
V\xaeY\xb3\xe6\xcb/\xbf,))\x91n\x11\xc6\x9b\
\xc3a\xc8\xda\xb7o?f\xcc\x18\xe9\x0a\x00\x00\x00\x00\
\xc0\xcf,,,F\x8d\x1a5o\xde\xbc\xa2\xa2\xa2\x0b\
\x17.\xa8T*\xe9\x221<e\x07\x86\x8c\x17c\x03\
\x00\x00\x00\x80nj\xdb\xb6\xed\xd6\xad[\xcf\x9c9\xf3\
\xca+\xafH\xb7\x88\xe1\xfa\x12\x0c\x5cjjj\xb7n\
\xdd\xa4+\x00\x00\x00\x00\x00\x8f\xa5P(>\xfb\xec\xb3\
\xb4\xb44\xe9\x10m\xe3\xa4\x0c\x0c\x9c\x9f\x9f\x9ft\x02\
\x00\x00\x00\x00\xe0I\xdex\xe3\x8d\x9d;wJW\x08\
`\x94\x81\x81\xf3\xf5\xf5\x95N\x00\x00\x00\x00\x00<E\
EE\x85t\x82\x00F\x19\x18\xb8\x93'Ofee\
IW\x00\x00\x00\x00\x00\x9e\x84Q\x060@*\x95\x8a\
\x1bL\x00\x00\x00\x00\xa0\xe3\xca\xcb\xcb\xa5\x13\x040\xca\
\xc0\xf0q\x83\x09\x00\x00\x00\x00t\x1c\xa3\x0c`\x98\xe2\
\xe2\xe2\xf2\xf2\xf2\xa4+\x00\x00\x00\x00\x00\x8f\xc5(\x03\
\x18&\xa5R\x19\x10\x10 ]\x01\x00\x00\x00\x00x,\
\x9e)\x03\x18,\x85B!\x9d\x00\x00\x00\x00\x00x,\
N\xca\x00\x06+&&\xa6\xb0\xb0P\xba\x02\x00\x00\x00\
\x00\xf0h\x8c2\x80\xc1\xaa\xa9\xa99p\xe0\x80t\x05\
\x00\x00\x00\x00\xe0\xd1\x18e\x00C\xc6\x0d&\x00\x00\x00\
\x00\xd0Y<S\x060d\x91\x91\x91w\xef\xde\x95\xae\
\x00\x00\x00\x00\x00<\x02'e\x00CVUU\x15\x1c\
\x1c,]\x01\x00\x00\x00\x00x\x04F\x19\xc0\xc0q\x83\
\x09\x00\x00\x00\x00t\x13\xa3\x0c`\xe0\xc2\xc2\xc2JK\
K\xa5+\x00\x00\x00\x00\x00\x0fc\x94\x01\x0c\x5cyy\
\xf9\xc1\x83\x07\xa5+\x00\x00\x00\x00\x00\x0f\xe3A\xbf\x80\
\xe1\xe3\x06\x13\x00\x00\x00\x00\xe8 N\xca\x00\x86/$\
$\xc48\xf7W\x00\x00\x00\x00\xd0e\x8c2\x80\xe1\xbb\
w\xef^DD\x84t\x05\x00\x00\x00\x00\xe0\x17\x18e\
\x00\xa3\xe0\xeb\xeb+\x9d\x00\x00\x00\x00\x00\xf8\x05\xe3\xbc\
\xd3`*\x1d\x00h\x9b\xbd\xbd}~~\xbe\xa5\xa5\xa5\
t\x08\x00\x00\x00\x00\xe0'\x8e\x8e\x8e\xb7o\xdf\x96\xae\
\xd06N\xca\xc0\xe8\x14\x15\x15EEEIW\x00\x00\
\x00\x00\x00~\xc6\xf5%\xc0Xp\x83\x09\x00\x00\x00\x00\
t\x8aq\x8e2\x5c_\x821rtt\xcc\xcd\xcd5\
77\x97\x0e\x01\x00\x00\x00\x00\x98TUUY[[\
KW\x08\xb0\x90\x0e\x00\x04\x14\x14\x14\x1c9rd\xfc\
\xf8\xf1\xd2!\x00\x00\x00\x86\xa3\xa6\xa6\xa6\xb2\xb2\xb2\xb2\
\xb2\xb2\xa2\xa2\xa2\xf2\x01u_\xac\xaa\xaa2555\
77\xb7\xb0\xb0\xb8\xff\xe9\x13>\xf3\xb8\xaf\x97\xfe\xaf\
\x04\xa0\x11\xc6yL\xc6\x84Q\x06FK\xa1P0\xca\
\x00\x00\x00#WUUu\xe7\xce\x9d\xc2\xff\xaa\xfb|\
ii\xe9C{\xca\x13\xa6\x96\x07\xbf\xa8T*\xb5\xd0\
lff\xf6\xd0LceeekkkggW\
\xf7\xe9C\xfe\xf7+mmm\x9b6m\xaa\x85T\x00\
\xf5g\xb4\xa3\x0c\xd7\x97`\xa4\xda\xb5k\x97\x95\x95e\
f\xc6c\x95\x00\x00\x80\xa1)))ypdy\xe8\
\xf3\x0f~eii\xa9t\xac\x0css\xf3\xa7\x0e7\
vvv\x0e\x0e\x0e\xed\xdb\xb7o\xd7\xae]\xabV\xad\
\xa4\x93\x01\x03\x97\x96\x96\xe6\xe4\xe4$]!\x80\x932\
0R\xb9\xb9\xb9\xf1\xf1\xf1\xa3G\x8f\x96\x0e\x01\x00\x00\
\xa8\xaf\x9a\x9a\x9a\xec\xec\xec\xcc\xcc\xcc\xcc\xcc\xcc\xbc\xbc\
\xbc\xff\x1d\x5c\xea>_SS#]\xaa\xebjkk\
\xef\xdc\xb9s\xe7\xce\x9dz~{++\xab\xb6m\xdb\
\xd6\x0d4\xed\xda\xb5\xab\xfb\xcc\xfd/\xb6k\xd7\xce8\
\x9f\x85\x01\xa8\x91\xd1n\xc4\x8c20^\x0a\x85\x82Q\
\x06\x00\x00\xe8\x9a\xfb\xcbKFF\xc6C\x9f\xe6\xe6\xe6\
j\xe7\x8a\x10\x1eRUU\x95\x91\x91\x91\x91\x91\xf1\xb8\
o\xd0\xb2e\xcb\x87\x96\x9a\x07\xbf\xe8\xe0\xe0\xa0\xcdZ\
@\x1f\x15\x16\x16J'\xc8\xe0\xfa\x12\x8cW\xa7N\x9d\
n\xde\xbcij\xca\xaf\x02\x00\x00\xa0mu\xcb\xcb\x83\
\x83\x0b\xcb\x8b\x01\xb3\xb2\xb2zh\xa9\xe9\xda\xb5k\xf7\
\xee\xdd\xbbw\xef\xde\xbe}{\xe9:@'\xf8\xfb\xfb\
\xbb\xb9\xb9IW\x08\xe0\xa4\x0c\x8cWFF\xc6\xe9\xd3\
\xa7\x87\x0e\x1d*\x1d\x02\x00\x00\x0c\x93R\xa9|hp\
\xb9\xffi^^\x1e\xcb\x8b\xf1\xa8\xaa\xaaJOOO\
OO\xff\xdf\xff\xa9i\xd3\xa6NNN\xcf?\xff|\
\xf7\x07t\xe9\xd2\xc5\xc2\x82\x7f\xa9\xc1\xb8\x14\x14\x14H\
'\xc8\xe0\x97:\x8c\x9aB\xa1`\x94\x01\x00\x00jQ\
TTt\xf5\x97RRR*++\xa5\xbb\xa0\xd3\xca\
\xca\xca\x12\x13\x13\x13\x13\x13\x1f\xfcJ\x0b\x0b\x8b\xce\x9d\
;w\xff\x1f\xcd\x9a5\x93\xea\x044\xed\xf6\xed\xdb\xd2\
\x092\xb8\xb8\x01\xa3\xe6\xe4\xe4t\xfd\xfau\xe9\x0a\x00\
\x00\xa0gjkk\xd3\xd2\xd2\xae\x5c\xb9\xf2\xe0\x04\x93\
\x97\x97'\xdd\x05\x03\xd7\xb6m\xdb\xff]j\xda\xb4i\
#\xdd\x05\xa8\xc1g\x9f}\xb6j\xd5*\xe9\x0a\x01\x9c\
\x94\x81QKMM\xbdp\xe1\xc2\xc0\x81\x03\xa5C\x00\
\x00\x80\xee*,,\xac\x9b]\xee\xaf0\xd7\xaf_\xaf\
\xaa\xaa\x92\xee\x82\xd1\xc9\xcb\xcb\xcb\xcb\xcb\x8b\x8f\x8f\x7f\
\xf0+mmm\x9d\x9c\x9c\xea\x06\x9a\xde\xbd{\xf7\xef\
\xdf\xff\xc5\x17_\xb4\xb1\xb1\x91\x8a\x04\x1a\xc7hO\xca\
0\xca\xc0\xd8)\x14\x0aF\x19\x00\x00P\xa7\xa6\xa6\xe6\
\xfa\xf5\xeb\x0fM0F\xfb\xa4\x03\xe8\x85\x92\x92\x92\x84\
\x84\x84\x84\x84\x84\xfb_cff\xd6\xa3G\x8f~\xfd\
\xfa\xf5\xff\xaf\xae]\xbb\xf2v\x0b\xe88\xa3\x1de\xf8\
\x95\x09c\xd7\xbbw\xef\xa4\xa4$\xe9\x0a\x00\x00 \xa3\
\xb0\xb0\xf0\xd8\xb1c\xf1\xf1\xf1\x97/_\xber\xe5J\
jjjMM\x8dt\x14\xa0f\xb6\xb6\xb6}\xfb\xf6\
\xbd\xbf\xd1\xf4\xeb\xd7\xafE\x8b\x16\xd2Q\xc0/\x8c\x1e\
=\xfa\xd8\xb1c\xd2\x15\x02\x18e\x00\x93\x1f\x7f\xfc\xb1\
O\x9f>\xd2\x15\x00\x00@K\xd2\xd3\xd3\xe3\xe2\xe2b\
ccccc/_\xbe\xacR\xa9\xa4\x8b\x00m\xeb\
\xdc\xb9s\xff\x07\xf4\xec\xd9\xd3\xdc\xdc\x5c:\x0aF\xed\
\x85\x17^\xb8r\xe5\x8at\x85\x00\xae/\x01&\x0a\x85\
\x82Q\x06\x00\x00\x03\xa6R\xa9._\xbe|\x7f\x88y\
\xe4\x9b\x89\x01\xa3R\xf7\x8a\xee\xe0\xe0\xe0\xba/Z[\
[\xf7\xe9\xd3\xe7\xc1\xa34m\xdb\xb6\x95-\x84\xb1\xe1\
\xfa\x12`\xbc\x06\x0c\x18p\xe1\xc2\x05\xe9\x0a\x00\x00\xa0\
N\xd5\xd5\xd5g\xcf\x9e\x8d\x8d\x8d\x8d\x8b\x8b;v\xec\
\x98\xd1\xfeu\x1fh\x9c6m\xda\xdc\x1fh^z\xe9\
\xa5\xbe}\xfbr\x94\x06\x9a\xa3R\xa9,--kk\
k\xa5C\x040\xca\x00&&&&)))\xcf?\
\xff\xbct\x05\x00\x00x&\xf7\xee\xdd;~\xfcx\xdd\
q\x98\x93'O\x96\x97\x97K\x17\x01\x06\xa2Y\xb3f\
C\x86\x0c\x191b\xc4\x88\x11#\x86\x0f\x1f\xde\xbau\
k\xe9\x22\x18\x94\xa2\xa2\xa2\x96-[JW\xc8`\x94\
\x01LLLL\xbe\xfe\xfa\xeb?\xfc\xe1\x0f\xd2\x15\x00\
\x00\xa0\xc1\xf2\xf3\xf3\xef\xdfK\xbap\xe1\x82q~\xa0\
\x15\xd0\xb2\xee\xdd\xbb\xdf\x1fh\xfa\xf7\xefoa\xc1c\
1\xf0L\xae_\xbfn\xb4\x1f#g\x94\x01LLL\
L\x86\x0c\x19r\xea\xd4)\xe9\x0a\x00\x00P/\xd7\xaf\
_\xaf\xbb\x97\x14\x1b\x1b\x9b\x9c\x9c,\x9d\x03\x18\xb5\xa6\
M\x9b\x0e\x192d\xf8\xf0\xe1u3M\x9b6m\xa4\
\x8b\xa0\x7fN\x9d:5l\xd80\xe9\x0a\x19\x8c2\xc0\
On\xde\xbc\xd9\xb9sg\xe9\x0a\x00\x00\xf0h\xa9\xa9\
\xa9111\xd1\xd1\xd1111999\xd29\x00\
\x1e\xcd\xc9\xc9\xe9\xfe@3`\xc0\x00\x0e\xd1\xa0>B\
CC\xa7L\x99\x22]!\x83_!\xc0O\x14\x0a\xc5\
\x92%K\xa4+\x00\x00\xc0\xcf\xb2\xb3\xb3\xa3\xff\xeb\xe6\
\xcd\x9b\xd29\x00\x9e.55555u\xcf\x9e=\
&&&666/\xbf\xfc\xf2\xfd\x8bN\xed\xda\xb5\
\x93\xae\x83\x8e2\xe6g\xb1sR\x06\xf8\xc9\xa8Q\xa3\
\xe2\xe2\xe2\xa4+\x00\x000v\x05\x05\x05\x87\x0f\x1f\xae\
\x1bb\xae^\xbd*\x9d\x03@m\xbav\xedZ\xb7\xce\
\x8c\x181b\xe0\xc0\x81\x96\x96\x96\xd2E\xd0\x15k\xd6\
\xac\xf9\xdd\xef~']!\x83\x932\xc0O\xe2\xe3\xe3\
\xb3\xb3\xb3;t\xe8 \x1d\x02\x00\x80\xd1)..>\
z\xf4h\xdd\x10s\xf1\xe2E\x95J%]\x04@\xfd\
n\xdc\xb8q\xe3\xc6\x8d\xbd{\xf7\x9a\x98\x98\xd8\xd8\xd8\
\x0c\x192\xe4\xd5W_uqq\x19:t(\xb7\x9c\
\x8c\x1c'e\x00\x98\x98\x98\x98\xac_\xbf\xfe\x93O>\
\x91\xae\x00\x00\xc0(\x94\x97\x97\x1f;v\xacn\x889\
s\xe6\x0coM\x02\x8c\x96\xad\xad\xed\xd8\xb1c]\x5c\
\x5c\x5c\x5c\x5c\xfa\xf4\xe9#\x9d\x03\x01\x9f|\xf2\xc9\x86\
\x0d\x1b\xa4+d0\xca\x00?\x1b7n\x5ctt\xb4\
t\x05\x00\x00\x06\xab\xba\xba\xfa\xe4\xc9\x93uC\xcc\x89\
\x13'*++\xa5\x8b\x00\xe8\x96\xf6\xed\xdb\xd7\x1d\x9f\
qqqy\xee\xb9\xe7\xa4s\xa0%\xb3f\xcd\xf2\xf1\
\xf1\x91\xae\x90\xc1(\x03\xfc\xcc\xdc\xdc<77\xd7\xd1\
\xd1Q:\x04\x00\x00\xc3\xa1T*\xcf\x9d;W7\xc4\
\xc4\xc5\xc5\x95\x96\x96J\x17\x01\xd0\x0f\xbd{\xf7\xae[\
g\xc6\x8e\x1d\xdb\xa2E\x0b\xe9\x1ch\xd0\x84\x09\x13\x0e\
\x1d:$]!\x83Q\x06\xf8\x85\xad[\xb7~\xf8\xe1\
\x87\xd2\x15\x00\x00\xe8\xbdk\xd7\xae\x85\x87\x87GFF\
\x1e9r\xa4\xa8\xa8H:\x07\x80\x1e377\x7f\xf9\
\xe5\x97\xeb\x06\x9a\x91#GZYYI\x17A\xcd^\
z\xe9\xa5\x0b\x17.HW\xc8`\x94\x01~a\xd2\xa4\
Iaaa\xd2\x15\x00\x00\xe8\xa5{\xf7\xeeEGG\
\x87\x87\x87\x87\x85\x85\xa5\xa6\xa6J\xe7\x000@M\x9b\
6\x1d3f\x8c\x8b\x8b\xcb\xab\xaf\xbe:p\xe0@S\
S\xfeIk\x08:w\xee\x9c\x91\x91!]!\x83\x9f\
\xc1\xc0/XZZ\xe6\xe7\xe7\xdb\xdb\xdbK\x87\x00\x00\
\xa0\x1fT*\xd5\x85\x0b\x17\xc2\xc3\xc3\xc3\xc3\xc3\x8f\x1d\
;V]]-]\x04\xc0X8::\x8e\x1f?\xbe\
\xee\x04M\xb7n\xdd\xa4s\xd0x\xcd\x9a5+++\
\x93\xae\x90\xc1(\x03<\xcc\xc3\xc3\xe3\xddw\xdf\x95\xae\
\x00\x00@\xa7\xdd\xbau+\x22\x22\x22<<<\x22\x22\
\x22//O:\x07\x80\xb1srr\xaa{B\xf0\x84\
\x09\x13Z\xb6l)\x9d\x83\x06\xa8\xa8\xa8\xb0\xb1\xb1\x91\
\xae\x10\xc3(\x03<l\xda\xb4i\x81\x81\x81\xd2\x15\x00\
\x00\xe8\x9c\x9a\x9a\x9a\xf8\xf8\xf8\xbaC1\xe7\xce\x9dS\
\xa9T\xd2E\x00\xf00\x0b\x0b\x8b1c\xc6\xb8\xba\xba\
\xba\xba\xbav\xed\xdaU:\x07O\x97\x95\x95\xd5\xb1c\
G\xe9\x0a1\x8c2\xc0\xc3\xac\xad\xado\xdd\xbaek\
k+\x1d\x02\x00\x80N\xb8q\xe3FXXXxx\
xtttqq\xb1t\x0e\x00\xd4W\xff\xfe\xfdg\
\xcc\x98\xe1\xea\xea:h\xd0 \xe9\x16<VBB\xc2\
\xc0\x81\x03\xa5+\xc40\xca\x00\x8f\xb0w\xef\xdeY\xb3\
fIW\x00\x00 \xa6\xac\xac\xec\xf0\xe1\xc3u[L\
rr\xb2t\x0e\x00<\x93N\x9d:M\x9f>}\xc6\
\x8c\x19\xce\xce\xce\x96\x96\x96\xd29\xf8\x85\x90\x90\x90\xa9\
S\xa7JW\x88a\x94\x01\x1e\xe1\xcd7\xdf\xdc\xbf\x7f\
\xbft\x05\x00\x00\xdav\xe9\xd2\xa5\xbaw'\xc5\xc5\xc5\
UVVJ\xe7\x00\x80\x9a\xb5h\xd1b\xca\x94)\xae\
\xae\xae\x93'O\xb6\xb3\xb3\x93\xce\x81\x89\x89\x89\xc9\xa6\
M\x9b\x16.\x5c(]!\x86Q\x06x\x84\xa6M\x9b\
\xde\xbau\xabi\xd3\xa6\xd2!\x00\x00h\x5cYYY\
dddPPPhhhvv\xb6t\x0e\x00h\
\x83\x95\x95\xd5\xb8q\xe3\x5c]]\xa7O\x9f\xfe\xdcs\
\xcfI\xe7\x18\xb5\xcf?\xff|\xe5\xca\x95\xd2\x15b\x18\
e\x80GS(\x14nnn\xd2\x15\x00\x00hJF\
FFpppPPPLLLEE\x85t\x0e\
\x00\xc8055\x1d<xp\xdd\xa3g\xfa\xf6\xed+\
\x9dc\x8c\xe6\xce\x9d\xbbk\xd7.\xe9\x0a1\x8c2\xc0\
\xa3\xcd\x9e={\xf7\xee\xdd\xd2\x15\x00\x00\xa8\x93J\xa5\
:}\xfatPPPPPPBB\x82t\x0e\x00\
\xe8\x16''\xa7\xba\xd76\x8d\x1e=\xda\xdc\xdc\x5c:\
\xc7X8;;\x1f=zT\xbaB\x0c\xa3\x0c\xf0h\
vvv\xf9\xf9\xf9\xd6\xd6\xd6\xd2!\x00\x00<\xab\xd2\
\xd2\xd2\xba\x0bJ!!!yyy\xd29\x00\xa0\xeb\
Z\xb5j5u\xeaTWW\xd7I\x93&\xf1L\x03\
MsrrJKK\x93\xae\x10\xc3(\x03<VP\
P\x901?\x06\x1c\x00\xa0\xef222\x82\x82\x82\x82\
\x83\x83\xa3\xa3\xa3yj/\x004B\x93&M\x5c\x5c\
\x5cf\xce\x9c\xe9\xe6\xe6foo/\x9dc\x80\x94J\
\xa5\x8d\x8dMUU\x95t\x88\x18F\x19\xe0\xb1\xde\x7f\
\xff\xfd\x1d;vHW\x00\x00\xd0\x00*\x95\xea\xd4\xa9\
Su\x0f\x8b\xe1\x82\x12\x00\xa8\x8b\xb5\xb5\xf5\x94)S\
\xe6\xcc\x993u\xeaTN\xd3\xabQNNN\x87\x0e\
\x1d\xa4+$1\xca\x00\x8f\xd5\xb2e\xcb\xbc\xbc<K\
KK\xe9\x10\x00\x00\x9e\xa2\xb4\xb44\x22\x22\x2288\
\x98\x0bJ\x00\xa0Q-Z\xb4x\xe3\x8d7\xe6\xcc\x99\
3v\xecX333\xe9\x1c\xbdw\xea\xd4\xa9a\xc3\
\x86IWHb\x94\x01\x9e$<<|\xe2\xc4\x89\xd2\
\x15\x00\x00<Zzz\xfa\xfd7(qA\x09\x00\xb4\
\xa9C\x87\x0e\xb3f\xcd\x9a3g\xce\xa0A\x83\xa4[\
\xf4\x98\xaf\xaf\xef[o\xbd%]!\x89Q\x06x\x92\
\xf9\xf3\xe7o\xde\xbcY\xba\x02\x00\x80_8s\xe6L\
@@@PP\xd0\xc5\x8b\x17\xa5[\x00\xc0\xd8\xf5\xee\
\xdd{\xce\x9c9\xb3g\xcfvrr\x92n\xd1?\xff\
\xfe\xf7\xbf\x97.]*]!\x89Q\x06x\x926m\
\xda\xe4\xe4\xe4p.\x11\x00 N\xa9T\x1e;v\xcc\
\xcf\xcf\xcf\xcf\xcf/==]:\x07\x00\xf0\xb0\x11#\
F\xcc\x993\xe7W\xbf\xfaU\xeb\xd6\xad\xa5[\xf4\xc6\
\xd2\xa5K\xff\xfd\xef\x7fKWHb\x94\x01\x9e\xe2\xf0\
\xe1\xc3\xce\xce\xce\xd2\x15\x00\x00#U]]\x1d\x1d\x1d\
\xed\xe7\xe7\x17\x10\x10\x90\x9f\x9f/\x9d\x03\x00x\x0a\x0b\
\x0b\x8b\x89\x13'\xce\x993\xc7\xd5\xd5\xb5Y\xb3f\xd2\
9\xba\xee\xcd7\xdfT(\x14\xd2\x15\x92\x18e\x80\xa7\
X\xb4h\xd1\xbau\xeb\xa4+\x00\x00\xc6\xa5\xbc\xbc<\
<<\xdc\xcf\xcf/((\xa8\xa8\xa8H:\x07\x00\xd0\
`\xcd\x9a5suu\x9d3g\xce\xc4\x89\x13-,\
,\xa4st\xd4\xb0a\xc3N\x9d:%]!\x89Q\
\x06x\x8a\x0e\x1d:dff\x9a\x9a\xf2\x8b\x05\x00\xa0\
q\xc5\xc5\xc5\xc1\xc1\xc1~~~\xa1\xa1\xa1eee\
\xd29\x00\x005h\xdd\xba\xf5\xaf~\xf5\xab9s\xe6\
\x8c\x181B\xbaE\xe7\xb4o\xdf>77W\xbaB\
\x12\xff\xce\x04\x9e.>>\x9e\xdf@\x01\x00\x9aSP\
Pp\xe0\xc0\x01??\xbfC\x87\x0eUUUI\xe7\
\x00\x004\xc2\xc9\xc9i\xf6\xec\xd9s\xe6\xcc\xe9\xdd\xbb\
\xb7t\x8bN\xa8\xaa\xaaj\xd2\xa4\x89J\xa5\x92\x0e\x91\
\xc4(\x03<\xdd\xb2e\xcbV\xadZ%]\x01\x000\
4\x99\x99\x99\x01\x01\x01~~~G\x8f\x1e\xad\xad\xad\
\x95\xce\x01\x00h\xc9K/\xbd\xf4\xce;\xef\xbc\xfb\xee\
\xbb\x8e\x8e\x8e\xd2-\x92RSS\xbbw\xef.]!\
\x8cQ\x06x\xba\xae]\xbb\xa6\xa5\xa5IW\x00\x00\x0c\
\xc4\xb5k\xd7\xea^\xa2t\xea\xd4)#\xff\xf0 \x00\
\x183kkk77\xb7\x05\x0b\x16\x18\xed{E\x8e\
\x1c92v\xecX\xe9\x0aa\x8c2@\xbd\x9c9s\
f\xf0\xe0\xc1\xd2\x15\x00\x00=v\xe9\xd2\xa5\xba-\xe6\
\xe2\xc5\x8b\xd2-\x00\x00\x1d\xd2\xabW\xaf\x05\x0b\x16\xbc\
\xf7\xde{\x0e\x0e\x0e\xd2-Z\xb5k\xd7\xae\xb9s\xe7\
JW\x083\x93\x0e\x00\xf4\x83\x91\xbf\xa7\x0d\x00\xd0h\
\xe7\xcf\x9f\xff\xe3\x1f\xff\xd8\xb3g\xcf\xfe\xfd\xfb\xff\xfd\
\xef\x7fg\x91\x01\x00<\xe4\xea\xd5\xabK\x97.\xed\xd0\
\xa1\xc3;\xef\xbc\x13\x1b\x1b+\x9d\xa3=\xe9\xe9\xe9\xd2\
\x09\xf28)\x03\xd4K\x8f\x1e=\x92\x93\x93\xa5+\x00\
\x00z\xe3\xf2\xe5\xcb\xde\xde\xde\xde\xde\xde)))\xd2\
-\x00\x00}\xd2\xa7O\x9f\xf9\xf3\xe7\xbf\xfb\xee\xbb-\
[\xb6\x94n\xd1\xac\x85\x0b\x17n\xda\xb4I\xbaB\x18\
\xa3\x0cP_\x17/^\xec\xd7\xaf\x9ft\x05\x00@\xa7\
]\xbbv\xcd\xc7\xc7\xc7\xc7\xc7\xe7\xd2\xa5K\xd2-\x00\
\x00=fcc\xf3\xd6[o-X\xb0`\xe4\xc8\x91\
\xd2-\x9a\xf2\xfa\xeb\xaf\x1f<xP\xbaB\x18\xd7\x97\
\x80\xfa\xe2\x06\x13\x00\xe0q\xd2\xd3\xd3W\xadZ5d\
\xc8\x90\x1e=z\xfc\xe5/\x7fa\x91\x01\x00<\xa3\xf2\
\xf2rOO\xcfQ\xa3F\xf5\xef\xdf\x7f\xfd\xfa\xf5w\
\xef\xde\x95.R\xbf\x8c\x8c\x0c\xe9\x04y\x9c\x94\x01\xea\
\xabo\xdf\xbe\xfc%\x1b\x00\xf0\xa0\xdc\xdc\xdc\xfd\xfb\xf7\
\xfb\xf8\xf8\xc4\xc7\xc7\xf3\x1e%\x00\x80\xe64m\xda\xd4\
\xdd\xdd}\xc1\x82\x05\xc3\x86\x0d\x93nQ\x1b{{{\
\x83\x1c\x9b\x1a\x84Q\x06h\x80+W\xae\xf4\xea\xd5K\
\xba\x02\x00 \xec\xf6\xed\xdb\x0a\x85\xc2\xc7\xc7\xe7\xf0\xe1\
\xc3J\xa5R:\x07\x00`D\x06\x0c\x18\xb0`\xc1\x82\
9s\xe6\xd8\xd9\xd9I\xb7<\x93\x92\x92\x12}\xffO\
P\x0b\xae/\x01\x0d\xc0\x0d&\x000fw\xef\xde\xf5\
\xf0\xf0\x982eJ\xbbv\xed\x16,X\x10\x1d\x1d\xcd\
\x22\x03\x00\xd0\xb2\x84\x84\x84\xdf\xfc\xe67\x1d:t\xf8\
\xe8\xa3\x8f\xce\x9c9#\x9d\xd3x\xdc]\xaa\xc3I\x19\
\xa0\x01\x06\x0d\x1at\xf6\xecY\xe9\x0a\x00\x80V\x95\x95\
\x95\x05\x05\x05y{{\x87\x86\x86VVVJ\xe7\x00\
\x00\xf0\xb3A\x83\x06-X\xb0`\xf6\xec\xd9\xcd\x9b7\
\x97ni\x98\xd0\xd0\xd0)S\xa6HW\xc8c\x94\x01\
\x1a&55\xb5[\xb7n\xd2\x15\x00\x00\x8d\xab\xac\xac\
\x0c\x0d\x0d\xf5\xf6\xf6\x0e\x0a\x0a*++\x93\xce\x01\x00\
\xe0\xb1lmmg\xcf\x9e\xbdp\xe1\xc2\x01\x03\x06H\
\xb7\xd4\xd7\xda\xb5k\x17/^,]!\x8f\xebK@\
\xc3p\x83\x09\x00\x0c[MMMhh\xe8{\xef\xbd\
\xd7\xa6M\x9b\x993g\xfa\xf8\xf8\xb0\xc8\x00\x00t\x5c\
II\xc9\xe6\xcd\x9b\x07\x0e\x1c\xe8\xe2\xe2\x12\x16\x16&\
\x9dS/W\xae\x5c\x91N\xd0\x09\x9c\x94\x01\x1af\xf8\
\xf0\xe1\xc7\x8f\x1f\x97\xae\x00\x00\xa8\xdf\x993g<=\
=\xbd\xbd\xbdo\xdd\xba%\xdd\x02\x00@\xe3\xbd\xf8\xe2\
\x8b\xcb\x96-\x9b3g\x8e\x95\x95\x95t\xcbc\x8d\x1f\
?>&&F\xbaB\x1e\xa3\x0c\xd00\xa6\xa6\xa6\xe9\
\xe9\xe9\x1d;v\x94\x0e\x01\x00\xa8Gzz\xfa\xae]\
\xbb\xbc\xbc\xbc\xf8\x90\x1d\x00\xc0\x90\xb4k\xd7\xee\xb7\xbf\
\xfd\xed\xc7\x1f\x7f\xec\xe0\xe0 \xdd\xf2\x08\x1d:t\xc8\
\xc9\xc9\x91\xae\x90\xc7(\x034\xd8\x9a5k>\xfd\xf4\
S\xe9\x0a\x00\xc03)..\xf6\xf5\xf5\xf5\xf2\xf2:\
r\xe4\x88J\xa5\x92\xce\x01\x00@#\x9a5k\xf6\xc1\
\x07\x1f,Y\xb2\xc4\xc9\xc9I\xba\xe5gw\xef\xde\xb5\
\xb7\xb7\x97\xae\xd0\x09\x8c2@\x83\xbd\xf2\xca+G\x8e\
\x1c\x91\xae\x00\x004FmmmDD\x84\x97\x97W\
@@@yy\xb9t\x0e\x00\x00\xda`ff6s\
\xe6\xcce\xcb\x96\x8d\x181B\xba\xc5\xc4\xc4\xc4\xe4\xd4\
\xa9S\xc3\x86\x0d\x93\xae\xd0\x09\x8c2@\x83\x99\x99\x99\
egg\xb7m\xdbV:\x04\x00\xd0\x00\xe7\xcf\x9f\xf7\
\xf4\xf4\xdc\xbbwo^^\x9et\x0b\x00\x002F\x8e\
\x1c\xb9|\xf9rWWW33\xc9\xd7\xfexzz\
\xbe\xf7\xde{\x82\x01\xba\x83\xb7/\x01\x0d\xa6T*\x03\
\x02\x02\xa4+\x00\x00\xf5\x92\x99\x99\xf9\xcd7\xdf\xf4\xed\
\xdbw\xd0\xa0A\xabW\xaff\x91\x01\x00\x18\xb3\xf8\xf8\
x77\xb7^\xbdz\xfd\xe7?\xff\x11|\xbd \xcf\
q\xbb\x8f\x932@c\xb8\xb8\xb8DFFJW\x00\
\x00\x1e\xeb\xde\xbd{\x0a\x85\xc2\xcb\xcb+&&F\xa9\
TJ\xe7\x00\x00\xa0s\x1c\x1c\x1c\x16\xe2\x90K\xb6\x00\
\x00 \x00IDAT.\x5c\xb8h\xd1\xa2v\xed\xda\
i\xf9\x87vss\xf3\xf7\xf7\xd7\xf2\x0f\xaa\x9b\x18e\
\x80\xc6\xb0\xb0\xb0\xc8\xcb\xcb\xd3\xcd\xc7\x98\x03\x801\xab\
\xad\xad=t\xe8\x90\x97\x97\x97\xbf\xbf\xbf\xe0\x07\x00\x01\
\x00\xd0\x17\xd6\xd6\xd6s\xe6\xccY\xb6lY\x9f>}\
\xb4\xf6\x83\xf6\xe9\xd3'))Ik?\x9c.c\x94\
\x01\x1ai\xfb\xf6\xed\x1f|\xf0\x81t\x05\x00\xe0'\x09\
\x09\x09^^^{\xf6\xec\xe1\xfd\x9a\x00\x004\x94\xa9\
\xa9\xe9k\xaf\xbd\xb6|\xf9\xf2\xf1\xe3\xc7k\xfa\xc7\xaa\
\xa9\xa9i\xda\xb4iuu\xb5\xa6\x7f \xbd\xc0(\x03\
4\xd2\x94)SBBB\xa4+\x00\xc0\xd8\xe5\xe4\xe4\
\xec\xde\xbd\xdb\xd3\xd3\xf3\xd2\xa5K\xd2-\x00\x00\xe8\xbd\
\x97^zi\xd9\xb2e\xee\xee\xee\x16\x16\x16\x1a\xfa!\
\x92\x93\x93{\xf5\xea\xa5\xa1\xef\x5c\xef0\xca\x00\x8dd\
ee\x95\x9f\x9f\xdf\xa2E\x0b\xe9\x10\x000F55\
5\xc1\xc1\xc1\xdb\xb6m\x0b\x0d\x0d\xad\xad\xad\x95\xce\x01\
\x00\xc0\xa0t\xec\xd8q\xf1\xe2\xc5\xf3\xe7\xcf\xb7\xb3\xb3\
S\xfbw\x1e\x18\x18\xe8\xea\xea\xaa\xf6\xefVO\xf1\xf6\
%\xa0\x91\xaa\xaa\xaa\x82\x83\x83\xa5+\x00\xc0\xe8\x5c\xbd\
z\xf5\xf7\xbf\xff}\xc7\x8e\x1dg\xce\x9c\x19\x1c\x1c\xcc\
\x22\x03\x00\x80\xdaeff~\xf6\xd9g\x9d:u\xfa\
\xe2\x8b/\xee\xdc\xb9\xa3\xde\xef\x9cW/=\x88\x932\
@\xe3\xcd\x9c9\xd3\xcf\xcfO\xba\x02\x00\x8cBii\
\xe9\xbe}\xfb\xb6m\xdbv\xec\xd81\xe9\x16\x00&\xd6\
\xffeeeU\xf7\xe9\xff~\xa6\xa1_oeee\
bbR\xfd4UUUO\xfd6\x0f}\xfb{\xf7\
\xee\xdd\xb9s\xa7\xb8\xb8X\xa5RI\xff?\x07\xe8\x9f\
\x16-Z,^\xbcx\xc9\x92%\xf6\xf6\xf6j\xf9\x0e\
\xe7\xcd\x9b\xb7c\xc7\x0e\xb5|W\x06\x80Q\x06h<\
\x1b\x1b\x9b[\xb7n5k\xd6L:\x04\x00\x0c\xd9\x89\
\x13'\xb6m\xdb\xe6\xe3\xe3SRR\x22\xdd\x02\x182\
ss\xf3\x96-[:\xfc\xd7\x13>\xdf\xb2eKK\
KK\xe9\xde\x06S*\x95w\xef\xde-**\xbas\
\xe7NQQ\xd1\xfd\xcf<\xf2\xd3;w\xeeTVV\
J'\x03:\xa4E\x8b\x16\xbf\xfb\xdd\xef~\xf7\xbb\xdf\
=\xfb43r\xe4\xc8\xe3\xc7\x8f\xab\xa5\xca\x000\xca\
\x00\xcfd\xdf\xbe}o\xbd\xf5\x96t\x05\x00\x18\xa0[\
\xb7nyzzn\xdf\xbe\xfd\xf2\xe5\xcb\xd2-\x80\x1e\
\xb3\xb1\xb1qx\xc0\x83\xf3\xcaC_\xb4\xb5\xb555\
\xe5_\x07?\xab\xac\xac|\xdcjSTTTXX\
\x98\x93\x93\x93\x99\x99\x99\x9d\x9d\xcd=J\x18\x0f{{\
\xfb\xbai\xe6Y\x9e\xad\xe9\xe0\xe0\xa0\xf6+Q\xfa\x8b\
\xdfv\x81g\xe2\xee\xee\xee\xed\xed-]\x01\x00\x86\xa3\
\xb6\xb66<<|\xdb\xb6mAAA\xbc,\x13\xa8\
'++\xab\x8e\x1d;v\xee\xdc\xb9\xd3\x03\xea\xbe\xa8\
\xae\xeb\x06x\x9c\xda\xda\xda\xbc\xbc\xbc\xccG\xc9\xca\xca\
\xaa\xaa\xaa\x92\x0e\x04\xd4\xcf\xde\xde~\xc9\x92%\x8b\x17\
/n\xc44\x93\x9f\x9f\xdf\xb6m[MT\xe9)F\
\x19\xe0\x994o\xde\xfc\xd6\xad[M\x9a4\x91\x0e\x01\
\x00\xbd\x97\x9a\x9a\xba}\xfb\xf6\x9d;wfeeI\
\xb7\x00\xba\xc8\xcc\xcc\xac}\xfb\xf6\xf7\xd7\x96\x07\x97\x97\
6m\xdap\xc8E\x07\xa9T\xaa[\xb7n=r\xaf\
\xc9\xcc\xcc,//\x97\x0e\x04\x9eI\xcb\x96-\xeb\xa6\
\x99\x06\xbd\xa1\xe9\xe8\xd1\xa3\xce\xce\xce\x9a\xab\xd2;\xfc\
\xde\x0d<\xab\x80\x80\x00\xde\xe8\x06\x00\x8dVQQ\xa1\
P(\xb6m\xdbv\xf8\xf0a\x9e\xc1\x09\x98\x98\x988\
::>8\xb8\xdc\xff|\x87\x0e\x1d,,,\xa4\xeb\
\xa06\x85\x85\x85\xff\xbb\xd4\xdc\xbcy355\xb5\xa6\
\xa6F\xba\x0e\xa8\xaf\x96-[.]\xba\xf4\xd3O?\
\xad\xe74\xb3e\xcb\x96\x05\x0b\x16h\xbaJ\x8f0\xca\
\x00\xcfj\xee\xdc\xb9\x9e\x9e\x9e\xd2\x15\x00\xa0\x7f\xce\x9d\
;\xb7m\xdb\xb6={\xf6\x14\x15\x15I\xb7\x002\xda\
\xb7o\xff\xc2\x0b/\xf4\xee\xdd\xfb\x85\x17^\xe8\xd5\xab\
W\x97.]:u\xeadcc#\xdd\x05I\xd5\xd5\
\xd5\xa9\xa9\xa9W\xae\x5c\xb9z\xf5j\xdd\xa7III\
<\x80\x03:\xce\xc1\xc1\xa1n\x9a\xb1\xb5\xb5}\xf2\xb7\
\x5c\xbat\xe9\xbf\xff\xfdo\xedT\xe9\x05F\x19\xe0Y\
\xd9\xdb\xdb\xe7\xe5\xe5\xd5\xbd\xc4\x11\x00\xf0Tw\xee\xdc\
\xd9\xbd{\xf7\xb6m\xdb.\x5c\xb8 \xdd\x02h\x8f\xb9\
\xb9y\xb7n\xdd^x\xe1\x85\xfb+L\xef\xde\xbdy\
\xe0\x0b\xea\xe9\xd6\xad[u\x1b\xcd\xfd\xb1&--\x8d\
\x07\x0cC\xd7888,[\xb6\xec\xb7\xbf\xfd\xed\x13\
\xa6\x99)S\xa6\x84\x86\x86j\xb3J\xc71\xca\x00j\
p\xf0\xe0\xc1\xc9\x93'KW\x00\x80\xae\x8b\x8d\x8d\xdd\
\xb4i\x93\x9f\x9f_EE\x85t\x0b\xa0YM\x9a4\
\xe9\xd5\xab\xd7\x0b\x0f\xe8\xd1\xa3\x87\xb5\xb5\xb5t\x17\x0c\
GUU\xd5\xb5k\xd7\xeeo4u\x9f\xb9{\xf7\xae\
t\x17`\xd2\xaaU\xab\xbai\xa6y\xf3\xe6\xff\xfb\xbf\
:99\xa5\xa5\xa5i\xbfJg1\xca\x00j\xf0\xeb\
_\xff\xfa\x87\x1f~\x90\xae\x00\x00\x1dU\x5c\x5c\xec\xe5\
\xe5\xb5i\xd3\xa6\xc4\xc4D\xe9\x16@#\x1c\x1c\x1c\xee\
\x9f\x7f\xa9\xd3\xa5K\x17333\xe9.\x18\x9d\xdc\xdc\
\xdc\x87\x0e\xd4\xdc\xbcyS\xa9TJw\xc1\x18\xb5j\
\xd5j\xf9\xf2\xe5\x8b\x16-zp\x9a)//o\xde\
\xbc9?'\x1f\xc4(\x03\xa8\x81\xa3\xa3cnn\xae\
\xb9\xb9\xb9t\x08\x00\xe8\x96\xf3\xe7\xcfo\xdc\xb8q\xcf\
\x9e=\xa5\xa5\xa5\xd2-\x80\xda8::\xbe\xf4\xd2K\
}\xfa\xf4\xb9\xbf\xc2\xb4i\xd3F:\x0ax\xb4\x8a\x8a\
\x8a\xe4\xe4\xe4\x0b\x17.\x1c?~\xfc\xf8\xf1\xe3\x89\x89\
\x89\x5cz\x8269::._\xbe\xfc\x93O>\xa9\
\x9bf.^\xbc8`\xc0\x00\xe9(\xdd\xc2(\x03\xa8\
GTT\xd4\xf8\xf1\xe3\xa5+\x00@'\x94\x97\x97\xef\
\xdb\xb7o\xe3\xc6\x8d'O\x9e\x94n\x01\xd4\xc3\xc9\xc9\
i\xf4\xe8\xd1c\xc6\x8c\x19=zt\xef\xde\xbd\xa5s\
\x80F\xbaw\xef\xde\xe9\xd3\xa7\xeb\x06\x9a\x13'N\x14\
\x14\x14H\x17\xc1(8::~\xf6\xd9g\x9f|\xf2\
IHH\x88\xbb\xbb\xbbt\x8ena\x94\x01\xd4c\xe1\
\xc2\x85\x1b6l\x90\xae\x00\x00a\xc9\xc9\xc9\x9b6m\
\xda\xb9s'/\x0a\x81\xbe333\xeb\xdf\xbf\x7f\xdd\
\x103j\xd4\xa8\xe7\x9e{N\xba\x08P\xbfk\xd7\xae\
\x1d\xff\xafK\x97.q\x88\x06\x1a\xe5\xe8\xe8\xd8\xb3g\
\xcf\xf8\xf8x\xe9\x10\xdd\xc2(\x03\xa8G\xbbv\xed\xb2\
\xb2\xb2\xb8=\x0e\xc08\xd5\xd4\xd4\x1c8p`\xe3\xc6\
\x8d\xd1\xd1\xd1*\x95J:\x07h$kk\xeb\xa1C\
\x87\xd6\x1d\x87\x199rd\x8b\x16-\xa4\x8b\x00\xed\xb9\
w\xef\xde\x993g\xeeo4\x1c\xa2\x01\xb4\x83Q\x06\
P\x9b\xd8\xd8\xd8\xd1\xa3GKW\x00\x80Veff\
n\xd9\xb2\xe5\x87\x1f~\xc8\xc9\xc9\x91n\x01\x1a\xc3\xde\
\xde~\xd4\xa8QuC\xcc\xcb/\xbf\xcc\x0b\x92\x80:\
\xd7\xaf_\xbf?\xd0\x5c\xbcx\x91C4\x80\x860\xca\
\x00j\xb3x\xf1\xe2\xd5\xabWKW\x00\x806\xa8T\
\xaa\xf0\xf0\xf0M\x9b6\x05\x07\x07\xf37u\xe8\x9d\x8e\
\x1d;\x8e\x193\xa6n\x88\xe9\xdb\xb7\xaf\xa9)\x7f%\
\x06\x9e\xa4\xb4\xb4\xf4\xc1C4\xb7n\xdd\x92.\x02\x0c\
\x07\x7f\x02\x01j\xd3\xa9S\xa7\x9b7o\xf2\x17;\x00\
\x86\xad\xa0\xa0`\xfb\xf6\xed\x9b7oNMM\x95n\
\x01\xea\xcb\xd4\xd4\xb4O\x9f>\xf7\x9f\xd4\xdb\xa5K\x17\
\xe9\x22@\x8f\xa5\xa4\xa4\xc4\xc4\xc4DEEEGG\
s\xcb\x09xF\xfc\xeb\x11P\xa7\x93'O\x0e\x1d:\
T\xba\x02\x004\x22..n\xe3\xc6\x8d\x0a\x85\xa2\xb2\
\xb2R\xba\x05\xa8\x97\xbe}\xfb\x8e\x1b7n\xfc\xf8\xf1\
c\xc6\x8ci\xd5\xaa\x95t\x0e`hT*\xd5\xc5\x8b\
\x17\xa3\xa2\xa2\xa2\xa2\xa2\x8e\x1e=z\xef\xde=\xe9\x22\
@\xff0\xca\x00\xea\xf4\xfb\xdf\xff\xfe\x9bo\xbe\x91\xae\
\x00\x00u*))\xf1\xf2\xf2\xda\xb4i\xd3\xa5K\x97\
\xa4[\x80\xa7\xeb\xd1\xa3\xc7\xf8\xf1\xe3\xc7\x8d\x1b7v\
\xec\xd8\xb6m\xdbJ\xe7\x00\xc6\xa2\xba\xba\xfa\xf4\xe9\xd3\
u\x03\xcd\xf1\xe3\xc7\xab\xaa\xaa\xa4\x8b\x00\xfd\xc0(\x03\
\xa8\x93\x93\x93\xd3\xf5\xeb\xd7\xa5+\x00@=._\xbe\
\xbcn\xdd\xba]\xbbv\xf1\xc1O\xe8\xb8\xce\x9d;\xd7\
\x0d1\xe3\xc6\x8d\xeb\xd4\xa9\x93t\x0e`\xec\xca\xca\xca\
\xe2\xe2\xe2\xea\x06\x9a\xf3\xe7\xcf+\x95J\xe9\x22@w\
1\xca\x00jv\xfe\xfc\xf9\x81\x03\x07JW\x00@\xe3\
\xa9T\xaa\x90\x90\x90\xb5k\xd7FFFJ\xb7\x00\x8f\
\xd5\xb6m\xdb\xf1\xe3\xc7\xd7m1\xdd\xbbw\x97\xce\x01\
\xf0hw\xee\xdc9|\xf8p\xdd@s\xe5\xca\x15\xe9\
\x1c@\xe70\xca\x00j\xf6\x97\xbf\xfc\xe5\xff\xfe\xef\xff\
\xa4+\x00\xa01JJJv\xec\xd8\xb1n\xdd\xbak\
\xd7\xaeI\xb7\x00\x8f\xe0\xe0\xe00v\xec\xd8\xba!\xa6\
O\x9f>\xd29\x00\x1a&+++::\xban\xa0\
\xc9\xcc\xcc\x94\xce\x01t\x02\xa3\x0c\xa0f\xbd{\xf7N\
JJ\x92\xae\x00\x80\x86IIIY\xbf~\xfd\x8e\x1d\
;JJJ\xa4[\x80_\xb0\xb5\xb5}\xe5\x95W\xea\
\x0e\xc5\xf4\xef\xdf\xdf\xcc\xccL\xba\x08\x80\x1a$''\
\xd7\x0d4\xd1\xd1\xd1\x85\x85\x85\xd29\x80\x18F\x19@\
\xfd~\xfc\xf1G>|\x07@_DFF\xaeY\xb3\
\xe6\xe0\xc1\x83*\x95J\xba\x05\xf8\x89\x8d\x8d\xcd\xa8Q\
\xa3\xea\x86\x98\xc1\x83\x07[XXH\x17\x01\xd0\x14\xa5\
Ry\xe2\xc4\x89\xa0\xa0\xa0\xc0\xc0\xc0\xcb\x97/K\xe7\
\x00\xda\xc6(\x03\xa8\xdf?\xff\xf9\xcf\xbf\xfe\xf5\xaf\xd2\
\x15\x00\xf0$\xa5\xa5\xa5^^^k\xd7\xae\xe5p\x1f\
t\xc7\x80\x01\x03&M\x9a4i\xd2\xa4Q\xa3FY\
[[K\xe7\x00\xd0\xb6\xd4\xd4\xd4\xa0\xa0\xa0\xa0\xa0\xa0\
\xa3G\x8fVWWK\xe7\x00\xda\xc0(\x03\xa8\xdf\x80\
\x01\x03.\x5c\xb8 ]\x01\x00\x8fv\xf3\xe6\xcd\xf5\xeb\
\xd7\xff\xf0\xc3\x0fEEE\xd2-\x80\x89\xa3\xa3\xe3\x84\
\x09\x13^{\xed\xb5\x89\x13'\xb6k\xd7N:\x07\x80\
N\xb8{\xf7nxxxPP\xd0\xc1\x83\x07\xb9\xdc\
\x04\xc3\xc6(\x03hDJJ\xca\xf3\xcf?/]\x01\
\x00\xbfp\xe4\xc8\x915k\xd6\x04\x06\x06\xd6\xd6\xd6J\
\xb7\xc0\xa8YXX\x8c\x181\xa2\xeeP\xcc\xa0A\x83\
xL\x0c\x80\xc7\xa9\xad\xad=v\xecX\xdd\xf1\x99\xab\
W\xafJ\xe7\x00\xea\xc7(\x03h\xc4\xd7_\x7f\xfd\x87\
?\xfcA\xba\x02\x00LLLL***\xf6\xec\xd9\
\xb3v\xed\xda\x84\x84\x04\xe9\x16\x18\xb5n\xdd\xba\xd5\x0d\
1\xe3\xc7\x8f\xb7\xb3\xb3\x93\xce\x01\xa0gRRR\xea\
\xd6\x99\xb8\xb8\xb8\x9a\x9a\x1a\xe9\x1c@=\x18e\x00\x8d\
\x182d\xc8\xa9S\xa7\xa4+\x00\x18\xbb\xac\xac\xac\x0d\
\x1b6l\xd9\xb2\xa5\xa0\xa0@\xba\x05F\xaaY\xb3f\
c\xc7\x8e\xad\xdbbz\xf6\xec)\x9d\x03\xc0\x10\xdc\xb9\
s',,,000,,\x8c\xab\xb8\xd0w\x8c\
2\x80\xa6\xdc\xbcy\xb3s\xe7\xce\xd2\x15\x00\x8c\xd4\xf1\
\xe3\xc7\xd7\xacY\xa3P(\xf8X\x22D\xdc\x7fd\xef\
\xe8\xd1\xa3\xad\xac\xac\xa4s\x00\x18\xa6\x9a\x9a\x9a\xd8\xd8\
\xd8\xba\xe33\xd7\xae]\x93\xce\x01\x1a\x83Q\x06\xd0\x94\
\xef\xbf\xff~\xc9\x92%\xd2\x15\x00\x8cKuu\xb5\x8f\
\x8f\xcf\xda\xb5kO\x9f>-\xdd\x02\xa3\xe3\xe8\xe88\
q\xe2\xc4I\x93&\xf1\xc8^\x00\xdaw\xe5\xca\x95\xa0\
\xa0\xa0\x03\x07\x0e\xc4\xc7\xc7\xabT*\xe9\x1c\xa0\xbe\x18\
e\x00M\x195jT\x5c\x5c\x9ct\x05\x00cq\xf7\
\xee\xdd-[\xb6\xacY\xb3&++K\xba\x05F\xc4\
\xcc\xccl\xe8\xd0\xa1\xaf\xbf\xfe\xfa\xe4\xc9\x93\x07\x0d\x1a\
dj\xca\xdf-\x01\x08\xcb\xcc\xcc\xdc\xbf\x7f\xbf\xb7\xb7\
7\x0f\x13\x80^\xe0\x0fN@SLMM\xb3\xb2\xb2\
\xda\xb7o/\x1d\x02\xc0\xc0eff\xae^\xbdz\xeb\
\xd6\xad\xc5\xc5\xc5\xd2-0\x16\xb6\xb6\xb6\x13'N\x9c\
:u\xea\x94)S\xda\xb4i#\x9d\x03\x00\x8f\x90\x9a\
\x9a\xea\xe3\xe3\xe3\xe3\xe3\xc3s\xee\xa1\xcb\x18e\x00\x0d\
\xfa\xcf\x7f\xfe\xf3\x9b\xdf\xfcF\xba\x02\x80\xc1JHH\
X\xb5j\x95\x8f\x8fOuu\xb5t\x0b\x8cB\xb7n\
\xdd\xa6M\x9b6u\xeaTggg\x9e\x14\x03@_\
$%%\xf9\xf8\xf8x{{\xf3Rm\xe8 F\x19\
@\x83\xc6\x8d\x1b\x17\x1d\x1d-]\x01\xc0\x00EFF\
~\xf7\xddw\x91\x91\x91\xd2!0|\xe6\xe6\xe6#F\
\x8c\x98:u\xea\xb4i\xd3\xfa\xf4\xe9#\x9d\x03\x00\x8d\
\x97\x90\x90\xe0\xed\xed\xed\xe3\xe3\x93\x96\x96&\xdd\x02\xfc\
\x84Q\x06\xd0 ss\xf3\xdc\xdc\x5cGGG\xe9\x10\
\x00\x06\xa2\xee9\xbe\xabV\xad\xe2$64\xadE\x8b\
\x16\xaf\xbd\xf6\xda\xd4\xa9S'O\x9e\xdc\xaaU+\xe9\
\x1c\x00P\xa7S\xa7Ny{{\xef\xdb\xb7\x8f\x07\xb1\
A\x1c\xa3\x0c\xa0Y[\xb7n\xfd\xf0\xc3\x0f\xa5+\x00\
\xe8\xbd\x92\x92\x92-[\xb6\xac^\xbd:33S\xba\
\x05\x86\xacG\x8f\x1eu\x17\x94F\x8f\x1emii)\
\x9d\x03\x00\x1a\xa4R\xa9\xe2\xe2\xe2\xbc\xbd\xbd}}}\
\xf3\xf3\xf3\xa5s`\xa4\x18e\x00\xcd\x9a4iRX\
X\x98t\x05\x00=\x96\x95\x95\xb5f\xcd\x9a-[\xb6\
\xdc\xbd{W\xba\x05\x86\xc9\xc2\xc2b\xf4\xe8\xd1u[\
L\xcf\x9e=\xa5s\x00@\xdbjkkcbb\xbc\
\xbd\xbd\xfd\xfc\xfc\xee\xdc\xb9#\x9d\x03\xe3\xc2(\x03h\
\x96\xa5\xa5e~~\xbe\xbd\xbd\xbdt\x08\x00\xfds\xe9\
\xd2\xa5U\xabV\xed\xdd\xbb\x97\xe7\xf8B\x13\x1c\x1c\x1c\
&O\x9e<m\xda\xb4I\x93&\xf1\xe7\x14\x00\x98\x98\
\x98TWWGDDx{{\x1f8p\xa0\xa4\xa4\
D:\x07F\x81Q\x06\xd08\x0f\x0f\x8fw\xdf}W\
\xba\x02\x80>\x89\x8a\x8aZ\xb5j\x15\xe7\xec\xa0\x09\xdd\
\xbaussssuu\x1d9r\xa4\xb9\xb9\xb9t\
\x0e\x00\xe8\xa2\x8a\x8a\x8a\x83\x07\x0fzyy\x05\x07\x07\
\xd7\xd4\xd4H\xe7\xc0\x901\xca\x00\x1a7}\xfa\xf4\x03\
\x07\x0eHW\x00\xd0\x03555\xfb\xf6\xed[\xb5j\
\xd5\xf9\xf3\xe7\xa5[`h^|\xf1E7777\
7\xb7\x81\x03\x07J\xb7\x00\x80\xde\xc8\xcb\xcb\xf3\xf2\xf2\
\xda\xb6m\xdb\x95+W\xa4[`\x98\x18e\x00\x8d\xb3\
\xb6\xb6\xbeu\xeb\x96\xad\xad\xadt\x08\x00\xddu\xef\xde\
\xbd\xad[\xb7\xae^\xbd:==]\xba\x05\x06e\xe8\
\xd0\xa1nnn3g\xce\xe4a1\x00\xf0,\x8e\x1f\
?\xbe}\xfbv\x1f\x1f\x1f\xae5A\xbd\x18e\x00m\
\xd8\xbbw\xef\xacY\xb3\xa4+\x00\xe8\xa2\x9c\x9c\x9c\xb5\
k\xd7n\xda\xb4\xa9\xa8\xa8H\xba\x05\x06\xc2\xdc\xdc|\
\xcc\x981nnn3f\xcc\xe8\xd4\xa9\x93t\x0e\x00\
\x18\x8e\xd2\xd2\xd2\xfd\xfb\xf7o\xdf\xbe=66V\xba\
\x05\x06\x82Q\x06\xd0\x867\xdf|s\xff\xfe\xfd\xd2\x15\
\x00tKZZ\xda\xb7\xdf~\xbbc\xc7\x8e\xca\xcaJ\
\xe9\x16\x18\x02++\xab\x09\x13&\xcc\x9c9s\xfa\xf4\
\xe9\xad[\xb7\x96\xce\x01\x00C\x96\x9c\x9c\xbcc\xc7\x0e\
\x0f\x0f\x8f\x9c\x9c\x1c\xe9\x16\xe87F\x19@\x1b\x9a5\
k\x96\x9f\x9f\xdf\xb4iS\xe9\x10\x00:\xe1\xf2\xe5\xcb\
_\x7f\xfd\xf5\xde\xbd{yv \x9e]\xb3f\xcd\xa6\
L\x99\xe2\xe6\xe66e\xca\x14;;;\xe9\x1c\x000\
\x22555aaa\xdb\xb6m\xe3y\xc0h4F\
\x19@K\x14\x0a\x85\x9b\x9b\x9bt\x05\x00a\xe7\xce\x9d\
\xfb\xea\xab\xaf\xfc\xfd\xfdU*\x95t\x0b\xf4\x9b\x83\x83\
\xc3\xb4i\xd3\xdc\xdc\xdc&N\x9c\xd8\xa4I\x13\xe9\x1c\
\x000ju\xcf\x03\xde\xbe}{RR\x92t\x0b\xf4\
\x0c\xa3\x0c\xa0%\xb3g\xcf\xde\xbd{\xb7t\x05\x001\
\xb1\xb1\xb1+V\xac\xe0-\xd7xF\xed\xdb\xb7\x9f9\
s\xa6\x9b\x9b\x9b\xb3\xb3\xb3\x85\x85\x85t\x0e\x00\xe0\x17\
x\x1e0\x1a\x8aQ\x06\xd0\x12;;\xbb\xfc\xfc|k\
kk\xe9\x10\x00\xda\x16\x16\x16\xb6b\xc5\x0a\x9e\x08\x88\
g\xd1\xb5k\xd77\xdf|\xd3\xcd\xcdm\xf8\xf0\xe1\xa6\
\xa6\xfc\xfd\x0d\x00t\x1a\xcf\x03F\xfd\xf1\x87:\xa0=\
AAAS\xa7N\x95\xae\x00\xa0%*\x95\xca\xdf\xdf\
\x7f\xc5\x8a\x15g\xcf\x9e\x95n\x81\xbe\xea\xd8\xb1\xe3\xaf\
~\xf5+ww\xf7\xa1C\x87J\xb7\x00\x00\x1a\x8c\xe7\
\x01\xe3\xa9\x18e\x00\xedy\xff\xfd\xf7w\xec\xd8!]\
\x01@\xe3jjj\xf6\xee\xdd\xbbr\xe5J.\x96\xa3\
q\xda\xb6m\xfb\xd6[o\xb9\xbb\xbb\x8f\x1a5\x8as\
1\x00\xa0\xefjkk\x83\x83\x83\xd7\xad[\x17\x15\x15\
%\xdd\x02\x9d\xc3\x1f\xf3\x80\xf6888\xe4\xe5\xe5\xf1\
\x08\x00\xc0\x80UVV\xee\xd8\xb1\xe3\xdbo\xbfMK\
K\x93n\x81\xfei\xd5\xaa\xd5\x1bo\xbc\xe1\xee\xee\xee\
\xec\xeclnn.\x9d\x03\x00P\xb3\x1f\x7f\xfcq\xfd\
\xfa\xf5\x9e\x9e\x9eeee\xd2-\xd0\x15\x8c2\x80V\
EDDL\x980A\xba\x02\x80\xfa\x95\x96\x96n\xde\
\xbc\xf9_\xff\xfaWvv\xb6t\x0b\xf4L\x8b\x16-\
f\xce\x9c\xe9\xee\xee\xee\xe2\xe2\xc2p\x0f\x00\x06\xaf\xa8\
\xa8h\xfb\xf6\xed\xeb\xd7\xaf\xe7C80a\x94\x01\xb4\
l\xfe\xfc\xf9\x9b7o\x96\xae\x00\xa0NEEE\xeb\
\xd6\xad[\xb3f\xcd\xed\xdb\xb7\xa5[\xa0O\x9a7o\
>}\xfatww\xf7I\x93&\xf1\x18x\x0006\
J\xa52$$d\xed\xda\xb5\x87\x0e\x1d\x92n\x81$\
F\x19@\xab\xda\xb4i\x93\x93\x93cff&\x1d\x02\
@\x0d\xf2\xf3\xf3\xbf\xff\xfe\xfb\x0d\x1b6\xf0\xdaK\xd4\
\x9f\x8d\x8d\xcd\xeb\xaf\xbf\xee\xee\xee\xfe\xfa\xeb\xaf\xdb\xd8\
\xd8H\xe7\x00\x00\x84]\xbe|\xb9\xeeNSii\xa9\
t\x0b\x040\xca\x00\xdav\xf8\xf0aggg\xe9\x0a\
\x00\xcf$##\xe3\xdbo\xbf\xdd\xb6m[yy\xb9\
t\x0b\xf4\x83\x95\x95\xd5k\xaf\xbd\xe6\xee\xee>}\xfa\
\xf4\xe6\xcd\x9bK\xe7\x00\x00tKQQ\xd1\x8e\x1d;\
\xd6\xaf_\x9f\x9a\x9a*\xdd\x02\xadb\x94\x01\xb4m\xd1\
\xa2E\xeb\xd6\xad\x93\xae\x00\xd0H\xa9\xa9\xa9+V\xac\
\xf0\xf4\xf4\xac\xae\xae\x96n\x81\x1e\xb0\xb0\xb0pqq\
qww\x9f1c\x86\xbd\xbd\xbdt\x0e\x00@\xa7)\
\x95\xca\x83\x07\x0f\xae]\xbb622R\xba\x05Z\xc2\
(\x03h[\x87\x0e\x1d233y\xc5)\xa0wn\
\xdc\xb8\xf1\xe5\x97_zxx\xd4\xd4\xd4H\xb7@\xd7\
\x99\x9a\x9a:;;\xbf\xfd\xf6\xdbnnn\x8e\x8e\x8e\
\xd29\x00\x00=\x93\x94\x94\xb4~\xfdz\x0f\x0f\x0f\xee\
4\x19<\xfeY\x08\x08\x88\x8f\x8f\x1f1b\x84t\x05\
\x80\xfa\xbay\xf3\xe6W_}\xb5s\xe7NN\xc7\xe0\
\xa9\xfa\xf4\xe93w\xee\xdc\xd9\xb3gw\xee\xdcY\xba\
\x05\x00\xa0\xdf\xee\xde\xbd[w\xa7\xe9\xfa\xf5\xeb\xd2-\
\xd0\x14F\x19@\xc0\xb2e\xcbV\xadZ%]\x01\xe0\
\xe9\xd2\xd3\xd3\xbf\xfa\xea\xab\x1d;v0\xc7\xe0\xc9\xda\
\xb6m\xfb\xf6\xdbo\xcf\x9d;w\xd0\xa0A\xd2-\x00\
\x00\x83\xa2T*CCC\xeb\xee4\xa9T*\xe9\x1c\
\xa8\x19\xa3\x0c \xa0k\xd7\xaeiii\xd2\x15\x00\x9e\
$##c\xc5\x8a\x15\xdb\xb7o\xaf\xaa\xaa\x92n\x81\
\xee\xb2\xb1\xb1\x991c\xc6\xdc\xb9s'L\x98`a\
a!\x9d\x03\x000dW\xae\x5cY\xbf~\xfd\xce\x9d\
;\xb9\xd3dH\x18e\x00\x19g\xce\x9c\x19<x\xb0\
t\x05\x80G\xc8\xca\xcaZ\xb1b\xc5\x0f?\xfc\xc0\x1c\
\x83\xc7133\x1b;v\xec\xdc\xb9s\xdfx\xe3\x0d\
[[[\xe9\x1c\x00\x80\x11),,\x5c\xb7n\xdd\xda\
\xb5k\x0b\x0b\x0b\xa5[\xa0\x06\x8c2\x80\x8c?\xfd\xe9\
O+V\xac\x90\xae\x00\xf0\x0b\xd9\xd9\xd9+W\xae\xdc\
\xbaukee\xa5t\x0btT\xdf\xbe}\xeb\x1e\x19\
\xd3\xb1cG\xe9\x16\x00\x80\xf1*--\xdd\xb2e\xcb\
\xbf\xfe\xf5\xaf\xac\xac,\xe9\x16<\x13F\x19@F\x8f\
\x1e=\x92\x93\x93\xa5+\x00\xfc$''g\xe5\xca\x95\
[\xb6la\x8e\xc1#\xb5k\xd7n\xf6\xec\xd9s\xe7\
\xce\x1d8p\xa0t\x0b\x00\x00?\xa9\xaa\xaa\xf2\xf2\xf2\
\xfa\xe6\x9boRRR\xa4[\xd0H\x8c2\x80\x98\x8b\
\x17/\xf6\xeb\xd7O\xba\x020v\xb9\xb9\xb9_\x7f\xfd\
\xf5\xe6\xcd\x9b+**\xa4[\xa0s\x9a6m:s\
\xe6\xcc\xb9s\xe7\xba\xb8\xb8\x98\x9b\x9bK\xe7\x00\x00\xf0\
\x08J\xa5R\xa1P\xac\x5c\xb9\xf2\xfc\xf9\xf3\xd2-h\
03\xe9\x00\xc0x)\x14\x0a\xe9\x04\xc0\xa8\xe5\xe5\xe5\
-]\xba\xd4\xc9\xc9i\xcd\x9a5,2x\x90\x99\x99\
\x99\x8b\x8b\x8b\x87\x87G^^\xde\xae]\xbb&M\x9a\
\xc4\x22\x03\x00\xd0Yfffo\xbd\xf5\xd6\xb9s\xe7\
\xc2\xc2\xc2\x9c\x9d\x9d\xa5s\xd00\x9c\x94\x01\xc4\xf4\xed\
\xdb\xf7\xd2\xa5K\xd2\x15\x801\xca\xcf\xcf\xff\xe6\x9bo\
6n\xdcX^^.\xdd\x02\xdd\xd2\xbf\x7f\xff\xb9s\
\xe7\xbe\xfd\xf6\xdb\xcf=\xf7\x9ct\x0b\x00\x00\x8dq\xfc\
\xf8\xf1\x95+W\x06\x07\x07\xf3\xfel\xbd\xc0(\x03H\
\xbar\xe5J\xaf^\xbd\xa4+\x00#r\xeb\xd6\xado\
\xbf\xfdv\xc3\x86\x0deee\xd2-\xd0!\x0e\x0e\x0e\
s\xe6\xcc\x997o\x1e\x8f\x8c\x01\x00\x18\x86\xc4\xc4\xc4\
\xaf\xbf\xfe\xda\xdb\xdb\xbb\xb6\xb6V\xba\x05O\xc2(\x03\
H\xfa\xea\xab\xaf>\xff\xfcs\xe9\x0a\xc0(\x14\x14\x14\
|\xf7\xddw\xff\xf9\xcf\x7fJKK\xa5[\xa0+\xea\
\xae)\xcd\x9b7o\xc6\x8c\x19\xd6\xd6\xd6\xd29\x00\x00\
\xa8YZZ\xdaw\xdf}\xb7c\xc7\x0enj\xeb,\
F\x19@\xd2\xa0A\x83\xce\x9e=+]\x01\x18\xb8;\
w\xee|\xf7\xddw\xeb\xd6\xad\xbbw\xef\x9et\x0bt\
E\x97.]>\xf8\xe0\x83\xf7\xdf\x7f\xbfK\x97.\xd2\
-\x00\x00hVnn\xee\xea\xd5\xab7n\xdcX\x5c\
\x5c,\xdd\x82\x871\xca\x00\xc2RSS\xbbu\xeb&\
]\x01\x18\xa6\xb2\xb2\xb25k\xd6|\xfb\xed\xb7EE\
E\xd2-\xd0\x09\xff\xcf\xde\x9d\xc7\xd5\x9c\xf7}\x1c\xef\
\x9c\xd3\xbejQ\xc9R&\x15\xb2\x9bj\xec)d\xa9\
\xa9l\x85\x8a\xb2\xa4\x8ce\xd4\x981Hv3\xd6\x98\
\xc1\xa0H\x85F\xa2\xa2\xc5R\x8c-K\xd6\xa2\xb2\xb6\
k\xd1\xaa\xfdt\xce\xfd\xc7q\x1b\xe32#u:\x9f\
\xb3\xbc\x9f\x7fx4s]\x17\xaf\xfb~\x90s\xde\xe7\
\xfb\xfb\xfd\xe4\xe4\xe4&N\x9c\xe8\xe1\xe1amm\xcd\
`\xe0U\x10\x00\x00H\x90\x8a\x8a\x8a\xdf\x7f\xff}\xe7\
\xce\x9d\xc5\xc5\xc5\xd4-\xf07\xbc\x1c\x01 \xb6e\xcb\
\x16___\xea\x0a\x00q\xd3\xd8\xd8\xb8\x7f\xff\xfe\xf5\
\xeb\xd7\xbf~\xfd\x9a\xba\x05\x84B\xff\xfe\xfdg\xcf\x9e\
=}\xfatuuu\xea\x16\x00\x00\x002\xb5\xb5\xb5\
\x81\x81\x81[\xb7n\xcd\xca\xca\xa2n\x01))\x8c2\
\x00\xe4\xbe\xf9\xe6\x9b\x1b7nPW\x00\x88\x0f\x0e\x87\
\x13\x16\x16\xb6z\xf5\xea\x97/_R\xb7\x00=uu\
\xf5\x193f\xcc\x9e=\x1bw\xf0\x05\x00\x00x\x8f\xcd\
f\x87\x85\x85\xad[\xb7\xee\xf9\xf3\xe7\xd4-\x92\x0e\xa3\
\x0c\x001\x06\x83\x91\x93\x93\x83g\xaf\x02\xf0ETT\
\xd4\xca\x95+SSS\xa9C\x80\x18\x83\xc1\xb0\xb6\xb6\
\x9e={\xb6\x83\x83\x83\xbc\xbc<u\x0e\x00\x00\x800\
b\xb3\xd9AAA\xeb\xd6\xad\xcb\xcd\xcd\xa5n\x91\x5c\
L\xea\x00\x00I\xc7\xe5r###\xa9+\x00D\xde\
\xa5K\x97\x06\x0d\x1a\xe4\xe0\xe0\x80EF\xc2u\xe9\xd2\
\x85wN\xea\xfc\xf9\xf3\xce\xce\xceXd\x00\x00\x00\xfe\
\x8d\xb4\xb4\xf4\xbcy\xf3\x9e>}\xbac\xc7\x0emm\
m\xea\x1c\x09\x85\x932\x00\xf4\x86\x0f\x1f~\xf9\xf2e\
\xea\x0a\x00Q\x95\x92\x92\xf2\xf3\xcf?\x9f;w\x8e:\
\x04(\xc9\xc9\xc99::\xf2\xee\xe0\xcbd\xe23'\
\x00\x00\x80/S]]\x1d\x10\x10\xb0e\xcb\x16<\x1e\
A\xc00\xca\x00\xd0c2\x99\xf9\xf9\xf9:::\xd4\
!\x00\x22&##c\xe5\xca\x95'O\x9e\xe4r\xb9\
\xd4-@\xa6_\xbf~\xbc;\xf8jhhP\xb7\x00\
\x00\x00\x88\xb6\xf2\xf2\xf2\xad[\xb7\x06\x04\x04\xbc}\xfb\
\x96\xbaER\xe0\xa3$\x00z\x1c\x0e\xe7\xf4\xe9\xd3\xd4\
\x15\x00\xa2$''g\xf6\xec\xd9\xa6\xa6\xa6\x11\x11\x11\
Xd$\x93\xa2\xa2\xe2\xec\xd9\xb3o\xdd\xbau\xef\xde\
\xbd\xef\xbe\xfb\x0e\x8b\x0c\x00\x00@\xeb\xb5k\xd7n\xfd\
\xfa\xf5/^\xbc\xf8\xfe\xfb\xefq\x09\xb0`\xe0\xa4\x0c\
\x80P\x185j\xd4\xf9\xf3\xe7\xa9+\x00D@II\
\xc9\xc6\x8d\x1b\xf7\xec\xd9S__O\xdd\x024z\xf6\
\xec9\x7f\xfe|WW\xd7v\xed\xdaQ\xb7\x00\x00\x00\
\x88\xad\xbc\xbc\xbcu\xeb\xd6\x05\x05\x05566R\xb7\
\x883\x8c2\x00BAZZ\xba\xb0\xb0\x10\x9f\xf4\x02\
\xfc\x87\xaa\xaa\xaam\xdb\xb6m\xdf\xbe\xbd\xaa\xaa\x8a\xba\
\x05\x08\xc8\xca\xcaN\x9a4\xc9\xcb\xcbk\xd8\xb0a\xd4\
-\x00\x00\x00\x92\xe2\xc5\x8b\x17k\xd6\xac\x09\x0d\x0d\xe5\
p8\xd4-\xe2\x09\xa3\x0c\x80\xb0\x08\x0a\x0arww\
\xa7\xae\x00\x10F\xf5\xf5\xf5\xbf\xff\xfe\xfb\xa6M\x9bJ\
JJ\xa8[\x80@\xd7\xae]====<<\xda\
\xb7oO\xdd\x02\x00\x00 \x89\x9e<y\xe2\xe7\xe7\x87\
\x1b\xf9\xb5\x05\x8c2\x00\xc2b\xc2\x84\x09g\xce\x9c\xa1\
\xae\x00\x10.MMM\x87\x0f\x1f^\xb3fMNN\
\x0eu\x0b\x08\x1a\x8b\xc5\xb2\xb3\xb3\x9b?\x7f\xfe\x981\
c\x18\x0c\xbcb\x01\x00\x00 v\xf7\xee\xddU\xabV\
\xc5\xc6\xc6R\x87\x88\x15\xbc\xc4\x01\x10\x16\xb2\xb2\xb2E\
EEjjj\xd4!\x00B\x81\xcb\xe5FDD\xac\
Z\xb5*##\x83\xba\x05\x04MOOo\xee\xdc\xb9\
s\xe6\xcc\xe9\xd4\xa9\x13u\x0b\x00\x00\x00\xfc\xc3\xb5k\
\xd7V\xae\x5cy\xe9\xd2%\xea\x101\x81\xa7/\x01\x08\
\x8b\x86\x86\x06\x9c\x94\x01\xe0\xb9|\xf9\xb2\xb9\xb9\xf9\xd4\
\xa9S\xb1\xc8H\x14\x06\x831f\xcc\x98\xc8\xc8\xc8\xac\
\xac,\x7f\x7f\x7f,2\x00\x00\x00Bh\xc8\x90!I\
II\xe7\xcf\x9f\xb7\xb0\xb0\xa0n\x11\x07\x18e\x00\x84\
\xc8\xc9\x93'\xa9\x13\x00\x88\xa5\xa7\xa7\xdb\xdb\xdb[Z\
Z\xde\xb9s\x87\xba\x05\x04GKK\xeb\x87\x1f~x\
\xfa\xf4iBB\x82\xa3\xa3\xa3\xb4\xb44u\x11\x00\x00\
\x00\xfc\x97Q\xa3F%''GGG\xf7\xea\xd5\x8b\
\xbaE\xb4\xe1E\x0f\x80\x10\x89\x8f\x8f\xaf\xae\xaeVR\
R\xa2\x0e\x01 PTT\xe4\xef\xef\x7f\xe0\xc0\x016\
\x9bM\xdd\x02\x823l\xd8\xb0\xf9\xf3\xe7O\x9a4I\
NN\x8e\xba\x05\x00\x00\x00\xbe\x8c\x9d\x9d\xdd\xf5\xeb\xd7\
SSS\xa9CD\x18F\x19\x00!R[[\x1b\x1b\
\x1b;e\xca\x14\xea\x10\x00\x81\xaa\xad\xad\xdd\xb1c\xc7\
\xe6\xcd\x9b\xf1\xack\xc9\xa1\xaa\xaa\xea\xe6\xe6\xe6\xe9\xe9\
\x89\x8f\xd7\x00\x00\x00DZTT\x14u\x82h\xc3(\
\x03 \x5cN\x9e<\x89Q\x06$\x07\x87\xc3\x09\x09\x09\
Y\xb9renn.u\x0b\x08H\xef\xde\xbd\x17.\
\x5c8}\xfat\x9c\x0a\x04\x00\x00\x10u\x99\x99\x99O\
\x9e<\xa1\xae\x10m\x18e\x00\x84K\x5c\x5c\x5ccc\
\xa3\x8c\x8c\x0cu\x08@\x9b\xbbp\xe1\x82\xaf\xaf\xef\x83\
\x07\x0f\xa8C@\x10X,\x96\xbd\xbd\xfd\xa2E\x8bF\
\x8c\x18A\xdd\x02\x00\x00\x00\xfc\x81c2\xad\x87Q\x06\
@(\xe8\xea\xea\xda\xd8\xd8\xd8\xd8\xd8\x8c\x1e=\x1a\x8b\
\x0c\x88\xbd\xd4\xd4\xd4e\xcb\x96\xc5\xc5\xc5Q\x87\x80 \
\xa8\xab\xab\xcf\x993g\xc1\x82\x05\xfa\xfa\xfa\xd4-\x00\
\x00\x00\xc0O\xa7O\x9f\xa6N\x10y\x0c\xea\x00\x00\xc9\
%++;t\xe8P\x1b\x1b\x9b\xb1c\xc7\xf6\xe9\xd3\
\x87:\x07@\x10\x0a\x0a\x0a\xfc\xfc\xfc\x0e\x1d:\xd4\xd4\
\xd4D\xdd\x02m\xce\xd4\xd4t\xd1\xa2E...\x8a\
\x8a\x8a\xd4-\x00\x00\x00\xc0g\x85\x85\x85zzz\x1c\
\x0e\x87:D\xb4\xe1\xa4\x0c\x80\xa0\x19\x1b\x1b\xf3\x0e\xc5\
XZZ\xe2\x96\x0a 9\xaa\xab\xab\xb7l\xd9\xb2u\
\xeb\xd6\xea\xeaj\xea\x16h[L&\xd3\xce\xcen\xd1\
\xa2EVVV\xd4-\x00\x00\x00\xd0Vbbb\xb0\
\xc8\xb4\x1eF\x19\x00APUU\xb5\xb2\xb2\xe2m1\
]\xbbv\xa5\xce\x01\x10\xa8\xa6\xa6\xa6\xa0\xa0 ??\
\xbf\xd7\xaf_S\xb7@\xdbj\xd7\xae\xdd\xec\xd9\xb3\x17\
,X\x80ot\x00\x00\x00b\x0f7\x94\xe1\x0b\x5c\xbe\
\x04\xd0V\x18\x0c\xc6\xc0\x81\x03yC\xcc\xa0A\x83\xa4\
\xa5\xb1\x81\x82$\x8a\x8d\x8d]\xb6lYZZ\x1au\
\x08\xb4\xad\x1e=z,Z\xb4\xc8\xd5\xd5\x15\x07\x00\x01\
\x00\x00$Auu\xb5\x96\x96V]]\x1du\x88\xc8\
\xc3\xbbD\x00>\xeb\xd4\xa9\x13\xefP\xcc\xe8\xd1\xa3\xdb\
\xb7oO\x9d\x03@\xe6\xfe\xfd\xfb\xbe\xbe\xbe\x17/^\
\xa4\x0e\x816\xc4`0&L\x98\xb0h\xd1\xa2Q\xa3\
F1\x18\xf8\xa4\x07\x00\x00@R$$$`\x91\xe1\
\x0bI\x1ce:t\xe8PPP@]\x01b\xa5[\
\xb7n\xc3\x87\x0f\x1f>|\xf8\x88\x11#\x0c\x0c\x0c\xa8\
s\x00\x88\xe5\xe6\xe6\xaeX\xb1\x2244\x14\x97\x19\x8b\
1UUU\x0f\x0f\x8f\x05\x0b\x16t\xeb\xd6\x8d\xba\x05\
\x00\x00\x00\x04\x0d\xcf]\xe2\x17I\xfcPk\xeb\xd6\xad\
NNN\x09\x09\x09\xf1\xf1\xf1\x17.\x5c(//\xa7\
.\x02\xd1\xc3`0LMMyC\xcc\xb0a\xc3\xf4\
\xf4\xf4\xa8\x8b\x00\x84Bee\xe5\xe6\xcd\x9bw\xee\xdc\
Y[[K\xdd\x02m\xc5\xc4\xc4d\xe1\xc2\x853g\
\xceTVV\xa6n\x01\x00\x00\x00\x02l6[GG\
\xa7\xb4\xb4\x94:D\x1cH\xe2(3l\xd8\xb0\xbf\xfe\
\xfa\x8b\xf7uSS\xd3\xcd\x9b7\xe3\xe3\xe3\xe3\xe3\xe3\
SRR\xf0\xa1.\xfc\x07\x16\x8b\xd5\xbf\x7f\x7f\xde\x10\
3t\xe8PMMM\xea\x22\x00!\xc2\xe1p\x02\x03\
\x03W\xae\x5cYTTD\xdd\x02m\x82\xc1`\x8c\x1b\
7n\xd1\xa2Ec\xc6\x8c\xc1\x95J\x00\x00\x00\x92,\
))\x09\xcfX\xe4\x17I|Q\xc5d2_\xbf~\
\xfd\xbf7\xfb())9\x7f\xfe||||BB\
Baa!I\x1b\x08\x1bYYYsss\xde\x10\
3x\xf0`\x15\x15\x15\xea\x22\x00at\xe5\xca\x95\xc5\
\x8b\x17\xdf\xbbw\x8f:\x04\xda\x84\x82\x82\x82\xbb\xbb\xfb\
\xe2\xc5\x8b\x8d\x8d\x8d\xa9[\x00\x00\x00\x80\xde\x92%K\
\x02\x02\x02\xa8+\xc4\x84$\x8e2RRRAAA\
\xee\xee\xee\xff\xf6\x9fr\xb9\xdc\x07\x0f\x1e\xf0\x8e\xcf\x5c\
\xbf~\xbd\xb1\xb1Q\x90m@NUU\xf5\xfd\x10c\
aa!//O]\x04 \xbc\xb2\xb3\xb3\x97-[\
\x16\x1e\x1eN\x1d\x02mB[[\xfb\xbb\xef\xbe\xf3\xf2\
\xf2\xd2\xd2\xd2\xa2n\x01\x00\x00\x00aa``\x90\x95\
\x95E]!&$t\x94\xb1\xb7\xb7o\xe6}\x89\xaa\
\xaa\xaa\x12\x13\x13y\x03\xcd\xabW\xaf\xda\xb8\x0bhH\
KK\xf7\xee\xdd\xdb\xc2\xc2\xc2\xc2\xc2\xc2\xdc\xdc\xbc{\
\xf7\xeeL&\x93:\x0a@\xd8\xd5\xd4\xd4\xfc\xfa\xeb\xaf\
\xbf\xfe\xfa+n\x1f#\x96LLL|||\x5c]\
]1L\x03\x00\x00\xc0\x87\x1e<x\xd0\xaf_?\xea\
\x0a\xf1!\xa1\xa3\x8c\x82\x82BII\x89\xa2\xa2\xe2\x17\
\xfd\xaf233y\xeb\xcc\xa5K\x97\xf0&D\xd4u\
\xe9\xd2\xc5\xe2\xff\x0d\x180\xe0K\x7f3\x00H\xb8\xe3\
\xc7\x8f/[\xb6,''\x87:\x04\xf8o\xf8\xf0\xe1\
\xbe\xbe\xbe\xb6\xb6\xb6\xb8q\x0c\x00\x00\x00\xfc\xaf5k\
\xd6\xf8\xfb\xfbSW\x88\x0f\xc9}\xbdu\xfa\xf4i{\
{\xfb\x96\xfdo\xeb\xea\xea\xae_\xbf~\xe7\xce\x9d\xbb\
w\xef\xa6\xa4\xa4<\x7f\xfe\x9c\xcb\xe5\xf27\x0f\xf8N\
EE\xc5\xcc\xcc\xec\xfd\x10\xa3\xab\xabK]\x04 \x92\
\xee\xde\xbd\xbbx\xf1\xe2\xabW\xafR\x87\x00\x9f\xb1X\
\xacI\x93&\xf9\xf8\xf8\x98\x9b\x9bS\xb7\x00\x00\x00\x80\
\xf0\x1a0`\x00\xee$\xc8G\x92;\xca\xb8\xbb\xbb\x07\
\x05\x05\xf1\xe5\xa7\xaa\xa8\xa8\xb8w\xef\xde\xdd\xbbwy\
\x1bMff&\x9e\xe2$\x0cX,V\xaf^\xbd\xde\
\xaf0=z\xf4\xc0EI\x00\xadQTT\xb4b\xc5\
\x8a\xa0\xa0 |\x8b\x133JJJ\xb3g\xcf^\xb2\
dI\xd7\xae]\xa9[\x00\x00\x00@\xa8eee\x19\
\x18\x18PW\x88\x15\xc9\x1de\xb4\xb4\xb4^\xbf~\xcd\
b\xb1\xf8\xfe3\xbf}\xfb\xf6\xfe\xfd\xfb\xbc\x81\xe6\xee\
\xdd\xbbO\x9e<ijj\xe2\xfb\xaf\x02\xffK[[\
\xdb\xc4\xc4\xc4\xc4\xc4\xa4{\xf7\xeefff\x03\x07\x0e\
TRR\xa2\x8e\x02\x10\x07\x8d\x8d\x8d\xbbw\xef^\xbb\
vmEE\x05u\x0b\xf0\x93\xae\xae\xee\xa2E\x8b\xe6\
\xcf\x9f\xaf\xae\xaeN\xdd\x02\x00\x00\x00\x22`\xf7\xee\xdd\
\x8b\x16-\xa2\xae\x10+\x92;\xcaHII\xfd\xf5\xd7\
_\xc3\x86\x0dk\xeb_\xa5\xa6\xa6\xe6\xe1\xc3\x87\xbc\x81\
&%%%--\x8d\xcdf\xb7\xf5/*\xf6\xe4\xe4\
\xe4\xbau\xeb\xc6\xdb_L\xfe_\xbbv\xed\xa8\xbb\x00\
\xc4Pll\xec\xf7\xdf\x7f\x9f\x99\x99I\x1d\x02\xfc\xd4\
\xb3gO__\xdf\xe9\xd3\xa7\xcb\xc9\xc9Q\xb7\x00\x00\
\x00\x80\xc8\xb0\xb6\xb6NLL\xa4\xae\x10+\x12=\xca\
\xf8\xf8\xf8l\xdd\xbaU\xc0\xbfh}}\xfd\xc3\x87\x0f\
\xdf_\xeb\xf4\xe4\xc9\x93\x9a\x9a\x1a\x017\x88\x1c==\
=\x93\x7f200\xc0\x95Q\x8d\x93\x00\x00 \x00I\
DAT\xb5H\x00m-##c\xe9\xd2\xa5\xb1\xb1\
\xb1\xd4!\xc0OVVV\xbe\xbe\xbec\xc7\x8e\xc5}\
|\x01\x00\x00\xe0\x8b\x94\x95\x95ikk\xe3\x90\x01\x7f\
I\xf4\x0b2CC\xc3g\xcf\x9eQWH\x95\x96\x96\
f\x7f ''\x87\xf7E~~\xbe\xa4\xdd\xb8\x81\xc5\
bikk\xeb\xea\xea\x1a\x19\x19\xbd?\x02cll\
\xac\xa2\xa2B\x9d\x06 Y***\xd6\xae]\xbb{\
\xf7\xee\xc6\xc6F\xea\x16\xe0\x0fii\xe9\xa9S\xa7\xfa\
\xf8\xf8\x0c\x180\x80\xba\x05\x00\x00\x00DRhh\xa8\
\xab\xab+u\x85\xb8\x91\xe8QFJJ*55\xd5\
\xd4\xd4\x94\xba\xe2\xd3\xd8lv^^\xde\xff\x8e5Y\
YY\x95\x95\x95\xd4u-\xc1`0\xb4\xb4\xb4tt\
ttuuuuu?\xfaBGGGKK\x0b\
\xe7_\x00hq8\x9c\xa0\xa0\xa0\x15+V\x14\x15\x15\
Q\xb7\x00\x7f\xa8\xa8\xa8\xcc\x9d;w\xf1\xe2\xc5]\xba\
t\xa1n\x01\x00\x00\x00\x116e\xca\x94\x88\x88\x08\xea\
\x0aq#M\x1d@,**JhG\x19iii\
}}}}}\xfd\xff\xfd\x8f*++?\x1ck\xb2\
\xb2\xb2\xca\xca\xcajjjjjjjkk?\xfc\
\xa2\xa1\xa1A\x00\xa9,\x16KAAAAAA^\
^^YY\xf9\xfd\xc8\xf2\xd1\xf8\xd2\xbe}{ii\
I\xff-\x07 \xcc\xae\x5c\xb9\xb2x\xf1b<\xe3P\
lt\xe8\xd0\xe1\xfb\xef\xbf\x9f7o\x9e\x9a\x9a\x1au\
\x0b\x00\x00\x00\x88\xb6\xfa\xfa\xfa\xf8\xf8x\xea\x0a1$\
\xe9'e\xcc\xcc\xccn\xdd\xbaE]\xd1\x86\x9a\x9a\x9a\
x\xeb\xccGc\xcdG\xff\xf8\xfe\x0b.\x97\xcb\xdbV\
\x9a\xff\xa3\xbc\xbc<\xa6\x16\x00Q\x97\x93\x93\xf3\xc3\x0f\
?\x84\x87\x87S\x87\x00\x7f|\xf5\xd5W?\xfe\xf8\xe3\
\xcc\x993q\x1f_\x00\x00\x00\xe0\x8b\xd3\xa7O;:\
:RW\x88!I\x7f/}\xe7\xce\x9d\xfc\xfc|=\
==\xea\x90\xb6\xc2b\xb1\x94\x95\x95\x95\x95\x95\xa9C\
\x00@H\xd5\xd4\xd4l\xd9\xb2\xe5\x97_~\xa9\xad\xad\
\xa5n\x01>\xe8\xd5\xab\xd7\xf2\xe5\xcb\x9d\x9c\x9cX,\
\x16u\x0b\x00\x00\x00\x88\x8f\xb0\xb00\xea\x04\xf1$\xe9\
\xf7\xef\xe0r\xb9\xd1\xd1\xd1\xd4\x15\x00\x00\x04\x9a\x9a\x9a\
\x02\x03\x03\x8d\x8c\x8c\xfc\xfd\xfd\xb1\xc8\x88\x01ss\xf3\
\xa8\xa8\xa8\x87\x0f\x1fN\x9f>\x1d\x8b\x0c\x00\x00\x00\xf0\
Qee\xe5\x993g\xa8+\xc4\x93\xa4\x8f2RR\
R\xa7N\x9d\xa2N\x00\x00\x10\xb4\xb8\xb8\xb8~\xfd\xfa\
\xcd\x993'??\x9f\xba\x05Z\xcb\xda\xda\xfa\xe2\xc5\
\x8b7o\xde\xfc\xf6\xdbo\xf1\xa0k\x00\x00\x00\xe0\xbb\
\x93'O\xd6\xd5\xd5QW\x88'\xbct\x93\x92\x96\x96\
.((\xd0\xd2\xd2\xa2\x0e\x01\x00\x10\x84\xbbw\xef\xfe\
\xf0\xc3\x0f\x89\x89\x89\xd4!\xd0Z\x0c\x06\xc3\xce\xce\xee\
\xe7\x9f\x7f\xb6\xb0\xb0\xa0n\x01\x00\x00\x00q6j\xd4\
\xa8\x8b\x17/RW\x88'\x9c\x94\x91b\xb3\xd9\x91\x91\
\x91\xd4\x15\x00\x00m.++\xcb\xd5\xd5\xf5\xeb\xaf\xbf\
\xc6\x22#\xeaX,\xd6\xf4\xe9\xd3\x1f<x\x10\x15\x15\
\x85E\x06\x00\x00\x00\xdaT~~~RR\x12u\x85\
\xd8\xc2(#%%%\x85\x07\x8e\x00\x80x+//\
_\xb6l\x99\x89\x89Ihh(\x97\xcb\xa5\xce\x81\x96\
\x93\x95\x95\x9d7o^FFFXXX\xef\xde\xbd\
\xa9s\x00\x00\x00@\xfc\x1d?~\x9c\xc3\xe1PW\x88\
-\x5c\xbe$%%%\xc5b\xb1\xf2\xf2\xf2ttt\
\xa8C\x00\x00\xf8\xac\xa1\xa1a\xcf\x9e=\xeb\xd6\xad+\
--\xa5n\x81VQRR\xf2\xf4\xf4\x5c\xbati\
\xc7\x8e\x1d\xa9[\x00\x00\x00@\x82\x0c\x1c8\xf0\xee\xdd\
\xbb\xd4\x15b\x0b'e\xa4\xa4\xa4\xa4\x9a\x9a\x9a\x22\x22\
\x22\xa8+\x00\x00\xf8,<<\xbcG\x8f\x1e\xdf\x7f\xff\
=\x16\x19\x91\xa6\xae\xae\xee\xe7\xe7\x97\x95\x95\xb5m\xdb\
6,2\x00\x00\x00 H\xe9\xe9\xe9Xd\xda\x14F\
\x99wp\x05\x13\x00\x88\x93+W\xaeXXX8;\
;\xbfx\xf1\x82\xba\x05ZNGG\xe7\x97_~\xc9\
\xca\xcaZ\xb3f\x8d\xa6\xa6&u\x0e\x00\x00\x00H\x9c\
\xa3G\x8fR'\x889\x5c\xbe\xf4\x0e\x83\xc1\xc8\xc9\xc9\
\xc1'\x90\x00 \xea\xd2\xd3\xd3\x7f\xfa\xe9\xa7\xa8\xa8(\
\xea\x10h\x15}}\xfde\xcb\x96yxx\xc8\xcb\xcb\
S\xb7\x00\x00\x00\x80\xe4\xea\xd6\xad\xdb\xf3\xe7\xcf\xa9+\
\xc4\x19N\xca\xbc\xc3\xe5rO\x9c8A]\x01\x00\xd0\
r\x85\x85\x85^^^\xbd{\xf7\xc6\x22#\xd2\x8c\x8d\
\x8d\x83\x83\x83\x9f={\xe6\xed\xed\x8dE\x06\x00\x00\x00\
\x08%''c\x91ik\x18e\xfe\x86+\x98\x00@\
D\xd5\xd4\xd4\xac[\xb7\xae[\xb7n\xfb\xf6\xedc\xb3\
\xd9\xd49\xd0B\xc6\xc6\xc6\xa1\xa1\xa1\x8f\x1f?vs\
s\x93\x96\x96\xa6\xce\x01\x00\x00\x00I\x17\x16\x16F\x9d\
 \xfep\xf9\xd2?\xbcz\xf5J__\x9f\xba\x02\x00\
\xa0\xb9\x9a\x9a\x9a\x0e\x1d:\xe4\xe7\xe7WPP@\xdd\
\x02-gll\xbcj\xd5\xaai\xd3\xa6\xb1X,\xea\
\x16\x00\x00\x00\x00))))6\x9b\xad\xa7\xa7W\x5c\
\x5cL\x1d\x22\xe6\xf0A\xdc?\xfc\xf9\xe7\x9f?\xfc\xf0\
\x03u\x05\x00@\xb3\xc4\xc6\xc6.[\xb6,--\x8d\
:\x04Z\xce\xc8\xc8\xc8\xcf\xcf\x0fs\x0c\x00\x08\xb9\x86\
\x86\x86\xb7o\xdfVUU\xbd\xfd\xa7\xf7\xff\xa6\xb6\xb6\
\xb6\xe9\x03\x1c\x0e\xe7\xdf\xfe\xf1\xdf\xbe\xfe\xf0\x1f\xa5\xa4\
\xa4\xe4\xe4\xe4dee?\xfa\xb19\xff\xf2\x7f\xff;\
\x8a\x8a\x8a\xed\xda\xb5SUU\xc5wZ\x80/r\xfe\
\xfcy,2\x02\x80\x932\xff0p\xe0\xc0;w\xee\
PW\x00\x00|\xc6\xdd\xbbw\x7f\xf8\xe1\x87\xc4\xc4D\
\xea\x10h9##\xa3U\xabVM\x9f>\x1do\x12\
\x00@`\xb8\x5cnYYYqqqQQ\xd1\x9b\
7o>\x1aV>\xb9\xb6\xf0466R\xb7\xb7\x16\
\x83\xc1PQQi\xf7\x9f\xd4\xd4\xd4>\xfc\x1a\xdf\x9f\
A\xc2\xb9\xb8\xb8\xe0\xf2%\x01\xc0(\xf3\xb1g\xcf\x9e\
\x19\x1a\x1aRW\x00\x00|ZVV\xd6\x8a\x15+\x8e\
\x1e=\xca\xe5r\xa9[\xa0\x850\xc7\x00@\x1b\xa9\xa8\
\xa8(**\xe2m.\xef\xbf\xf8\xf0\xc7\x92\x92\x12\xdc\
z\xac\xf9>9\xe2hjjv\xe8\xd0AOO\x8f\
\xf7\xa3\xb6\xb66\xbe\x99\x83X\xaa\xae\xae\xd6\xd1\xd1\xa9\
\xae\xae\xa6\x0e\x11\x7f\xb8|\xe9c\xe1\xe1\xe1?\xff\xfc\
3u\x05\x00\xc0\xc7\xca\xcb\xcb7n\xdc\xb8k\xd7\xae\
\xfa\xfaz\xea\x16h!\xcc1\x00\xd0b\xf5\xf5\xf5y\
yy\x9f\x9cZx_\x14\x17\x17744Pg\x8a\
\x95\xaa\xaa\xaa\xaa\xaa\xaa\x9c\x9c\x9c\xff\xf8\xef0\x99L\
mmm\xdeF\xf3~\xacy\xff\x85\xae\xae.n\xdc\
\x0e\x22***\x0a\x8b\x8c`\xe0\xa4\xcc\xc7\xfa\xf4\xe9\
\xf3\xe0\xc1\x03\xea\x0a\x00\x80\xbf544\xfc\xfe\xfb\xef\
\xeb\xd7\xaf/--\xa5n\x81\x16\xea\xd6\xad\xdb\xaaU\
\xabf\xcc\x98\x819\x06\x00\xfe[eee\xd6\xa7\x14\
\x16\x16\xe2\x8c\xa4\xc8a0\x18\xed\xdb\xb7\xff\xe4^\xc3\
#++K\xdd\x08\xf0i\x13&L\x88\x8d\x8d\xa5\xae\
\x90\x08\x18e>\xe1\xc9\x93'\xdd\xbbw\xa7\xae\x00\x00\
\x90\xe2p8\xc7\x8e\x1d\xf3\xf3\xf3{\xf1\xe2\x05u\x0b\
\xb4\x10\xe6\x18\x00\xf8\xa4\xe2\xe2\xe2\x0f7\x97W\xaf^\
\xf1\xbe(//\xa7N\x03\x01a0\x18:::\x86\
\x86\x86_}\xf5\x95\xe1\x07\xb4\xb5\xb5\xa9\xd3@\xd2\x15\
\x17\x17\xeb\xe9\xe9\xe1jG\xc1\xc0i\xbaO\x08\x0f\x0f\
_\xbdz5u\x05\x00H4.\x97\x1b\x11\x11\xe1\xef\
\xef\xff\xf8\xf1c\xea\x16h!CC\xc3U\xabV\xb9\
\xb8\xb8`\x8e\x01\x90X\x1c\x0e'//\xef\x7f\x8f\xbd\
dgg\xd7\xd4\xd4P\xd7\x011.\x97\xfb\xfa\xf5\xeb\
\xd7\xaf__\xbbv\xed\xc3\x7f\xaf\xac\xac\xfc\xd1Lc\
hh\xd8\xa5K\x17\x5c\x09\x05\x02\xf3\xe7\x9f\x7fb\x91\
\x11\x18\x9c\x94\xf9\x04##\xa3\xcc\xccL\xea\x0a\x00\x90\
\x5c\xd1\xd1\xd1~~~\xb8\x94Rt\xf1\xe6\x98\x193\
f\xe0\x054\x80D\xa9\xaa\xaaJOOOOO\x7f\
\xf2\xe4\xc9\x93'O\xd2\xd3\xd3\x9f?\x7f.\x06\xcf-\
\x02a --\xdd\xa5K\x97\xf7\x1b\xcd\xfb\xd5FY\
Y\x99:\x0d\xc4\xd0\xe0\xc1\x83o\xdc\xb8A]!)\
0\xca|\xda\xf5\xeb\xd7\x07\x0d\x1aD]\x01\x00\x12'\
>>\xde\xcf\xcf\xef\xf6\xed\xdb\xd4!\xd0B\x86\x86\x86\
+W\xaetqq\xc1\x1c\x03 \xf6^\xbf~\xcd[\
^\xdeO0\xb9\xb9\xb9\xd4Q q\xb4\xb5\xb5\xdf/\
5={\xf6\xec\xd5\xab\x97\xb1\xb11\xfe\x0e\x82\xd6x\
\xf1\xe2\x05\x9eG,H\xf8\xe3\xfai\xc1\xc1\xc1\x18e\
\x00@\x90\x92\x92\x92V\xadZ\xf5\xd1\x01f\x10!_\
}\xf5\x15\xefb%\xbc\x14\x06\x10?MMM/_\
\xbe|?\xbe\xf0~\xc4\xcd_@\x18\xf0\x1e\xbf\xf5\xe1\
\xa1\x06YY\xd9\xee\xdd\xbb\xf7\xea\xd5\xabw\xef\xde\xbd\
z\xf5\xea\xd5\xab\x97\xbe\xbe>\x83\x81\x0f\xe3\xa1\xb9\x8e\
\x1e=J\x9d Y\xf0\x87\xf3\xd3\xda\xb5kWPP\
 //O\x1d\x02\x00\xe2\xef\xda\xb5k\xabV\xadJ\
JJ\xa2\x0e\x81\x16\xea\xd8\xb1\xe3\xea\xd5\xab\xdd\xdd\xdd\
1\xc7\x00\x88\x87\x9a\x9a\x9a\xcc\xcc\xcc\x0f'\x98\xa7O\
\x9f\xd6\xd7\xd7Sw\x01\xb4\x90\x8a\x8a\x8a\xa9\xa9\xe9\x87\
3\x0d\xee%\x0c\xff\xa1G\x8f\x1e\xe9\xe9\xe9\xd4\x15\x12\
\x04\xa3\xcc\xbf\x0a\x0f\x0f\x9f:u*u\x05\x00\x88\xb3\
\xdb\xb7o\xafZ\xb5*!!\x81:\x04ZHKK\
k\xf9\xf2\xe5\xde\xde\xde\x18\xf1\x01D\x1a\x97\xcbMM\
M\xbdz\xf5\xea\xd5\xabW\x93\x93\x93_\xbe|\x89\x87\
O\x83x\xd3\xd6\xd6\xe6\xad3\xbc\x99\xc6\xd4\xd4TE\
E\x85:\x0a\x84\xc2\xf5\xeb\xd7\x87\x0c\x19B]!Y\
0\xca\xfc\xab\xf1\xe3\xc7\x9f={\x96\xba\x02\x00\xc4\xd3\
\x83\x07\x0f\xfc\xfc\xfc\xa2\xa3\xa3\xa9C\xa0\x85TTT\
\x96.]\xea\xe3\xe3\x83W\xb1\x00\x22\xaa\xbe\xbe\xfe\xf6\
\xed\xdb\xbc!\xe6\xda\xb5k\xb8\x16\x09$\x19\x83\xc1\xd0\
\xd7\xd7\xffp\xa6\xe9\xde\xbd\xbb\xac\xac,u\x17\x10\x98\
9s\xe6\x91#G\xa8+$\x0bF\x99\x7f\xc5b\xb1\
rssuuu\xa9C\x00@\xac<~\xfcx\xf5\
\xea\xd5'O\x9e\xc4\xc7\xb0\x22J^^~\xc1\x82\x05\
?\xfd\xf4\x93\x96\x96\x16u\x0b\x00|\x99\xb2\xb2\xb2\xeb\
\xd7\xaf\xf3\x86\x98\xdb\xb7o\xe3\x8a$\x80\x7f#++\
\xdb\xb7o_sss\x0b\x0b\x0bsssccc\
\xdc\x95F\x12\x94\x95\x95\xe9\xe9\xe9\xd5\xd5\xd5Q\x87H\
\x16\xfc\xd1\xfa/[\xb7n\xf5\xf1\xf1\xa1\xae\x00\x001\
\xf1\xf4\xe9\xd35k\xd6\x1c;v\x8c\xc3\xe1P\xb7@\
KHKK{xx\xacZ\xb5\xaaS\xa7N\xd4-\
\x00\xd0\x5c\xd9\xd9\xd9W\xff_jj*\x06q\x80\x16\
PSS3333\xff\x7f\x1d:t\xa0.\x826\
\xb1k\xd7\xae\xc5\x8b\x17SWH\x1c\x8c2\xff\xa5w\
\xef\xde\x0f\x1f>\xa4\xae\x00\x00\x91\xf7\xea\xd5\xab\xb5k\
\xd7\x1e9r\xa4\xa9\xa9\x89\xba\x05Z\x82\xc1`8;\
;\xafY\xb3\xc6\xc8\xc8\x88\xba\x05\x00>\x83\xc3\xe1\xa4\
\xa5\xa5\xbd\x1fb\xb2\xb3\xb3\xa9\x8b\x00\xc4M\xa7N\x9d\
x'h\xcc\xcd\xcd\x07\x0e\x1c\x88+y\xc5\x86\xa9\xa9\
\xe9\xe3\xc7\x8f\xa9+$\x0eF\x99\xcf\xb8{\xf7n\xff\
\xfe\xfd\xa9+\x00@T\xe5\xe6\xe6n\xd8\xb0!00\
\xb0\xb1\xb1\x91\xba\x05Z\xc8\xd6\xd6v\xfd\xfa\xf5}\xfb\
\xf6\xa5\x0e\x01\x80\x7f\xf5\xfe\x061W\xae\x5c\xb9~\xfd\
:n\x10\x03 0L&\xb3G\x8f\x1e\xef\x0f\xd1\xf4\
\xee\xdd[FF\x86:\x0aZ\xe2\xea\xd5\xab\xc3\x86\x0d\
\xa3\xae\x90D\x18e>c\xf1\xe2\xc5;w\xee\xa4\xae\
\x00\x00\xd1\xf3\xfa\xf5\xebM\x9b6\xfd\xf1\xc7\x1f\xb8g\
\x81\xe8\x1a>|\xf8\xc6\x8d\x1b\xf1\x0c\x02\x00\xe1TQ\
Q\xc1;\x0bs\xe5\xca\x95;w\xee\xe0\x9b-\x800\
\x90\x97\x97\x1f0`\xc0\xfb\x8d\xc6\xd0\xd0\x90\xba\x08\x9a\
\xcb\xcd\xcd-$$\x84\xbaB\x12a\x94\xf9\x8c\xf6\xed\
\xdb\xe7\xe5\xe5a\xee\x05\x80\xe6+))\xf9\xf5\xd7_\
\x7f\xff\xfd\xf7\x9a\x9a\x1a\xea\x16h\xa1\x01\x03\x06l\xdc\
\xb8\xd1\xc6\xc6\x86:\x04\x00\xfe\xa1\xba\xba\xfa\xea\xd5\xab\
\x89\x89\x89\x89\x89\x89\xf7\xee\xdd\xc35\xa1\x00BNC\
C\xc3\xdc\xdc|\xd8\xb0a\x96\x96\x96fffxW\
%\xb4JKK;v\xec\x88[\xfc\x92\xc0(\xf3y\
QQQ\xdf~\xfb-u\x05\x00\x88\x80\xb2\xb2\xb2m\
\xdb\xb6\x05\x04\x04\xbc}\xfb\x96\xba\x05Z\xa8{\xf7\xee\
\xeb\xd7\xaf\x9f8q\x22\x1e3\x01 $\xea\xea\xean\
\xdc\xb8\x91\x98\x98\x98\x94\x94t\xeb\xd6-\x5c\x0d\x0a \
\xa2\x14\x15\x15\x87\x0c\x19bii\x89\x81F\x08\xed\xdc\
\xb9\xf3\xfb\xef\xbf\xa7\xae\x90Px\xc5\xf9y\x13'N\
<y\xf2$u\x05\x00\x08\xb5\xaa\xaa\xaa\x1d;vl\
\xdf\xbe\xbd\xa2\xa2\x82\xba\x05ZH__\xdf\xdf\xdf\xdf\
\xd5\xd5\x95\xc5bQ\xb7\x00H\xba\xc6\xc6\xc6[\xb7n\
%%%%&&\xde\xb8q\x03\x1f\xde\x02\x88\x19\x0c\
4\xc2\xa6G\x8f\x1e\xe9\xe9\xe9\xd4\x15\x12\x0a\xa3\xcc\xe7\
\xc9\xca\xca\x16\x14\x14hhhP\x87\x00\x800\xaa\xa9\
\xa9\xd9\xbd{\xf7\x96-[\xde\xbcyC\xdd\x02-\xa4\
\xad\xad\xbdr\xe5JOOOYYY\xea\x16\x00\xc9\
\xd5\xd4\xd4t\xef\xde=\xde\xa5IW\xaf^\xad\xae\xae\
\xa6.\x02\x00APTT\x1c<x0o\xa017\
7\xc7@#xW\xae\x5c\x19>|8u\x85\xe4\xc2\
(\xd3,\xbf\xfd\xf6\xdb\x82\x05\x0b\xa8+\x00@\xb8T\
VV\xee\xd9\xb3g\xc7\x8e\x1dEEE\xd4-\xd0B\
jjj\xcb\x96-[\xbcx\xb1\x92\x92\x12u\x0b\x80\
$\xe2r\xb9\x8f\x1e=\xe2]\x9at\xf9\xf2e\x1c6\
\x04\x90p\x1f\x0e4fff\xf8\xb0D0\x5c\x5c\x5c\
\xc2\xc2\xc2\xa8+$\x17F\x99f133\xbbu\xeb\
\x16u\x05\x00\x08\x8b\xe2\xe2\xe2\x80\x80\x80\xdf~\xfb\x0d\
\xef\x1fD\x97\x8c\x8c\x8c\xb7\xb7\xf7\xaaU\xab455\
\xa9[\x00$Nzz:\xef\xd2\xa4K\x97.\x95\x94\
\x94P\xe7\x00\x800\xc2@#\x18o\xde\xbc\xe9\xd8\xb1\
#\x1e`G\x08\xa3Ls\xa5\xa6\xa6\x9a\x9a\x9aRW\
\x00\x00\xb1\xdc\xdc\xdc\xad[\xb7\x1e8p\x00OV\x12\
iS\xa7N\xdd\xb8q#\x9e\xd3\x09 H/_\xbe\
\xe4\x9d\x88ILL,((\xa0\xce\x01\x00Q\xa2\xa0\
\xa0\xc0\x1bhF\x8f\x1emff\xc6d2\xa9\x8b\xc4\
\xc7\xf6\xed\xdb}||\xa8+$\x1aF\x99\xe6Z\xb4\
hQ@@\x00u\x05\x00\x90y\xfa\xf4\xe9/\xbf\xfc\
r\xe4\xc8\x11<\xf8C\xa4\x0d\x1d:t\xeb\xd6\xad\x16\
\x16\x16\xd4!\x00\x12\xa1\xb2\xb22111!!!\
!!\xe1\xe5\xcb\x97\xd49\x00 \x0e\xb4\xb4\xb4\xc6\x8e\
\x1d;~\xfcx\x1b\x1b\x1b\xdc\xf7\xb3\xf5\xbaw\xef\x9e\
\x91\x91A]!\xd10\xca4W\xbbv\xed\xf2\xf3\xf3\
\x15\x14\x14\xa8C\x00@\xd0\xee\xdf\xbf\xbfi\xd3\xa6\x88\
\x88\x08\x0e\x87C\xdd\x02-gll\xfc\xcb/\xbf8\
88P\x87\x00\x889\x0e\x87\x93\x92\x92\x92\x90\x90p\
\xee\xdc\xb9\x1b7n\xb0\xd9l\xea\x22\x00\x10O,\x16\
\xcb\xc2\xc2b\xfc\xf8\xf1\xe3\xc7\x8f\xef\xd7\xaf\x1f\x83\x81\
\xf7\xb6_\xec\xf2\xe5\xcb\x96\x96\x96\xd4\x15\x92\x0e\xbfq\
\xbf\xc0\xe1\xc3\x87g\xce\x9cI]\x01\x00\x82s\xed\xda\
\xb5\x8d\x1b7\xc6\xc6\xc6R\x87@\xabhkk\xfb\xfb\
\xfb\xcf\x9d;WZZ\x9a\xba\x05@l\x15\x14\x14\xf0\
N\xc4\x5c\xb8p\x01\xb7\x89\x01\x00\x01\xeb\xd0\xa1\xc3\xb8\
q\xe3\xc6\x8f\x1f?z\xf4hUUU\xea\x1c\x911\
}\xfa\xf4c\xc7\x8eQWH:\x8c2_`\xd0\xa0\
A\xd7\xaf_\xa7\xae\x00\x00AHHH\xd8\xb8q\xe3\
_\x7f\xfdE\x1d\x02\xad\xa2\xa8\xa8\xb8t\xe9\xd2e\xcb\
\x96\xa9\xa8\xa8P\xb7\x00\x88\xa1\xfa\xfa\xfa+W\xae\xf0\
\xb6\x98G\x8f\x1eQ\xe7\x00\x00H\xc9\xc8\xc8\x0c\x192\
\x84w|\x06\xb7\x04\xfdo%%%\x9d:u\xc2-\
~\xc9a\x94\xf92\x0f\x1f>\xec\xdd\xbb7u\x05\x00\
\xb4\x15\x0e\x87s\xea\xd4\xa9\x8d\x1b7\xde\xbd{\x97\xba\
\x05Z\x85\xc9d\xce\x9a5k\xed\xda\xb5\x1d;v\xa4\
n\x01\x107\xe9\xe9\xe9\xbc!\xe6\xf2\xe5\xcb\xb8\xeb9\
\x00\x08\xad.]\xba\xf0\xd6\x19+++%%%\xea\
\x1c\xa1\xb3m\xdb6___\xea\x0a\xc0(\xf3\x85\xbe\
\xfb\xee\xbb\xdd\xbbwSW\x00\x00\xff\xb1\xd9\xec\xb0\xb0\
\xb0\xcd\x9b7\xa7\xa7\xa7S\xb7@k\x8d\x1d;\xf6\xd7\
_\x7f\xc5\x86\x0e\xc0G\xe5\xe5\xe5\x17/^\xe4m1\
\xd9\xd9\xd9\xd49\x00\x00_@NNn\xc4\x88\x11\xbc\
\x81\xc6\xc8\xc8\x88:GX\x98\x98\x98dffRW\
\x00F\x99/\xa4\xa6\xa6\x96\x9f\x9f\xaf\xa8\xa8H\x1d\x02\
\x00|S[[\x1b\x18\x18\xb8u\xeb\xd6\xac\xac,\xea\
\x16h\xad\xfe\xfd\xfb\xff\xfa\xeb\xaf\xa3F\x8d\xa2\x0e\x01\
\x10\x07\x1c\x0e\xe7\xf6\xed\xdb\xbc!\xe6\xe6\xcd\x9bMM\
M\xd4E\x00\x00\xad\xd5\xad[7\xde:cii)\
''G\x9dC&))\xc9\xca\xca\x8a\xba\x02\xa4\xa4\
0\xca\xb4@PP\x90\xbb\xbb;u\x05\x00\xf0Ae\
e\xe5\x9e={v\xec\xd8QTTD\xdd\x02\xad\xd5\
\xb9s\xe7\x0d\x1b6\xb8\xb8\xb8\xe0\xe1\x0b\x00\xad\x94\x9f\
\x9f\x1f\x1f\x1f\xcf\xbbeoii)u\x0e\x00@\x9b\
PUU\xb5\xb3\xb3\x9b<y\xf2\xd8\xb1c\xe5\xe5\xe5\
\xa9s\x04m\xda\xb4i\xc7\x8f\x1f\xa7\xae\x00))\x8c\
2-`aa\x91\x9c\x9cL]\x01\x00\xadR\x5c\x5c\
\x1c\x10\x10\xf0\xdbo\xbfUTTP\xb7@k\xa9\xa9\
\xa9-_\xbe|\xf1\xe2\xc5\x12\xf8\x8a\x0a\x80_\xb8\x5c\
nJJJLL\xcc\x993gpS-\x00\x90(\
\xca\xca\xca\xb6\xb6\xb6\x93'O\x1e7n\x9c\x84\x5c\x12\
Q\x5c\x5c\xdc\xa9S\xa7\x86\x86\x06\xea\x10\x90\x92\xc2(\
\xd32\xf7\xef\xdf\xef\xdb\xb7/u\x05\x00\xb4Dnn\
\xee\xd6\xad[\x0f\x1c8\x80\x9bS\x8a\x01\x19\x19\x19o\
o\xef\x95+WjiiQ\xb7\x00\x88\xa4\xea\xea\xea\
\x0b\x17.\x9c9s\xe6\xec\xd9\xb3\x05\x05\x05\xd49\x00\
\x00\x94\x94\x94\x94\xc6\x8f\x1f?y\xf2\xe4\x09\x13&\x88\
\xf7\x8d\x81\xb7l\xd9\xb2l\xd92\xea\x0ax\x07\xa3L\
Kxyy\xed\xd9\xb3\x87\xba\x02\x00\xbeLff\xe6\
/\xbf\xfc\x12\x12\x12\xd2\xd8\xd8H\xdd\x02|0e\xca\
\x94M\x9b6\x19\x1a\x1aR\x87\x00\x88\x9e\xec\xec\xec3\
g\xce\x9c9s&))\xa9\xae\xae\x8e:\x07\x00@\
\xb8(((\x8c\x1d;v\xca\x94)\xb6\xb6\xb6**\
*\xd49|\xc6\xe1p\x8c\x8c\x8c^\xbcxA\x1d\x02\
\xef`\x94i\x09UU\xd5\xfc\xfc|\xf1^O\x01\xc4\
\xc9\xfd\xfb\xf77m\xda\x14\x11\x11\xc1\xe1p\xa8[\x80\
\x0f\xcc\xcc\xcc\x02\x02\x02\x06\x0d\x1aD\x1d\x02 J8\
\x1c\xce\xad[\xb7\xce\x9c9\x13\x13\x13\xf3\xf0\xe1C\xea\
\x1c\x00\x00\x11 ''gcc3y\xf2\xe4o\xbf\
\xfdVMM\x8d:\x87?N\x9e<9y\xf2d\xea\
\x0a\xf8\x1bF\x99\x16:p\xe0\xc0\x9c9s\xa8+\x00\
\xe03\xae]\xbb\xb6q\xe3\xc6\xd8\xd8X\xea\x10\xe0\x8f\
\x0e\x1d:l\xde\xbc\xd9\xd5\xd5\x15w\xf3\x05h\xa6\xaa\
\xaa\xaas\xe7\xce\x9d9s&66\x1675\x07\x00\
h\x19YY\xd9\xd1\xa3GO\x9e<\xd9\xde\xde^]\
]\x9d:\xa7U\x86\x0c\x19r\xfd\xfau\xea\x0a\xf8\x1b\
^\xd4\xb6\xd0\xd7_\x7f}\xfb\xf6m\xea\x0a\x00\xf84\
6\x9b}\xf2\xe4\xc9\x1d;v\xdc\xbcy\x93\xba\x05\xf8\
CNN\xce\xc7\xc7g\xf9\xf2\xe5\xca\xca\xca\xd4-\x00\
\x22\xe0\xe5\xcb\x97\xbcC1\x97/_\xc6\xad\x1c\x01\x00\
\xf8EFF\xc6\xda\xdaz\xf2\xe4\xc9\x0e\x0e\x0e\x9a\x9a\
\x9a\xd49_,99\x19g\x8d\x85\x0dF\x99\x96K\
II\x190`\x00u\x05\x00\xfcCyy\xf9\x81\x03\
\x07v\xef\xde\x9d\x93\x93C\xdd\x02|3i\xd2\xa4-\
[\xb6t\xed\xda\x95:\x04@\xa8555\xdd\xb8q\
\x83w\xb3\x98\xb4\xb44\xea\x1c\x00\x00q&--m\
ii9e\xca\x14GG\xc7\xf6\xed\xdbS\xe74\xd7\
\x94)S\x22\x22\x22\xa8+\xe0\x1f0\xca\xb4\xdc\xbcy\
\xf3\xfe\xf8\xe3\x0f\xea\x0a\x00x\xe7\xd9\xb3g\x01\x01\x01\
\x87\x0e\x1d\xaa\xae\xae\xa6n\x01\xbe\xe9\xdb\xb7\xef\xce\x9d\
;---\xa9C\x00\x84WEEEBBBL\
LL\x5c\x5c\xdc\x9b7o\xa8s\x00\x00$\x0b\x8b\xc5\
\x1a=z\xf4\xcc\x993\x1d\x1c\x1c\xe4\xe5\xe5\xa9s\xfe\
\xcb\xcb\x97/\x8d\x8c\x8c\x9a\x9a\x9a\xa8C\xe0\x1f0\xca\
\xb4\x9c\xb2\xb2r^^\x9e\xaa\xaa*u\x08\x80\xa4K\
JJ\xda\xb9s\xe7\x993gp\x1f_q\xd2\xbe}\
\xfb\xf5\xeb\xd7\xcf\x993\x87\xc9dR\xb7\x00\x08\xa3\x82\
\x82\x82\xd3\xa7OGFF^\xbe|\x19\x0f\x95\x03\x00\
 \xa7\xa6\xa66u\xeaT77\xb7\xa1C\x87R\xb7\
|\xda\x92%K\x02\x02\x02\xa8+\xe0c\x18eZe\
\xe7\xce\x9d\x8b\x17/\xa6\xae\x00\x90P\x0d\x0d\x0d\xc7\x8e\
\x1d\xdb\xb9s\xe7\xfd\xfb\xf7\xa9[\x80\x9fddd\x16\
.\x5c\xe8\xe7\xe7'6\x8f9\x00\xe0\xa3\x17/^\x9c\
:u*22\xf2\xc6\x8d\x1b\x5c.\x97:\x07\x00\x00\
>fhh\xe8\xe6\xe6\xe6\xe6\xe6f``@\xdd\xf2\
\xb7\xf2\xf2\xf2\xce\x9d;\xbf}\xfb\x96:\x04>\x86Q\
\xa6U\x0c\x0d\x0d333\xf1).\x80\x80\x15\x17\x17\
\xef\xdb\xb7o\xcf\x9e=\xaf_\xbf\xa6n\x01>\x9b0\
a\xc2\xb6m\xdbLLL\xa8C\x00\x84KZZZ\
ddddd$fh\x00\x00\x91\xc0`0\x86\x0f\
\x1f>s\xe6\xcc\xc9\x93'\xab\xa8\xa8P\xe7H\xfd\xfa\
\xeb\xaf?\xfe\xf8#u\x05|\x02F\x99\xd6\x8a\x8e\x8e\
\xb6\xb3\xb3\xa3\xae\x00\x90\x14iii;w\xee\x0c\x0d\
\x0d\xad\xab\xab\xa3n\x01>\xeb\xde\xbd\xfb\x8e\x1d;\xc6\
\x8e\x1dK\x1d\x02 ,\xb8\x5c\xee\xed\xdb\xb7###\
O\x9d:\x95\x99\x99I\x9d\x03\x00\x00-\xa1\xa8\xa8\xe8\
\xe8\xe88s\xe6Lkkk\xaa\x8f\xf3\x1b\x1b\x1b\xbb\
v\xed\x9a\x97\x97G\xf2\xab\xc3\x7f\xc3(\xd3ZVV\
V\x17/^\xa4\xae\x00\x10s\x5c.7>>~\xc7\
\x8e\x1d\xe7\xcf\x9f\xa7n\x01\xfeSWW\xf7\xf7\xf7\xf7\
\xf6\xf6\x96\x96\x96\xa6n\x01\xa0\xd7\xd4\xd4t\xe5\xca\x15\
\xde\x16\x93\x9b\x9bK\x9d\x03\x00\x00\xfc\xd1\xa9S'\x17\
\x17\x97\x993gv\xef\xde]\xc0\xbftXX\x98\x8b\
\x8b\x8b\x80\x7fQh&\x8c2|\xf0\xf0\xe1\xc3\xde\xbd\
{SW\x00\x88\xa7\xda\xda\xda#G\x8e\x04\x04\x04<\
y\xf2\x84\xba\x05\xf8\x8f\xc5byzz\xae]\xbbV\
SS\x93\xba\x05\x80XCC\xc3\x85\x0b\x17\x22##\
\xa3\xa2\xa2JJJ\xa8s\x00\x00\xa0\xad\x98\x9b\x9b\xbb\
\xb9\xb9M\x9b6MCCC0\xbf\xe2\x80\x01\x03\xee\
\xdd\xbb'\x98_\x0b\xbe\x14F\x19>\x983g\xce\x81\
\x03\x07\xa8+\x00\xc4M~~\xfe\xef\xbf\xff\xfe\xc7\x1f\
\x7f\xe0\x09\xaf\xe2\xca\xda\xdaz\xc7\x8e\x1d\x18\xb5A\xc2\
UWW\xc7\xc5\xc5EFF\x9e={\xb6\xb2\xb2\x92\
:\x07\x00\x00\x04DVV\xd6\xd6\xd6v\xe6\xcc\x99\xe3\
\xc6\x8d\x93\x91\x91i\xbb_())\xc9\xca\xca\xaa\xed\
~~h%\x8c2| //\x9f\x93\x93\xa3\xa5\xa5\
E\x1d\x02 &RRRv\xee\xdc\x19\x1e\x1e\x8e\x87\
\xbc\x8a+CC\xc3m\xdb\xb6\xd9\xdb\xdbS\x87\x00\x90\
)++\x8b\x89\x89\x89\x8c\x8cLHH\xc0M\xb2\x00\
\x00$Y\xfb\xf6\xed\xa7O\x9f\xee\xe6\xe66`\xc0\x80\
\xb6\xf8\xf9mmm\xcf\x9e=\xdb\x16?3\xf0\x05F\
\x19\xfe\xd8\xb0a\xc3\xcf?\xffL]\x01 \xda8\x1c\
NTT\xd4\x8e\x1d;\xae\x5c\xb9B\xdd\x02mEE\
Ee\xc5\x8a\x15K\x96,\x91\x93\x93\xa3n\x01 \xf0\
\xfa\xf5\xeb\xd3\xa7OGFF&%%\xb1\xd9l\xea\
\x1c\x00\x00\x10\x22}\xfb\xf6\xf5\xf2\xf2\x9a1c\x86\xb2\
\xb22\xbf~\xce\xf4\xf4\xf4\x9e={r\xb9\x5c~\xfd\
\x84\xc0w\x18e\xf8\xa3c\xc7\x8e\xaf^\xbd\xc2-*\
\x01Z\xa6\xaa\xaa*((h\xd7\xae]/^\xbc\xa0\
n\x81\xb6\xc2d2g\xcf\x9e\xbdn\xdd:\x1d\x1d\x1d\
\xea\x16\x00A+..\x8e\x88\x888~\xfc\xf8\xd5\xab\
W9\x1c\x0eu\x0e\x00\x00\x08/UUU777\
//\xaf\x9e={\xb6\xfeg\xf3\xf4\xf4\xdc\xbf\x7f\x7f\
\xeb\x7f\x1eh;\x18e\xf8\xe6\xd8\xb1c\xce\xce\xce\xd4\
\x15\x00\x22&++k\xd7\xae]\x07\x0f\x1e\xc4\x9d\x14\
\xc4\x9b\xb5\xb5\xf5\xf6\xed\xdb\xfb\xf4\xe9C\x1d\x02 P\
eee\x91\x91\x91\xe1\xe1\xe1\x89\x89\x89MMM\xd4\
9\x00\x00 JF\x8c\x18\xe1\xed\xed\xed\xe8\xe8\xd8\xe2\
;\xce\x14\x17\x17w\xe9\xd2\x05\x17\xc9\x82\xa4\xf8\xe6\x9b\
o\xb8\x00\xd0lW\xae\x5c\x99<y2\x8b\xc5\xa2\xfe\
\xb3\x0bm\xcb\xd8\xd88::\x9a\xfa\xb7\x1b\x80@U\
VV\x86\x84\x84L\x980\xa1Mo\xdc\x08\x00\x00\x92\
@WWw\xe5\xca\x95\xd9\xd9\xd9-\xf8\xfb\xc8\xdf\xdf\
\x9f:\x1f>\x0f'e\xf8)99\xd9\xc2\xc2\x82\xba\
\x02@\xa8\xf1\xde\xab\xec\xdb\xb7/55\x95\xba\x05\xda\
\x96\x86\x86\xc6\xea\xd5\xab\xbd\xbc\xbc\xf0\xbe\x14$DM\
M\xcd\x993g\xc2\xc3\xc3ccc\xf1\xb1$\x00\x00\
\xf0\x11\x8b\xc5\xb2\xb5\xb5\xf5\xf6\xf6\x1e=z4\x83\xd1\
\xacw\xf1uuu\xfa\xfa\xfaEEEm\xdd\x06 \
D\xa6M\x9b\xc6\xf7O\xdb\x00\xc4\xc6\x9d;w\xe6\xcc\
\x99\xa3\xa4\xa4D\xfd'\x15\xda\x9c\x8c\x8c\xcc\xe2\xc5\x8b\
KKK\xa9\x7f\xd3\x01\x08B]]\xdd\xe9\xd3\xa7\xa7\
M\x9b\x86\xefo\x00\x00\xd0\xd6\xbau\xeb\xb6m\xdb\xb6\
7o\xde|\xf6\xaf\xa7\x03\x07\x0eP\xc7B\xb3\xe0\xa4\
\x0c?\xc9\xc8\xc8\xbcz\xf5JOO\x8f:\x04@\x88\
\xd4\xd4\xd4\x1c;vl\xdf\xbe}w\xee\xdc\xa1n\x01\
A\xf8\xf6\xdbo\xb7l\xd9bllL\x1d\x02\xd0\xb6\
\xd8l\xf6\x85\x0b\x17\x8e\x1f?~\xfa\xf4\xe9\x8a\x8a\x0a\
\xea\x1c\x00\x00\x90 \xf2\xf2\xf2\xce\xce\xce\xde\xde\xdef\
ff\x9f\xfc/p\xb9\x5cSS\xd3'O\x9e\x088\
\x0c\x80\xde\x8a\x15+\xda\xfe39\x00\xd1\x90\x9a\x9a\xfa\
\xddw\xdf\xa9\xa9\xa9Q\xff\xb9\x04\x01\xe9\xdb\xb7\xef\x85\
\x0b\x17\xa8\x7f\xdf\x01\xb4\xad\xa6\xa6\xa6\x8b\x17/\xce\x9b\
7OSS\x93\xfa\xcf\x1c\x00\x00H\xba\x81\x03\x07\x06\
\x06\x06\xd6\xd4\xd4|\xf4\xb7Ull,u\x1a4\x17\
N\xca\xf0\x99\x96\x96VNN\x8e\xbc\xbc<u\x08\x00\
\x99\xfa\xfa\xfa\x93'O\xee\xdd\xbb\xf7\xea\xd5\xab\xd4-\
  :::\xeb\xd7\xaf\xf7\xf0\xf0`2\x99\xd4-\
\x00m\x82\xcb\xe5^\xbf~\xfd\xf8\xf1\xe3\x11\x11\x11\xaf\
_\xbf\xa6\xce\x01\x00\x00\xf8\x9b\xba\xba\xfa\xcc\x993\xbd\
\xbc\xbc\xde\x1fU\x1e5j\xd4\xc5\x8b\x17i\xab\xa0\x99\
0\xca\xf0\xdf\x81\x03\x07\xe6\xcc\x99C]\x01@\xe0\xd9\
\xb3g\xfb\xf7\xef?t\xe8PII\x09u\x0b\x08\x88\
\xbc\xbc\xfc\xd2\xa5K\x7f\xfa\xe9'\x15\x15\x15\xea\x16\x80\
6q\xfb\xf6\xed\xf0\xf0\xf0?\xff\xfc3''\x87\xba\
\x05\x00\x00\xe0_1\x18\x0c+++oo\xef.]\
\xba\xfc\xdbeM \x840\xca\xf0\x9f\x89\x89\xc9\xe3\xc7\
\x8f\xf1q1H\x0e6\x9b\x1d\x1d\x1d\xbdo\xdf>\xde\
\xa5+\xd49 8\xce\xce\xce\x9b7o\xd6\xd7\xd7\xa7\
\x0e\x01\xe0\xbf\x8c\x8c\x8c\x90\x90\x90c\xc7\x8e\xbdx\xf1\
\x82\xba\x05\x00\x00\xe0\x0bHKK\xb3\xd9l\xea\x0ah\
.\x8c2m\xe2\xe4\xc9\x93\x13'N\xa4\xae\x00hs\
999\x07\x0e\x1c8x\xf0`AA\x01u\x0b\x08\
\x94\x85\x85\xc5\x8e\x1d;\x06\x0d\x1aD\x1d\x02\xc0g\xc5\
\xc5\xc5\xc7\x8f\x1f\x0f\x09\x09\xb9}\xfb6u\x0b\x00\x00\
\x00\x88?\x8c2m\xc2\xcc\xcc\xec\xd6\xad[\xd4\x15\x00\
m\x85\xc3\xe1$$$\xec\xdb\xb7\xef\xec\xd9\xb3MM\
M\xd49 P]\xbat\xd9\xbcy\xb3\xb3\xb33\x83\
\x81\xbfA@|\xd4\xd5\xd5\xc5\xc4\xc4\x84\x84\x84\xc4\xc5\
\xc5\xe1\xd3E\x00\x00\x00\x10\x18\xbc\xa4n+\x89\x89\x89\
#G\x8e\xa4\xae\x00\xe0\xb3\xc2\xc2\xc2\xa0\xa0\xa0\xfd\xfb\
\xf7\xbfz\xf5\x8a\xba\x05\x04MYY\xf9\xa7\x9f~Z\
\xbat\xa9\x82\x82\x02u\x0b\x00\x7fp\xb9\xdc\xabW\xaf\
\x1e9r\xe4\xc4\x89\x13x\xac5\x00\x00\x00\x08\x1eF\
\x99\xb62f\xcc\x98\x84\x84\x04\xea\x0a\x00\xbeIJJ\
\xda\xb7o\xdf\xa9S\xa7\x1a\x1b\x1b\xa9[@\xd0\x98L\
\xa6\xbb\xbb\xfb\xfa\xf5\xebuuu\xa9[\x00\xf8#3\
33$$$44\x14\x133\x00\x00\x00\x10\xc2(\
\xd3\x86RRR\x06\x0c\x18@]\x01\xd0*eee\
\xc1\xc1\xc1\xfb\xf6\xed\xcb\xc8\xc8\xa0n\x01\x1a#G\x8e\
\xdc\xbe}{\xbf~\xfd\xa8C\x00\xf8\xe0\xcd\x9b7\xbc\
[\xc6\xdc\xbcy\x93\xba\x05\x00\x00\x00\x00\xa3L[\x9a\
:ujxx8u\x05@\x0b%''\xef\xdb\xb7\
/<<\xbc\xae\xae\x8e\xba\x05h\x18\x19\x19m\xd9\xb2\
\xc5\xde\xde\x9e:\x04\xa0\xb5\xea\xeb\xeb\xcf\x9c9s\xe4\
\xc8\x91\xb8\xb88\x1c\xf7\x03\x00\x00\x00\xe1\x81Q\xa6\x0d\
1\x99\xcc\x8c\x8c\x8cn\xdd\xbaQ\x87\x00|\x81\xd2\xd2\
\xd2c\xc7\x8e\x1d8p\xe0\xc1\x83\x07\xd4-@F]\
]\xdd\xcf\xcfo\xc1\x82\x05222\xd4-\x00-\xc7\
\xe5r\xaf]\xbb\x16\x12\x12\xf2\xe7\x9f\x7f\x96\x97\x97S\
\xe7\x00\x00\x00\x00|\x0c\xa3L\xdb\xf2\xf4\xf4\xdc\xb7o\
\x1fu\x05\xc0\xe7\xb1\xd9\xec\xf8\xf8\xf8\xe0\xe0\xe0\xe8\xe8\
\xe8\x86\x86\x06\xea\x1c #--\xed\xe5\xe5\xb5z\xf5\
jMMM\xea\x16\x80\x96{\xfa\xf4)\xef\x961/\
_\xbe\xa4n\x01\x00\x00\x00\xf8W\x18e\xda\x96\x9c\x9c\
\xdc\xabW\xafpkL\x10f\x8f\x1e=:|\xf8p\
XXXaa!u\x0b\x10\x9b0a\xc2\xd6\xad[\
\xbbw\xefN\x1d\x02\xd0Bo\xde\xbc\x09\x0f\x0f\x0f\x09\
\x09INN\xa6n\x01\x00\x00\x00\xf8<i\xea\x001\
W__\x1f\x10\x10\xb0i\xd3&\xea\x10\x80\x8f\x95\x94\
\x94\x1c=z\xf4\xf0\xe1\xc3\xf7\xee\xdd\xa3n\x01z\xe6\
\xe6\xe6\x1b7n\xb4\xb6\xb6\xa6\x0e\x01h\x89\xa6\xa6\xa6\
\xd8\xd8\xd8\xa0\xa0\xa0\xb3g\xcf\xe2\x961\x00\x00\x00 \
BpR\xa6\xcd\xa9\xa9\xa9egg\xab\xaa\xaaR\x87\
\x00HIII566\x9e={688\x18o\
]\x80\xc7\xd4\xd4t\xfd\xfa\xf5\x0e\x0e\x0e\xd4!\x00-\
\xf1\xf4\xe9\xd3\xa0\xa0\xa0\xe0\xe0\xe0\x82\x82\x02\xea\x16\x00\
\x00\x00\x80/\x86QF\x106o\xde\xfc\xe3\x8f?R\
W\x80\xa4\xbbw\xef\xde\xe1\xc3\x87\x8f\x1e=ZRR\
B\xdd\x02B\xa1k\xd7\xaek\xd6\xac\x991c\x06\x93\
\xc9\xa4n\x01\xf82555\x11\x11\x11\x81\x81\x81\x7f\
\xfd\xf5\x17u\x0b\x00\x00\x00@\xcba\x94\x11\x04]]\
\xddW\xaf^\xc9\xc9\xc9Q\x87\x80$*,,\x0c\x0b\
\x0b\x0b\x0e\x0e~\xf8\xf0!u\x0b\x08\x0b]]\xddU\
\xabV\xcd\x9d;\x17\x0fW\x02\x91s\xfb\xf6\xed\xc0\xc0\
\xc0c\xc7\x8eUVVR\xb7\x00\x00\x00\x00\xb4\x16F\
\x19\x01\xf9\xe3\x8f?\xe6\xcd\x9bG]\x01\x12\xa4\xa1\xa1\
!&&\xe6\xf0\xe1\xc3\xf1\xf1\xf1l6\x9b:\x07\x84\
\x85\xba\xba\xfa\x8f?\xfe\xb8p\xe1BEEE\xea\x16\
\x80/\xf0\xe6\xcd\x9b\xd0\xd0\xd0\xc0\xc0\xc0G\x8f\x1eQ\
\xb7\x00\x00\x00\x00\xf0\x0dF\x19\x01\xe9\xd6\xad[FF\
\x06\xae\x11\x00\x01\xb8}\xfbvpp\xf0\xb1c\xc7J\
KK\xa9[@\x88())-Y\xb2\xc4\xd7\xd7\xb7\
]\xbbv\xd4-\x00\xcd\xc5\xe1p.\x5c\xb8\x10\x18\x18\
x\xfa\xf4\xe9\x86\x86\x06\xea\x1c\x00\xf8<\x06\x83!+\
++\xf7O\xf2\xf2\xf2r\xcd\xc0d2\xd9lvc\
c\xe3G?~\xf2_\xfe\xdb\x8f\x1f\xfdcCCC\
MM\x0d\xf5\xffW\x00\x00\xfe\x15F\x19\xc19v\xec\
\x98\xb3\xb33u\x05\x88\xad\xfc\xfc\xfc\xd0\xd0\xd0\xe0\xe0\
\xe0\xc7\x8f\x1fS\xb7\x80p\x91\x95\x95\x9d?\x7f\xfe\xcf\
?\xff\xac\xa3\xa3C\xdd\x02\xd0\x5cYYY\x87\x0e\x1d\
:t\xe8Pvv6u\x0b\x80$\x92\x93\x93\xd3\xd4\
\xd4\xd4\xd4\xd4\xd4\xd0\xd0\xf8\xdf/\xd4\xd5\xd5\xffmg\
\x91\x95\x95\xa5n\xffXSSSeeeyyy\
YYYy3TUUQ'\x03\x80\x04\xc1(#\
8={\xf6|\xf4\xe8\x11\x0e\xcb\x00\x7f\xd5\xd5\xd5E\
EE\x1d>|\xf8\xfc\xf9\xf3MMM\xd49 \x5c\
X,\x96\xab\xab\xab\xbf\xbf\xbf\xbe\xbe>u\x0b@\xb3\
\xd4\xd7\xd7\x9f:u*((\xe8\xe2\xc5\x8b\x1c\x0e\x87\
:\x07@\xdc\xb0X,\x0d\x0d\x8dO\xee,\x1f}!\
\xc9W\xb9\xb2\xd9\xec\x8a\x8a\x8a\xff\x1enJJJ\xf2\
\xf3\xf3\xf3\xf3\xf3q\x918\x00\xb4\x12F\x19\x81\xc2a\
\x19\xe0\xa3\xe4\xe4\xe4\xc3\x87\x0f\x87\x87\x87\x97\x97\x97S\
\xb7\x800\x9a4i\xd2\xbau\xebz\xf4\xe8A\x1d\x02\
\xd0,\x0f\x1e<\x08\x0c\x0c\x0c\x0b\x0b\xc3\xa5\x97\x00\xad\
\xa1\xa8\xa8\xa8\xaf\xaf\xdf\xa5K\x97.]\xba\xe8\xeb\xeb\
w\xee\xdcYGG\xe7\xfd\xda\xa2\xaa\xaa\xca`\xe0\xf5\
?\xdfp\xa8\xf8\x8a\x11\x00\x00 \x00IDAT8\
\x9c\xc2\xc2\xc2\xdc\xdc\xdc\xbc\xbc\xbc\xdc\xdc\xdc\x0f\xbf\xc8\
\xcd\xcd\xad\xab\xab\xa3\x0e\x04\x00\x11\x80o\xca\x02\xd5\xa3\
G\x8f\xd4\xd4T\x1c\x96\x81\xd6\xc8\xcd\xcd\x0d\x09\x099\
|\xf8pff&u\x0b\x08\xa91c\xc6l\xd8\xb0\
\xe1\xeb\xaf\xbf\xa6\x0e\x01\xf8\xbc\x8a\x8a\x8a\xa3G\x8f\x06\
\x06\x06\xa6\xa4\xa4P\xb7\x00\x88\x0c\x06\x83\xa1\xa3\xa3\xc3\
\x9b]\xde\xef/\xbc/455\xa9\xeb\xe0\x9d\xd2\xd2\
\xd2\xf7\x03\xcdG\xabMEE\x05u\x1d\x00\x08\x0b\x8c\
2\x82\x86\xc32\xd02eee\x91\x91\x91\xc7\x8f\x1f\
OLL\xc4\x91~\xf87\xdf|\xf3\xcd\xa6M\x9b,\
--\xa9C\x00>\xef\xf2\xe5\xcb\x07\x0f\x1e<y\xf2\
dmm-u\x0b\x80\x90\x92\x97\x97\xef\xf2\xff\xde\xcf\
.]\xbat\xe9\xdc\xb9\xb3\x9c\x9c\x1cu\x1d\xb4\x5cU\
UU^^\xdeGKMNN\xce\x8b\x17/*+\
+\xa9\xeb\x00@\xa00\xca\x08\x1a\x0e\xcb\xc0\x17\xa9\xac\
\xac\x8c\x8a\x8a\x0a\x0f\x0f?w\xee\x5ccc#u\x0e\
\x08\xaf\xde\xbd{o\xd8\xb0\xc1\xce\xce\x8e:\x04\xe03\
\xca\xcb\xcb\x83\x83\x83\xf7\xed\xdb\x97\x9e\x9eN\xdd\x02 \
,ddd\x8c\x8c\x8c\x8c\x8d\x8d\x0d\x0c\x0c>\x9c`\
\xda\xb7o\x8f\xab\x8d$MAAAFFFzz\
\xfa\xfb\x1f\xb3\xb2\xb2\xf0\x81\x1c\x80\x18\xc3wy\x02G\
\x8f\x1e\x9d6m\x1au\x05\x08\xb5\xea\xea\xea\x98\x98\x98\
\xf0\xf0\xf0\xb8\xb8\xb8\xfa\xfaz\xea\x1c\x10j\x86\x86\x86\
k\xd7\xaeuvv\xc6\xda\x0bB\xee\xf6\xed\xdb{\xf7\
\xee=~\xfc8\x8e\xc6\x80\x84\x93\x93\x93311\xe9\
\xf9\x81n\xdd\xba\xc9\xc8\xc8Pw\x81\x90\xaa\xab\xab{\
\xfa\xf4\xe9\x873Mzz\xfa\xdb\xb7o\xa9\xbb\x00\x80\
?0\xca\x10\xe8\xde\xbd{ZZ\x1a\xde>\xc1\xff\xaa\
\xab\xab;{\xf6lxx\xf8\xd9\xb3gkjj\xa8\
s@\xd8\xe9\xe9\xe9\xf9\xf9\xf9yxx\xe0\xa5<\x08\
\xb3\x9a\x9a\x9ac\xc7\x8e\xed\xdd\xbb\x17w\x8d\x01\xc9\xa4\
\xa0\xa0\xd0\xbd{\xf7\xf7\xfb\x8b\xa9\xa9\xe9W_}\xc5\
b\xb1\xa8\xbb@\xb4\xe5\xe7\xe7\x7f4\xd3dggs\
\xb9\x5c\xea.\x00\xf8b\x18eh\x84\x85\x85M\x9f>\
\x9d\xba\x02\x84ECCCBBBxxxtt\
tUU\x15u\x0e\x88\x00\x0d\x0d\x8d\x9f~\xfa\xe9\xbb\
\xef\xbeSPP\xa0n\x01\xf8WO\x9e<\xd9\xbbw\
\xef\x91#GpKK\x90\x1c\xca\xca\xca=z\xf4\xf8\
\xf0\x14\x8c\x81\x81\x01>\x8a\x03\x01\xa8\xa9\xa9y\xfa\xf4\
\xe9G\x97>UWWSw\x01\xc0g`\x94\xa1a\
bb\x92\x96\x96\x86\x0fI$\x1c\x9b\xcd\xbep\xe1B\
xx\xf8\xe9\xd3\xa7\xf1Xkh&ee\xe5\xef\xbf\
\xff\xde\xd7\xd7WUU\x95\xba\x05\xe0\xd3\x1a\x1a\x1aN\
\x9d:\xb5w\xef\xde\xcb\x97/S\xb7\x00\xb4-55\
\xb5\x9e\xff\xd4\xb9sg\xdc\x05\x06\x84\x04\x97\xcb\xcd\xcb\
\xcbKMM\xbd\xf9\xffJKK\xa9\xa3\x00\xe0c\xf8\
;\x83Lhh\xe8\x8c\x193\xa8+\x80@SS\xd3\
\xa5K\x97\xc2\xc3\xc3###\xdf\xbcyC\x9d\x03\x22\
CNN\xce\xcb\xcbk\xf9\xf2\xe5\xda\xda\xda\xd4-\x00\
\x9f\x96\x95\x95\xf5\xc7\x1f\x7f\x04\x06\x06\x16\x15\x15Q\xb7\
\x00\xb4\x09uu\xf5!C\x86\x0c\x192d\xe0\xc0\x81\
\xa6\xa6\xa6zzz\xd4E\x00_\xe0\xd9\xb3g\xc9\xc9\
\xc9\xbc\x81\xe6\xfe\xfd\xfbx\x88\x04\x800\xc0(C\x06\
\x87e$\x0d\x97\xcb\xbdr\xe5Jxx\xf8\xc9\x93'\
\x0b\x0b\x0b\xa9s@\x94\xb0X\xacY\xb3f\xf9\xf9\xf9\
u\xe9\xd2\x85\xba\x05\xe0\x138\x1cN\x5c\x5c\xdc\xde\xbd\
{\xe3\xe2\xe2\xf0\x88\x10\x10?\xfa\xfa\xfaC\xff\x9f\xa9\
\xa9)\x0e\xc2\x80x\xa8\xab\xab\xbbw\xef\xde\xcd\x9b7\
y3\xcd\xabW\xaf\xa8\x8b\x00$\x14\xfeR\xa1\x14\x12\
\x12\xe2\xe2\xe2B]\x01m.999<<\xfc\xc4\
\x89\x13yyy\xd4- bX,\xd6\xb4i\xd3V\
\xae\x5cibbB\xdd\x02\xf0\x09\x85\x85\x85\x81\x81\x81\
\xfb\xf7\xef\xcf\xca\xca\xa2n\x01\xe0\x1b&\x93\xd9\xabW\
\xaf\xf7CL\xe7\xce\x9d\xa9\x8b\x00\xda\x5caa\xe1\xad\
[\xb7x\x03\xcd\xed\xdb\xb7+++\xa9\x8b\x00$\x05\
F\x19J\xc6\xc6\xc6\x8f\x1f?\xc6a\x19q\x95\x92\x92\
\x12\x1e\x1e\xfe\xe7\x9f\x7f\xe2\xbd\x0a\xb4\x80\x8c\x8c\x8c\x9b\
\x9b\xdbO?\xfd\xd4\xad[7\xea\x16\x80O\xb8t\xe9\
\xd2\xbe}\xfb\x22##q\xfa\x1d\xc4\x83\x9c\x9c\x9c\xb9\
\xb9\xf9\xd0\xa1C\x87\x0d\x1b6h\xd0\xa0v\xed\xdaQ\
\x17\x01\x90\xe1p8\xe9\xe9\xe9\xef/tJMMm\
jj\xa2\x8e\x02\x10[\x18e\x88\x1d9r\xc4\xd5\xd5\
\x95\xba\x02\xf8\xe9\xe1\xc3\x87\xbc-\xe6\xd9\xb3g\xd4-\
 \x92\xe4\xe4\xe4<<<~\xfc\xf1G}}}\xea\
\x16\x80\x8fUTT\x04\x07\x07\xef\xdb\xb7\xef\xc9\x93'\
\xd4-\x00\xad\xa5\xae\xae\xfe\xfe8\xcc\xc0\x81\x03\xe5\xe4\
\xe4\xa8\x8b\x00\x84Quu\xf5\x9d;w\xde_\xe8\x94\
\x9f\x9fO]\x04 V0\xca\x10322z\xf2\xe4\
\x09\x0e\xcb\x88\x81\xf4\xf4\xf4\xf0\xf0\xf0\xf0\xf0p\xbcQ\
\x81\x16SPP\xf0\xf4\xf4\xf4\xf5\xf5\xed\xd8\xb1#u\
\x0b\xc0\xc7RRR\xf6\xee\xdd{\xec\xd8\xb1\x9a\x9a\x1a\
\xea\x16\x80\x96300x?\xc4\xf4\xec\xd9\x137\x88\
\x01\xf8R\xb9\xb9\xb9\xef\x0f\xd1\xa4\xa4\xa4\xe0/\x05\x80\
V\xc2\xdfC\xf4\x82\x83\x83\xdd\xdc\xdc\xa8+\xa0%\xb8\
\x5c\xee\x9d;w\xa2\xa2\xa2\xa2\xa2\xa2RSS\xa9s\
@\x84)++{{{\xfb\xf8\xf8\xe0\xc9J l\
\xd8lvddd@@\xc0\xf5\xeb\xd7\xa9[\x00Z\
\x82\xc1`\x98\x9a\x9a\x0e\x1f>|\xd8\xb0aC\x87\x0e\
\xed\xd4\xa9\x13u\x11\x80\xf8`\xb3\xd9\x8f\x1e=JN\
NNLL\xbcx\xf1bYY\x19u\x11\x80\xe8\xc1\
(C\xafk\xd7\xae\xe9\xe9\xe9\xb2\xb2\xb2\xd4!\xd0\x5c\
\x0d\x0d\x0d\x89\x89\x89QQQ\xd1\xd1\xd18\xc0\x09\xad\
\xa4\xa6\xa6\xb6p\xe1\xc2%K\x96hjjR\xb7\x00\
\xfc\xc3\x9b7o\xf6\xef\xdf\xbfg\xcf\x9e\xdc\xdc\x5c\xea\
\x16\x80/fbb2r\xe4\xc8\x91#GZZZ\
b\xef\x06\x10\x00\x0e\x87s\xe7\xce\x9ds\xe7\xce\x9d;\
w.99\x19w\x1c\x03h&\x8c2Ba\xd7\xae\
]\x0b\x17.\xa4\xae\x80\xcf(++\x8b\x8d\x8d\x8d\x8a\
\x8a\x8a\x8f\x8f\xaf\xaa\xaa\xa2\xce\x01\x91\xa7\xa9\xa9\xb9d\
\xc9\x92\x85\x0b\x17\xaa\xa9\xa9Q\xb7\x00\xfc\xc3\xa3G\x8f\
\x02\x02\x02\xc2\xc2\xc2\xea\xea\xea\xa8[\x00\xbe\x80\x81\x81\
\x81\x95\x95\x95\x95\x95\xd5\xc8\x91#\xf5\xf4\xf4\xa8s\x00\
$WUU\xd5\xa5K\x97x\x03Mff&u\x0e\
\x80P\xc3(#\x14\xb4\xb5\xb5\x9f?\x7f\xae\xac\xacL\
\x1d\x02\x9f\xf0\xea\xd5+\xde\x05JW\xae\x5ca\xb3\xd9\
\xd49 \x0e\xb4\xb5\xb5}}}\xbd\xbc\xbc\xf0\xa7\x1e\
\x84\x0a\x87\xc3\x89\x89\x89\x09\x08\x08HJJ\xa2n\x01\
h\xae\x8e\x1d;\x8e\x1c9\x927\xc4\x18\x18\x18P\xe7\
\x00\xc0\xc7\xb2\xb2\xb2\xce\x9f?\x7f\xee\xdc\xb9\x8b\x17/\
\x96\x96\x96R\xe7\x00\x08\x1d\x8c2\xc2\xc2\xdf\xdf\x7f\xf5\
\xea\xd5\xd4\x15\xf0\xb7\x94\x94\x14\xde\x16\xf3\xf0\xe1C\xea\
\x16\x10\x1fzzz\xcb\x96-\x9b7o\x9e\x82\x82\x02\
u\x0b\xc0\xdf***\x02\x03\x03\x7f\xfb\xed\xb7\x97/\
_R\xb7\x00|\x9e\xb6\xb66\xef\xd2$+++#\
##\xea\x1c\x00h\x16\x0e\x87\x93\x92\x92\xc2;>s\
\xe3\xc6\x0d\x5c\xdf\x04\xc0\x83QFX(++?\x7f\
\xfe\x1c\xd7<\xd3jhhHJJ\xe2\xdd,&/\
/\x8f:\x07\xc4\x8a\xbe\xbe\xfeO?\xfd\xe4\xee\xee\x8e\
G\xae\x82P\xc9\xc8\xc8\xd8\xb5kWpppuu\
5u\x0b\xc0\x7f\xd1\xd0\xd0\x181b\x04\xefD\x8c\xa9\
\xa9)u\x0e\x00\xb4\xca\xdb\xb7o\xdf_\xdf\x94\x91\x91\
A\x9d\x03@\x09\xa3\x8c\x10Y\xb8p\xe1\xae]\xbb\xa8\
+$Qyy\xf9\xfb\x9b\xc5TVVR\xe7\x80\xb8\
144\xfc\xf9\xe7\x9f]]]edd\xa8[\x00\
\xde\xe1r\xb9\x09\x09\x09\x01\x01\x01\x09\x09\x09\x5c.\x97\
:\x07\xe0\xd3TUU\x87\x0f\x1f\xce;\x14\xd3\xb7o\
_&\x93I]\x04\x00\xfc\x97\x9d\x9d\xcd\xbb\xbe\xe9\xc2\
\x85\x0b\xb8\xbe\x09$\x10F\x19!\x22++\x9b\x9e\x9e\
\xde\xb5kW\xea\x10I\x91\x95\x95\x15\x1d\x1d\x1d\x15\x15\
u\xf9\xf2e\xdc,\x06\xdaB\xf7\xee\xddW\xacX1\
m\xda4\x16\x8bE\xdd\x02\xf0\xce\xdb\xb7o\x83\x83\x83\
w\xef\xde\x8dO&A8\xc9\xca\xca\x0e\x1d:t\xd4\
\xa8Q\xd6\xd6\xd6\x03\x07\x0e\xc4\xf7O\x00\xc9\xc1\xe1p\
\xee\xde\xbd\xcb;>s\xfd\xfau\x5c\xdf\x04\x12\x02\xa3\
\x8cp\x991cFhh(u\x85\x98\xbb{\xf7.\
\xeff1\x0f\x1e<\xa0n\x01\xb1\xd5\xa7O\x9f\x95+\
WN\x9a4\x09\x9f\xeb\x82\xf0x\xf9\xf2\xe5\xee\xdd\xbb\
\x83\x82\x82***\xa8[\x00>fbbbcc\
3f\xcc\x18KKK%%%\xea\x1c\x00 \xf6\xf6\
\xed\xdb\xcb\x97/\xf3\x06\x9a\xf4\xf4t\xea\x1c\x806\x84\
QF\xb80\x18\x8c\xbbw\xef\xf6\xeb\xd7\x8f:D\xdc\
466&%%EGGGGG\xe7\xe4\xe4P\
\xe7\x808\xfb\xfa\xeb\xafW\xae\x5c\xf9\xed\xb7\xdf2\x18\
\xf8\x06\x0b\xc2\x2211q\xd7\xae]111\x1c\x0e\
\x87\xba\x05\xe0o\xed\xda\xb5\xb3\xb6\xb6\xe6m1\xfa\xfa\
\xfa\xd49\x00 \xa4rrr\x12\x12\x12N\x9f>}\
\xfe\xfc\xf9\x86\x86\x06\xea\x1c\x00>\xc3{\x06\xa13v\
\xec\xd8\xb8\xb88\xea\x0a1Q^^\x1e\x17\x17\x17\x15\
\x15\x15\x17\x17\x87\x9b\xc5@[\x1b<x\xf0\xaaU\xab\
\xc6\x8e\x1dK\x1d\x02\xf0NmmmXX\xd8\xae]\
\xbb\x1e=zD\xdd\x02\xf0\x0e\x8b\xc5233\xb3\xb1\
\xb1\xb1\xb1\xb1177\xc7\xd5I\x00\xd0|\xe5\xe5\xe5\
\xd1\xd1\xd1\x11\x11\x11\xe7\xce\x9d\xab\xaf\xaf\xa7\xce\x01\xe0\
\x0f\x8c2\xc2())\xc9\xd2\xd2\x92\xbaB$q\xb9\
\xdc\x8c\x8c\x8c\x1b\xff\xef\xf1\xe3\xc7\xf8X\x18\x04\xc0\xd2\
\xd2r\xd5\xaaUVVV\xd4!\x00\xef\x14\x16\x16\xee\
\xde\xbd{\xdf\xbe}o\xde\xbc\xa1n\x01\x90\x92\x92\x92\
\xea\xdc\xb93o\x88\xb1\xb6\xb6VWW\xa7\xce\x01\x00\
\xd1VYY\xc9[g\xe2\xe3\xe3\xb1\xce\x80\xa8\xc3(\
#\x8c\xcc\xcd\xcdo\xde\xbcI]!2\xaa\xaa\xaan\
\xdd\xba\xc5[a\x92\x93\x93q\xcfv\x10$\x1b\x1b\x9b\
\x95+W\x0e\x1d:\x94:\x04\xe0\x9d\xf4\xf4\xf4m\xdb\
\xb6\x85\x84\x84\xe0E*\x90STT\x1c1b\x04\xef\
\xea\xa4\x1e=zP\xe7\x00\x80\x18\xaa\xaa\xaa\x8a\x89\x89\
\x89\x88\x88\x88\x8b\x8b\xab\xab\xab\xa3\xce\x01h\x09\x8c2\
B*\x22\x22b\xd2\xa4I\xd4\x15B\x8a\xc3\xe1<{\
\xf6,99\xf9\xc6\x8d\x1b\xd7\xaf_OMM\xc5q\
\x18\x100\x16\x8b\xe5\xe8\xe8\xb8l\xd92333\xea\
\x16\x80w\xae\x5c\xb9\xb2u\xeb\xd6\x98\x98\x18<\xe2\x1a\
h\xf5\xe9\xd3\x87w(f\xe8\xd0\xa1rrr\xd49\
\x00 \x11\xde\xbe}{\xe6\xcc\x99\x88\x88\x88\xd8\xd8\xd8\
\xda\xdaZ\xea\x1c\x80/\x80QFH\x99\x98\x98\xa4\xa5\
\xa5\xe1Bk\x9e\xa2\xa2\xa2G\x1fHKK\xab\xa9\xa9\
\xa1\x8e\x02\x09\xa5\xa4\xa44{\xf6\xec%K\x96\xe0\xe9\
\xf5 $8\x1c\xce\xa9S\xa7\xb6l\xd9\x82#\x96@\
HKKk\xcc\x981666\xa3G\x8f\xee\xd0\xa1\
\x03u\x0e\x00H\xae\xea\xea\xea\xb3g\xcfFDD\x9c\
={\x16o\x19@$`\x94\x11^\xfb\xf7\xef\x9f;\
w.u\x05\x81\x9a\x9a\x9a\xb4\xb4\xb4\x0fW\x98\xa2\xa2\
\x22\xea(\x00)==\xbd\x85\x0b\x17zzz\xe2n\
\x08 $jkk\x0f\x1d:\xb4}\xfb\xf6\xe7\xcf\x9f\
S\xb7\x80\x84\xea\xdb\xb7\xaf\xad\xad\xad\xad\xad\xad\xb9\xb9\
9\x93\xc9\xa4\xce\x01\x00\xf8[MMMll\xec\x89\
\x13'\xce\x9e=[]]M\x9d\x03\xf0\xaf0\xca\x08\
/==\xbdg\xcf\x9e)((P\x87\xb4\xa1\xb2\xb2\
\xb2\x97\xff\xf4\xf4\xe9\xd3\x17/^\xe0r$\x10*\xbd\
{\xf7\xf6\xf5\xf5uvv\x96\x95\x95\xa5n\x01\x90\x92\
\x92\x92*..\xfe\xfd\xf7\xdf\x7f\xff\xfd\xf7\x92\x92\x12\
\xea\x16\x908\xf2\xf2\xf2\xd6\xd6\xd6\xb6\xb6\xb6\x13&L\
\xe8\xdc\xb93u\x0e\x00\xc0g\xd4\xd6\xd6\xc6\xc5\xc5E\
DD\xc4\xc4\xc4\xbc}\xfb\x96:\x07\xe0c\x18e\x84\
Z\x9f>}LLL\xf4\xf4\xf4:v\xec\xc8\xfb\x91\
\xf7\x85\x92\x92\x12u\xda\x97\xa9\xaa\xaa\xca\xce\xce\xfeh\
\x7fy\xf5\xeaUEE\x05u\x1a\xc0\x7f\xb1\xb1\xb1\xf1\
\xf1\xf1\x19=z4u\x08\xc0;\xcf\x9e=\xdb\xb6m\
[pp0.\x98\x07\x01\xd3\xd3\xd3\xb3\xb5\xb5\xb5\xb3\
\xb3\xb3\xb2\xb2RTT\xa4\xce\x01\x00\xf8buuu\
\xf1\xf1\xf1\x11\x11\x11\xd1\xd1\xd1UUU\xd49\x00\xef\
`\x94\x11Ijjj\x1f-5\x1a\x1a\x1a\xaa\xaa\xaa\
jjj\xef\x7fTUU\x15\xcc-i\xca\xcb\xcb\x8b\
?\xa5\xa8\xa8\x88\xf7EII\x09\xee\x85\x0e\xa2EV\
Vv\xfa\xf4\xe9K\x97.\xed\xdd\xbb7u\x0b\xc0;\
\xc9\xc9\xc9[\xb6l9}\xfa4\xce\x12\x82\xc00\x18\
\x0c333\xde\x05J\xfd\xfb\xf7\xa7\xce\x01\x00\xe0\x8f\
\xfa\xfa\xfas\xe7\xce\x9d8q\x22::\x1a\x1f\x12\x03\
9\x8c2\xe2LII\xe9\xc3\x99FMMMII\
\x89\xf5\x01&\x93\xf9o_744\xd4~JMM\
\xcd\x87\xffX]]\xdd\xd8\xd8H\xfd\x7f(\x00\xdf\xa8\
\xab\xab{yy}\xf7\xddw\xb8Q%\x08\x09.\x97\
\x1b\x1d\x1d\xbde\xcb\x96k\xd7\xaeQ\xb7\x80\xa4PV\
V\x1e3f\x8c\xad\xad\xed\xf8\xf1\xe3utt\xa8s\
\x00\x00\xdaJCC\xc3\xf9\xf3\xe7O\x9c8\x11\x15\x15\
U^^N\x9d\x03\x12\x0a\xa3\x0c\x00\x80\x94\x94\x94\xd4\
W_}\xf5\xfd\xf7\xdf\xbb\xbb\xbb\x8b\xdc\xe5\x81 \xae\
\xea\xea\xea\x8e\x1c9\xb2m\xdb\xb6\xcc\xccL\xea\x16\x90\
\x08]\xbbv\xe5]\xa04b\xc4\x08\xdcB\x0b\x00$\
Jcccll\xec\xc1\x83\x07\xe3\xe2\xe2\x9a\x9a\x9a\
\xa8s@\xb2`\x94\x01\x00I7h\xd0 \x1f\x1f\x1f\
GGG<:\x04\x84Dii\xe9\x9e={v\xef\
\xde\x8dg\xcfA[c\xb1X\x83\x07\x0f\xe6]\xa0\xd4\
\xb3gO\xea\x1c\x00\x00byyy\x87\x0f\x1f\x0e\x0c\
\x0c|\xf9\xf2%u\x0bH\x0a\x8c2\x00 \xa1\x98L\
\xa6\xa3\xa3\xa3\x8f\x8f\xcf\xa0A\x83\xa8[\x00\xdey\xf9\
\xf2\xe5\x8e\x1d;\x82\x82\x82\xf0\xf0NhSjjj\
\xe3\xc6\x8d\xb3\xb3\xb3\x1b;v\xac\x86\x86\x06u\x0e\x00\
\x80p\xe1r\xb9\x89\x89\x89\x07\x0f\x1e<u\xeaT}\
}=u\x0e\x889\x8c2\x00 q\x94\x94\x94\xdc\xdd\
\xdd\x97,YbhhH\xdd\x02\xf0\xce\xfd\xfb\xf77\
o\xde\x1c\x11\x11\x81S\xd3\xd0vttt\xec\xed\xed\
'N\x9c8r\xe4H\x5c\xa0\x04\x00\xf0Yo\xde\xbc\
\x09\x0d\x0d=p\xe0@ZZ\x1au\x0b\x88-\x8c2\
\x00 Atuu\x17-Z4\x7f\xfe|uuu\
\xea\x16\x80wn\xdc\xb8\xb1a\xc3\x86\xb3g\xcfR\x87\
\x80\xd8200\x988q\xa2\xa3\xa3\xe3\xe0\xc1\x83q\
\x9d&\x00@\x0b\xdc\xbcy\xf3\xe0\xc1\x83\xc7\x8f\x1f\x7f\
\xfb\xf6-u\x0b\x88\x1b\x8c2\x00 \x11z\xf5\xea\xe5\
\xe3\xe33}\xfat|8\x0c\xc2\xe3\xe2\xc5\x8b\x1b6\
lHJJ\xa2\x0e\x01\xf1\xd4\xabW/GG\xc7\x89\
\x13'\xf6\xeb\xd7\x8f\xba\x05\x00@\x1c\xbc}\xfb6<\
<\xfc\xe0\xc1\x83\xc9\xc9\xc9\xd4- >0\xca\x00\x80\
\x98\x1b=z\xb4\xaf\xaf\xef\x981c\xa8C\x00\xde\xe1\
r\xb9g\xce\x9c\xd9\xb0a\xc3\xcd\x9b7\xa9[@\xdc\
0\x18\x0csss\xde\xb9\x18###\xea\x1c\x00\x00\
\xf1\x94\x9a\x9az\xf0\xe0\xc1\x90\x90\x90\xd2\xd2R\xea\x16\
\x10y\x18e\x00@<\xc9\xc8\xc8L\x9f>}\xe9\xd2\
\xa5}\xfa\xf4\xa1n\x01x\x87\xc3\xe1\x9c8qb\xe3\
\xc6\x8d\x0f\x1f>\xa4n\x01\xb1\x22--=b\xc4\x08\
GGG\x07\x07\x87\x8e\x1d;R\xe7\x00\x00H\x84\xfa\
\xfa\xfaS\xa7N\x1d<x011\x91\xcb\xe5R\xe7\
\x80\xa8\xc2(\x03\x00\xe2F]]\xdd\xd3\xd3s\xe1\xc2\
\x85zzz\xd4-\x00\xef466\x86\x86\x86n\xde\
\xbc933\x93\xba\x05\xc4\x87\xbc\xbc\xfc\x981c&\
N\x9chgg\x87\x87(\x01\x00Py\xf1\xe2EP\
P\xd0\xa1C\x87\xf2\xf3\xf3\xa9[@\xf4`\x94\x01\x00\
\xf1\xd1\xb3gO///www%%%\xea\x16\
\x80w\xea\xea\xea\x0e\x1e<\xb8e\xcb\x96\xec\xecl\xea\
\x16\x10\x13\xaa\xaa\xaa\xb6\xb6\xb6\x8e\x8e\x8e\xe3\xc6\x8d\xc3\
\xb7;\x00\x00!\xd1\xd4\xd4\x14\x17\x17w\xf0\xe0\xc1\xb3\
g\xcf\xb2\xd9l\xea\x1c\x10\x19\x18e\x00@\xe4\xc9\xc8\
\xc88::z{{\x8f\x181\x82\xba\x05\xe0oU\
UU{\xf7\xee\xdd\xbe}{aa!u\x0b\x88\x03\
mmm\xde\x03\xad\xad\xac\xacp\xcfr\x00\x00\xa1U\
PP\x10\x1c\x1c|\xf0\xe0\xc1\xe7\xcf\x9fS\xb7\x80\x08\
\xc0(\x03\x00\x22\xacc\xc7\x8e\x9e\x9e\x9es\xe6\xcc\xe9\
\xd0\xa1\x03u\x0b\xc0\xdfJKKw\xed\xda\xb5k\xd7\
\xae\xb2\xb22\xea\x16\x10y\xda\xda\xda\x93&Mrr\
r\x1a6l\x18\x1eh\x0d\x00 *\xb8\x5c\xee\xe5\xcb\
\x97\x0f\x1e<x\xf2\xe4\xc9\xba\xba:\xea\x1c\x10^\x18\
e\x00@\xf40\x18\x0ckkkooo;;;\
iii\xea\x1c\x80\xbf\xbd~\xfdz\xfb\xf6\xed{\xf7\
\xee}\xfb\xf6-u\x0b\x886\x0d\x0d\x8d\x89\x13':\
99\x8d\x1c9\x92\xc5bQ\xe7\x00\x00@\x0b\x95\x95\
\x95\xfd\xf1\xc7\x1f\xcb\x97/\xa7\x0e\x01!\x8573\x00\
 J\xda\xb5k7k\xd6\xac\xf9\xf3\xe7\x9b\x98\x98P\
\xb7\x00\xfcCvv\xf6\xaf\xbf\xfe\x1a\x18\x18\x88O\xc3\
\xa05\xd4\xd4\xd4\x1c\x1c\x1c\x9c\x9c\x9cF\x8d\x1a%#\
#C\x9d\x03\x00\x00\xad\xa5\xae\xae\xfe\xfa\xf5k\xea\x0a\
\x10^8)\x03\x00\xa2\xa1\x7f\xff\xfe\x0b\x16,\x986\
m\x9a\xa2\xa2\x22u\x0b\xc0?dffn\xde\xbc9\
44\xb4\xb1\xb1\x91\xba\x05D\x95\xb2\xb2\xf2\xb7\xdf~\
\xeb\xe4\xe4dcc#''G\x9d\x03\x00\x00|s\
\xe3\xc6\x8d\xa1C\x87r8\x1c\xea\x10\x10R\x18e\x00\
@\xa8\xc9\xc9\xc9999y{{[XXP\xb7\
\x00|\xec\xe1\xc3\x87\x1b6l\x88\x88\x88\xc0+-h\
\x19EE\xc5\x09\x13&899\x8d\x1f?^AA\
\x81:\x07\x00\x00\xf8\xac\xa1\xa1\xa1\x7f\xff\xfe\x8f\x1f?\
\xa6\x0e\x01\xe1\x85\xcb\x97\x00@H}\xf5\xd5W\xf3\xe7\
\xcfwww\xd7\xd2\xd2\xa2n\x01\xf8\xd8\xc3\x87\x0f\xfd\
\xfd\xfdO\x9f>\xcd\xe5r\xa9[@\xf4\xc8\xc9\xc9\x8d\
\x1b7\xce\xc9\xc9\xc9\xce\xce\x0e\xcf\xb4\x06\x00\x10c\x1b\
6l\xc0\x22\x03\xff\x0d'e\x00@\xb80\x99\xcc\xf1\
\xe3\xc7{{{\xdb\xd8\xd8\xe09# \x84RSS\
\xfd\xfd\xfd###1\xc7\xc0\x97\x92\x91\x91\x193f\
\x8c\x93\x93\x93\xbd\xbd\xbd\xaa\xaa*u\x0e\x00\x00\xb4\xad\
G\x8f\x1e\x0d\x1c8\x10W7\xc3\x7f\xc3I\x19\x00\x10\
\x16\xed\xdb\xb7\x9f={\xb6\xa7\xa7\xa7\x81\x81\x01u\x0b\
\xc0'\xa4\xa5\xa5\xadY\xb3&\x22\x22\x02s\x0c|\x11\
iii+++'''GGGuuu\xea\
\x1c\x00\x00\x10\x84\xa6\xa6\xa6\xd9\xb3gc\x91\x81\xcf\xc2\
(\x03\x00\xf4\x06\x0f\x1e\xbc`\xc1\x82\xc9\x93'\xcb\xca\
\xcaR\xb7\x00|\xc2\x93'O\xd6\xae]\xfb\xe7\x9f\x7f\
\xe2\xde1\xd0|L&s\xc4\x88\x11NNN\x93&\
M\xc2e\x98\x00\x00\x92f\xe7\xce\x9d\xb7o\xdf\xa6\xae\
\x00\x11\x80\xcb\x97\x00\x80\x8c\x92\x92\x92\x8b\x8b\x8b\x97\x97\
W\xdf\xbe}\xa9[\x00>-##c\xed\xda\xb5\xc7\
\x8f\x1f\xc7\x1c\x03\xcd\xd7\xaf_?WW\xd7i\xd3\xa6\
u\xe8\xd0\x81\xba\x05\x00\x00\x08<\x7f\xfe\xbcw\xef\xde\
\xb5\xb5\xb5\xd4! \x02pR\x06\x00\x08\xf4\xe8\xd1\xc3\
\xdb\xdb\xdb\xcd\xcd\x0dwU\x00\xa1\xf5\xf4\xe9\xd3u\xeb\
\xd6\x1d=z\xb4\xa9\xa9\x89\xba\x05DC\xa7N\x9df\
\xcc\x98\xe1\xe2\xe2\xd2\xabW/\xea\x16\x00\x00 \xc3\xe5\
r\xe7\xcc\x99\x83E\x06\x9a\x09\xa3\x0c\x00\x08\x8e\xb4\xb4\
\xb4\xa3\xa3\xa3\xb7\xb7\xb7\xa5\xa5%u\x0b\xc0\xbfz\xfe\
\xfc\xf9\xbau\xebBCC1\xc7@s\xa8\xaa\xaaN\
\x9e<\xd9\xc5\xc5e\xc4\x88\x11\xb8=9\x00\x00\x1c<\
x\xf0\xd2\xa5K\xd4\x15 2p\xf9\x12\x00\x08B\xc7\
\x8e\x1d\xe7\xcd\x9b7g\xce\x1c===\xea\x16\x80\x7f\
\xf5\xf2\xe5\xcbu\xeb\xd6\x85\x84\x84\xb0\xd9l\xea\x16\x10\
v\xd2\xd2\xd2c\xc7\x8euuu\xb5\xb3\xb3SPP\
\xa0\xce\x01\x00\x00\xa1\x90\x97\x97gjjZQQA\
\x1d\x02\x22\x03'e\x00\xa0\x0dIKK\x8f\x1b7\xce\
\xdd\xdd\xdd\xce\xceNZ\x1a\xdfp@xeee\xad\
_\xbf\xfe\xf0\xe1\xc3\x98c\xe0\xb3,,,\x5c\x5c\x5c\
\x9c\x9c\x9c\xda\xb7oO\xdd\x02\x00\x00\xc2\xc5\xcb\xcb\x0b\
\x8b\x0c|\x11\xbcG\x02\x806\xd1\xb3gOwww\
WWW\x1d\x1d\x1d\xea\x16\x80\xff\x92\x9d\x9d\xbda\xc3\
\x86C\x87\x0e\xe1\xa1\x95\xf0\xdf\xbe\xfa\xea+\x17\x17\x97\
\x193f\x18\x1b\x1bS\xb7\x00\x00\x800\x0a\x0f\x0f\x8f\
\x89\x89\xa1\xae\x00\x11\x83\xcb\x97\x00\x80\x9f\xda\xb5k7\
m\xda\xb4Y\xb3f\x99\x9b\x9bS\xb7\x00|FNN\
\xce\xc6\x8d\x1b\x83\x82\x82\x1a\x1a\x1a\xa8[@xih\
hL\x9d:\xd5\xd5\xd5u\xf0\xe0\xc1\xd4-\x00\x00 \
\xbc\xde\xbcy\xd3\xa3G\x8f\xe2\xe2b\xea\x10\x1018\
)\x03\x00|\xc0d2G\x8d\x1a\xe5\xee\xee\xee\xe0\xe0\
 //O\x9d\x03\xf0\x19yyy\x9b6m:p\
\xe0\x00\xe6\x18\xf87rrr\xb6\xb6\xb6...\xe3\
\xc7\x8f\x97\x95\x95\xa5\xce\x01\x00\x00a\xb7d\xc9\x12,\
2\xd0\x028)\x03\x00\xad\xd2\xad[\xb7Y\xb3f\xb9\
\xb9\xb9u\xee\xdc\x99\xba\x05\xe0\xf3\x0a\x0a\x0a6m\xda\
\xb4\x7f\xff\xfe\xfa\xfaz\xea\x16\x10F\x0c\x06c\xe8\xd0\
\xa1\xae\xae\xae\x93'OVWW\xa7\xce\x01\x00\x00\xd1\
\x10\x1b\x1b;a\xc2\x04\xea\x0a\x10I\x18e\x00\xa0%\
\x94\x95\x95\xa7L\x99\xe2\xee\xee>l\xd80\xea\x16\x80\
f)--\xdd\xbcy\xf3\xee\xdd\xbb\xeb\xea\xea\xa8[\
@\x18u\xed\xda\x95w',\x03\x03\x03\xea\x16\x00\x00\
\x10%UUU\xa6\xa6\xa6999\xd4! \x92p\
\xf9\x12\x00|\x99\xe1\xc3\x87\xbb\xbb\xbbO\x992EI\
I\x89\xba\x05\xa0Y\xaa\xab\xabw\xec\xd8\xb1u\xebV\
<\x0d\x01\xfe\x97\x82\x82\xc2\xa4I\x93f\xcf\x9e=b\
\xc4\x08\x06\x03\x1fV\x01\x00\xc0\x17[\xbe|9\x16\x19\
h1\xbc\xf8\x00\x80f\xe9\xdc\xb9\xf3\xcc\x993g\xcd\
\x9aehhH\xdd\x02\xd0\x5c\x0d\x0d\x0d\xfb\xf7\xef_\
\xbf~}aa!u\x0b\x08\x1dsss\x0f\x0f\x0f\
ggg555\xea\x16\x00\x00\x10UW\xaf^\x1d\
>|8\x97\xcb\xa5\x0e\x01Q\x85Q\x06\x00\xfe\x8b\xbc\
\xbc\xbc\xa3\xa3\xa3\xbb\xbb\xbb\xb5\xb55\x93\xc9\xa4\xce\x01\
h.\x0e\x87\x13\x16\x16\xe6\xe7\xe7\xf7\xea\xd5+\xea\x16\
\x10.ZZZ\xae\xae\xae\x1e\x1e\x1e\xbdz\xf5\xa2n\
\x01\x00\x00\xd1VWW\xd7\xb7o\xdf\xcc\xccL\xea\x10\
\x10a\xb8|\x09\x00>\xcd\xc2\xc2\xc2\xdd\xdd\xdd\xc9\xc9\
\xa9]\xbbv\xd4-\x00_&::z\xc5\x8a\x15\xa9\
\xa9\xa9\xd4! DX,\xd6\xd8\xb1c=<<\xec\
\xec\xecddd\xa8s\x00\x00@\x1c\xac]\xbb\x16\x8b\
\x0c\xb4\x12N\xca\x00\xc0?\xe8\xea\xea\xba\xba\xba\xce\x9a\
5\xabg\xcf\x9e\xd4-\x00_\xec\xf2\xe5\xcb\xcb\x97/\
\xbfq\xe3\x06u\x08\x08\x11###\x0f\x0f\x0f77\
7===\xea\x16\x00\x00\x10\x1f\xf7\xee\xdd377\
g\xb3\xd9\xd4! \xda0\xca\x00\x80\x94\x94\x94\x94\x8c\
\x8c\x8c\x9d\x9d\x9d\xbb\xbb\xfb\xd8\xb1c\xa5\xa5q\x86\x0e\
D\xcf\xbd{\xf7~\xfe\xf9\xe7\xf8\xf8x\xea\x10\x10\x16\
JJJS\xa6L\xf1\xf0\xf0\xc0C\xe2\x00\x00\x80\xef\
\xd8l\xb6\xb9\xb9\xf9\xbd{\xf7\xa8C@\xe4\xe1\xad\x17\
\x80\xa4\xeb\xdb\xb7\xaf\xbb\xbb\xfb\x8c\x193\xb4\xb4\xb4\xa8\
[\x00Z\xe2\xe9\xd3\xa7\xabV\xad\xfa\xf3\xcf?q\x8f\
=\xe0\x19<x\xb0\x87\x87\xc7\xd4\xa9SUTT\xa8\
[\x00\x00@<m\xdd\xba\x15\x8b\x0c\xf0\x05N\xca\x00\
H(\x0d\x0d\x8d\x193f\xb8\xbb\xbb\xf7\xef\xdf\x9f\xba\
\x05\xa0\x85\xf2\xf2\xf2\xd6\xae]\x1b\x14\x14\x84\x93\xc3 \
%%\xa5\xa3\xa3\xe3\xe6\xe6\xe6\xe1\xe1\xd1\xbd{w\xea\
\x16\x00\x00\x10g\x19\x19\x19\xfd\xfa\xf5\xab\xab\xab\xa3\x0e\
\x01q\x80\x932\x00\x92EII\xc9\xde\xde\xde\xd9\xd9\
\xd9\xc6\xc6FVV\x96:\x07\xa0\x85JKK7o\
\xde\xfc\xdbo\xbf\xd5\xd6\xd6R\xb7\x001ii\xe9\x09\
\x13&xxx\x8c\x1f?\x1eW_\x02\x00@[k\
ll\x9c1c\x06\x16\x19\xe0\x17\xbcv\x01\x90\x08\xf2\
\xf2\xf2\xe3\xc7\x8fwvv\x9e0a\x82\xa2\xa2\x22u\
\x0e@\xcbUWW\xef\xdc\xb9s\xcb\x96-\x15\x15\x15\
\xd4-@\xack\xd7\xae\x9e\x9e\x9e3g\xce\xd4\xd5\xd5\
\xa5n\x01\x00\x00I\xb1z\xf5\xea\x94\x94\x14\xea\x0a\x10\
\x1f\xb8|\x09@\x9cIKK\x8f\x1e=\xda\xd9\xd9\xd9\
\xc1\xc1AUU\x95:\x07\xa0U\x1a\x1b\x1b\xf7\xef\xdf\
\xbfn\xdd\xba\xc2\xc2B\xea\x16\xa0\xc4b\xb1\xec\xec\xec\
\xe6\xcf\x9f?f\xcc\x18\x06\x03\xafd\x00\x00@p\xfe\
\xfa\xeb\xaf\x91#Gr8\x1c\xea\x10\x10\x1fx)\x03\
 \x86\x98L\xe6\x88\x11#\x9c\x9d\x9d'M\x9a\xa4\xa9\
\xa9I\x9d\x03\xd0Z\x1c\x0e\xe7\xe8\xd1\xa3~~~/\
_\xbe\xa4n\x01J\x1d;v\x9c;w\xee\x9c9s\
:v\xecH\xdd\x02\x00\x00\x12\xa7\xa2\xa2\xa2O\x9f>\
\xd9\xd9\xd9\xd4! Vp\xf9\x12\x80X\x194h\x90\
\xb3\xb3\xf3\x94)S:t\xe8@\xdd\x02\xc0\x1fg\xce\
\x9cY\xbe|yjj*u\x08\x90a2\x9966\
6\xf3\xe7\xcf\x9f0a\x02\x8b\xc5\xa2\xce\x01\x00\x00\x09\
\xe5\xed\xed\x8dE\x06\xf8\x0e\xa3\x0c\x808\xe8\xd7\xaf\x9f\
\xb3\xb3\xb3\x93\x93\x93\x81\x81\x01u\x0b\x00\xdf\xdc\xbd{\
\xd7\xd7\xd77))\x89:\x04\xc8hkk\xcf\x9e=\
{\xee\xdc\xb9]\xbbv\xa5n\x01\x00\x00\x89v\xf4\xe8\
\xd1\xa3G\x8fRW\x80\x18\xc2\xe5K\x00\x22\xcc\xc4\xc4\
d\xda\xb4iNNNx\xfe+\x88\x99\x9c\x9c\x9c\x15\
+V\x84\x86\x86r\xb9\x5c\xea\x16\xa01r\xe4\xc8\xf9\
\xf3\xe7;88\xe09q\x00\x00@.++\xabo\
\xdf\xbex\xc8\x00\xb4\x05\x9c\x94\x01\x10=\x06\x06\x06\xce\
\xce\xce\xce\xce\xce}\xfb\xf6\xa5n\x01\xe0\xb3\xaa\xaa\xaa\
\xcd\x9b7\xef\xd8\xb1\x03\xcf\xba\x96L\xea\xea\xea\xb3f\
\xcd\xf2\xf4\xf4411\xa1n\x01\x00\x00\x90\x92\x92\x92\
\xe2p8nnnXd\xa0\x8d`\x94\x01\x10\x19\x1d\
:t\x98:u\xaa\xb3\xb3\xf37\xdf|C\xdd\x02\xc0\
\x7fl6\xfb\xc0\x81\x03\xfe\xfe\xfeEEE\xd4-@\
`\xd0\xa0A\xf3\xe7\xcf\x9f:u\xaa\xbc\xbc<u\x0b\
\x00\x00\xc0\xdf~\xf9\xe5\x97\xbf\xfe\xfa\x8b\xba\x02\xc4\x16\
._\x02\x10v\x9a\x9a\x9a\x93'Ovvv\x1e>\
|8\x93\xc9\xa4\xce\x01h\x13111\xcb\x96-K\
OO\xa7\x0e\x01ASQQquu\xf5\xf4\xf4\xec\
\xd3\xa7\x0fu\x0b\x00\x00\xc0\xc7RRR\x06\x0d\x1a\xd4\
\xd8\xd8H\x1d\x02b\x0b\xa3\x0c\x80\x90RUUut\
ttvv\x1e5j\x94\xb44\x0e\xb5\x81\xd8\xc2\xdd\
|%V\xff\xfe\xfd\xbd\xbc\xbc\xa6M\x9b\xa6\xac\xacL\
\xdd\x02\x00\x00\xf0\x09555\x03\x06\x0c\xc8\xc8\xc8\xa0\
\x0e\x01q\x86wz\x00\xc2EAA\xc1\xce\xce\xce\xd9\
\xd9y\xfc\xf8\xf1rrr\xd49\x00m\x08w\xf3\x95\
L\xf2\xf2\xf2\xce\xce\xce\xde\xde\xdefff\xd4-\x00\
\x00\x00\xffe\xe9\xd2\xa5Xd\xa0\xad\xe1\xa4\x0c\x80P\
\x90\x97\x97\x1f3f\x8c\xb3\xb3\xb3\x9d\x9d\x1d>4\x06\
\xb1WYY\xc9\xbb\x9bo]]\x1du\x0b\x08N\xe7\
\xce\x9d\xbd\xbd\xbd\xe7\xcc\x99\xa3\xa5\xa5E\xdd\x02\x00\x00\
\xf0\x19\xd1\xd1\xd1\xf6\xf6\xf6\xd4\x15 \xfe0\xca\x00P\
\xd2\xd0\xd0\xb0\xb5\xb5upp\x183f\x8c\x92\x92\x12\
u\x0e@\x9bc\xb3\xd9\xfb\xf7\xef\xf7\xf7\xf7/..\
\xa6n\x01\xc1\x19>|\xf8\xc2\x85\x0b\x1d\x1c\x1cp1\
&\x00\x00\x88\x84\xc2\xc2\xc2\xde\xbd{\xe3\xe5\x0a\x08\x00\
^\x1b\x01\x10000ppp\xb0\xb7\xb7\x1f6l\
\x18\x8b\xc5\xa2\xce\x01\x10\x10\xdc\xcdW\xd2\xc8\xcb\xcbO\
\x9f>}\xe1\xc2\x85\xfd\xfa\xf5\xa3n\x01\x00\x00\xf8\x02\
\xee\xee\xeeXd@00\xca\x00\x08\xce\x80\x01\x03x\
[\x0c\x1e2\x02\x92&%%\xc5\xd7\xd7\xf7\xd2\xa5K\
\xd4!  \xbc+\x95\xe6\xce\x9d\xab\xa9\xa9I\xdd\x02\
\x00\x00\xf0e~\xfb\xed\xb7\xb8\xb88\xea\x0a\x90\x14\xb8\
|\x09\xa0mIKK[ZZ\xda\xdb\xdb\x7f\xfb\xed\
\xb7]\xbat\xa1\xce\x01\x10\xb4\xec\xec\xec\x15+V\x84\
\x85\x85\xe1n\xbe\x12b\xf8\xf0\xe1\x8b\x16-rpp\
\xc01@\x00\x00\x10E\x8f\x1f?\x1e8p n{\
\x07\x02\x83\x932\x00mBEEe\xec\xd8\xb1\x0e\x0e\
\x0e\xe3\xc7\x8fo\xd7\xae\x1du\x0e\x00\x81\xca\xca\xcaM\
\x9b6\xed\xdc\xb9\x13/k$\x81\xbc\xbc\xfc\x8c\x193\
\x16.\x5c\xd8\xb7o_\xea\x16\x00\x00\x80\x16jhh\
\x98>}:^\xba\x80 a\x94\x01\xe0']]]\
{{{{{{+++<\xd0\x1a$\x16\xee\xe6\
+Qp\xa5\x12\x00\x00\x88\x8d\x15+V<x\xf0\x80\
\xba\x02$\x0b._\x02\xe0\x83\x1e=z\xd8\xdb\xdb;\
88\x98\x9b\x9b3\x18\xf8c\x05\x12\xed\xe2\xc5\x8b\x8b\
\x17/NKK\xa3\x0e\x816\x87+\x95\x00\x00@\x9c\
$&&\x8e\x1a5\x0a\x17\x5c\x83\x80\xe1\xdd#@\x0b\
1\x99\xcco\xbe\xf9\x86w\xe3^ccc\xea\x1c\x00\
z/^\xbc\xf0\xf1\xf19}\xfa4u\x08\xb4-\x5c\
\xa9\x04\x00\x00\xe2\xa7\xac\xac\xacO\x9f>\xb9\xb9\xb9\xd4\
! qp\xf9\x12\xc0\x97\x91\x97\x97\x1f5j\x94\xbd\
\xbd\xbd\x9d\x9d\x9d\x8e\x8e\x0eu\x0e\x80P\xa8\xae\xae\xde\
\xb8q\xe3\xb6m\xdb\xea\xeb\xeb\xa9[\xa0\x0d\xe1J%\
\x00\x00\x10W\x9e\x9e\x9eXd\x80\x04F\x19\x80f\xd1\
\xd0\xd0\x980a\x82\x83\x83\x83\x8d\x8d\x8d\x92\x92\x12u\
\x0e\x80\xb0\xe0r\xb9aaa?\xfe\xf8c~~>\
u\x0b\xb4\xa1!C\x86,Y\xb2\xc4\xd1\xd1\x11W*\
\x01\x00\x80\xf8\x09\x0e\x0e>q\xe2\x04u\x05H(\x5c\
\xbe\x04\xf0_\x0c\x0c\x0cx7\xee\x1d6l\x98\xb44\
FL\x80\x7f\xb8s\xe7\xce\xa2E\x8bn\xdc\xb8A\x1d\
\x02m\x85\xc9dN\x9c8\xd1\xc7\xc7\xe7\x9bo\xbe\xa1\
n\x01\xf8?\xf6\xee;\xae\xeaB\xff\xe3\xb8\xe7\xb0\xc5\
\x05\xee\xbd\xcd=1\x09\xadk\x98\x99z\x7f\x89\xe6\x0c\
Q\xb1\x9c8PA\x10\xd1\xd4DRq\xef\x89\x98\xb3\
\x14,\xf7\x9e\xe0\xd6r\xe1\x02s\x22\x02*C\xf0p\
8\x87\xdf\x1f\x98Y\xd7J\xe5\x1c>g\xbc\x9e\x7f\xf4\
\xe0\xde\xdb\xb5Wp\xce\xf1{\xde~\xcf\xf7\x0b\x00z\
q\xeb\xd6\xad\x06\x0d\x1a\xa4\xa6\xa6J\x87\xc0L\xf1&\
\x13\xf8\x13\xa5R\xf9\xde{\xef5m\xda\xd4\xc9\xc9\xe9\
\xa3\x8f>\xe2\x8a\x09\xc0k\xc5\xc7\xc7\x07\x04\x04\x84\x86\
\x86r1<Seoo\xef\xe9\xe99b\xc4\x88*\
U\xaaH\xb7\x00\x00\xa0/\x99\x99\x99\xdd\xbauc\x91\
\x81 F\x19 _\xb5j\xd5\x9c\x9c\x9c\x9c\x9c\x9c\x9a\
6m\xda\xa8Q\xa3\x82\x05\x0bJ\x17\x01\x86K\xadV\
\xcf\x9d;w\xd2\xa4I)))\xd2-\xd0\x8bR\xa5\
J\x0d\x1d:t\xe0\xc0\x81\x8e\x8e\x8e\xd2-\x00\x00\xe8\
\x97\xb7\xb7\xf7\xe9\xd3\xa7\xa5+`\xd6\xf8\xf8\x12\xccQ\
\x85\x0a\x15\x9c^\xe1\xe0\xe0 ]\x04\x18\x87\x1d;v\
\x8c\x181\xe2\xfa\xf5\xeb\xd2!\xd0\x8b:u\xea\x8c\x1a\
5\xea\xcb/\xbf\xb4\xb1\xb1\x91n\x01\x00@\xef\xd6\xac\
Y\xe3\xe1\xe1!]\x01s\xc7(\x03\xb3P\xb2d\xc9\
\x9cO$5m\xda\xb4I\x93&\xdc5\x09x[\xd7\
\xaf_\x1f1b\xc4\x8e\x1d;\xa4C\xa0\x17\xadZ\xb5\
\xf2\xf1\xf1i\xd3\xa6\x8dB\xc1\x81\x01\x00\xc0,\x5c\xba\
t\xa9Y\xb3f\xe9\xe9\xe9\xd2!0w\x1c{\xc1\x04\
\x95.]\xba\xd6\x9f\x95.]Z:\x0a0V))\
)\x93&M\x9a;w\xaeZ\xad\x96n\x81\x8eYZ\
Zv\xef\xde}\xd4\xa8Q\x0d\x1b6\x94n\x01\x00 \
\xef\xa4\xa6\xa6:99q\xf2/\x0c\x01\xd7\x94\x81q\
S*\x95\x95+W\xfe\xcb\x04S\xb8pa\xe9.\xc0\
\x14dgg\x87\x86\x86\x06\x04\x04\xc4\xc7\xc7K\xb7@\
\xc7\x0a\x15*4`\xc0\x80a\xc3\x86\x95+WN\xba\
\x05\x00\x80\xbc\xd6\xb7o_\x16\x19\x18\x08F\x19\x18\x13\
\x1b\x1b\x9b\x1a5j\xbc\xba\xbf\xd4\xa8Q\xc3\xd6\xd6V\
\xba\x0b0A\xc7\x8f\x1f\x1f6l\xd8\x993g\xa4C\
\xa0c\x15*T\xf0\xf6\xf6\xfe\xfa\xeb\xaf\xb9\xa89\x00\
\xc0<\xcd\x9e={\xd3\xa6M\xd2\x15\xc0\x0b||\x09\
\x86\xa8h\xd1\xa2\xe5\xcb\x97\xaf\xf0?J\x97.\xadp\
\x89\x06\x92\x00\x00 \x00IDATT*\xa5\xeb\x00\
\x13\xf7\xe0\xc1\x03??\xbf\xb5k\xd7r\xbbk\x13\xd3\
\xb8qc\x1f\x1f\x9f.]\xbaXZ\xf2G2\x00\x00\
3\x15\x19\x19\xf9\xf1\xc7\x1f\xf3\xa1l\x18\x0eF\x19\x88\
\xb1\xb6\xb6~\xed\xf2R\xbe|y{{{\xe9:\xc0\
\x1c\xa9T\xaa\x193fL\x992\xe5\xd9\xb3g\xd2-\
\xd0\x19\x85B\xd1\xae];\x1f\x1f\x9f\x96-[J\xb7\
\x00\x00 \xe9\xd1\xa3G\x8d\x1b7\xbe\x7f\xff\xbet\x08\
\xf0\x07\xfe\xac\x0czQ\xa8P\xa1\xa2\xbfstt,\
\xfa?\xca\x95+W\xb2dIn\xf3\x01\x18\x8eM\x9b\
6\xf9\xf9\xf9\xc5\xc6\xc6J\x87@glll<<\
<F\x8e\x1cY\xabV-\xe9\x16\x00\x00\x84i4\x9a\
\x1e=z\xb0\xc8\xc0\xd00\xca W\xfa\xf7\xef_\xad\
Z\xb5\xbf,/\x8e\x8e\x8eVVV\xd2i\x00\xde\xd4\
\xb1c\xc7|}}O\x9c8!\x1d\x02\x9d)P\xa0\
\xc0\xc0\x81\x03G\x8e\x1c\xc9\xbd\xe7\x00\x00\xc81~\xfc\
\xf8\x03\x07\x0eHW\x00\x7f\xc5y\x0a\xc8\x956m\xda\
l\xdf\xbe\xdd\xc2\xc2B:\x04\xc0\xbb\xb8z\xf5\xaa\xbf\
\xbf\xffO?\xfd$\x1d\x02\x9dqtt\x1c>|\xf8\
\x90!C\x1c\x1d\x1d\xa5[\x00\x000\x14\xdb\xb6m\xfb\
\xfc\xf3\xcf\xb9^\x1e\x0c\x10\xef\xa5\x91+111\xcf\
\x9f?o\xdd\xba\xb5t\x08\x80\xb7\xf3\xf0\xe1C\x1f\x1f\
\x9f\xaf\xbf\xfe:::Z\xba\x05\xbaQ\xa6L\x99\x89\
\x13'\xaeY\xb3\xa6u\xeb\xd6vvv\xd29\x00\x00\
\x18\x8a[\xb7n\xb5m\xdb6##C:\x04x\x0d\
\xce\x94\x81\x0e\xac[\xb7\xaeG\x8f\x1e\xd2\x15\x00\xdeH\
ZZZHHHHH\x08W\xf35\x19\xd5\xaaU\
\xf3\xf3\xf3\xeb\xd5\xab\x97\xb5\xb5\xb5t\x0b\x00\x00\x86E\
\xa5R5o\xde\xfc\xec\xd9\xb3\xd2!\xc0\xeb1\xca@\
\x07\xec\xec\xec\x22##\x1b5j$\x1d\x02\xe0\x9fd\
ee-_\xbe|\xc2\x84\x09\xf1\xf1\xf1\xd2-\xd0\x8d\
\xfa\xf5\xeb\x8f\x193\xa6K\x97.|\x8c\x14\x00\x80\xd7\
\x1a0`\xc0\xd2\xa5K\xa5+\x80\xbf\xc5(\x03\xdd\xa8\
X\xb1\xe2\x993g\x8a\x15+&\x1d\x02\xe0\xf5\xb6l\
\xd9\xe2\xef\xef\x7f\xed\xda5\xe9\x10\xe8\x86\x8b\x8bK@\
@@\xfb\xf6\xed\xa5C\x00\x000\x5caaa}\xfa\
\xf4\x91\xae\x00\xfe\x09\xa3\x0ct\xa6e\xcb\x96{\xf7\xee\
\xb5\xb4\xe4\x96^\x80a9~\xfc\xb8\xaf\xafodd\
\xa4t\x08t\xa3M\x9b6\x01\x01\x01\x1f}\xf4\x91t\
\x08\x00\x00\x06\xed\xc2\x85\x0b\xce\xce\xce\x5cJ\x06\x06N\
)\x1d\x00\xd3q\xe8\xd0\xa1Q\xa3FIW\x00\xf8\xc3\
\x8d\x1b7:w\xee\xec\xe2\xe2\xc2\x22c\x02\x94Je\
\xe7\xce\x9d\xcf\x9e=\xbbk\xd7.\x16\x19\x00\x00\xfeY\
JJJ\xe7\xce\x9dYd`\xf88S\x06:\x16\x1a\
\x1a\xca)\x82\x80\xb8G\x8f\x1eM\x9a4i\xc9\x92%\
YYY\xd2-\xc8-++\xab\x9e={\xfa\xf9\xf9\
\xbd\xf7\xde{\xd2-\x00\x00\x18\x87N\x9d:EDD\
HW\x00\xff\x8eQ\x06:fccs\xe4\xc8\x91\xf7\
\xdf\x7f_:\x040S\xe9\xe9\xe93g\xce\x9c6m\
Zjj\xaat\x0br\xcb\xce\xce\xae_\xbf~\xa3F\
\x8d\xaaP\xa1\x82t\x0b\x00\x00Fc\xc6\x8c\x19>>\
>\xd2\x15\xc0\x1ba\x94\x81\xee\x95-[\xf6\xcc\x993\
\xa5J\x95\x92\x0e\x01\xcc\x8bF\xa3\x09\x0d\x0d\xfd\xe6\x9b\
o\x1e<x \xdd\x82\xdc*\x5c\xb8\xb0\x97\x97\x97\xb7\
\xb7w\xf1\xe2\xc5\xa5[\x00\x000&G\x8f\x1euu\
u\xe5da\x18\x0bF\x19\xe8\x85\x8b\x8b\xcb\xc1\x83\x07\
\xad\xad\xad\xa5C\x00s\xb1m\xdb6??\xbf+W\
\xaeH\x87 \xb7\x8a\x17/>b\xc4\x08//\xafB\
\x85\x0aI\xb7\x00\x00`d\x1e>|\xd8\xb8q\xe3\xb8\
\xb88\xe9\x10\xe0M1\xca@_\xfa\xf5\xeb\xb7t\xe9\
R\xe9\x0a\xc0\xf4\x9d>}\xda\xd7\xd7\xf7\xf0\xe1\xc3\xd2\
!\xc8\xad\xe2\xc5\x8b\x8f\x1e=z\xd0\xa0A\xf6\xf6\xf6\
\xd2-\x00\x00\x18\x1f\x8dF\xd3\xaaU+\x0e\x8a`\x5c\
\xb8{1\xf4e\xd9\xb2e\x8d\x1b7\x1e8p\xa0t\
\x08`\xb2bcc\x03\x02\x02~\xf8\xe1\x87\xec\xecl\
\xe9\x16\xe4\x0as\x0c\x00\x13\x93\x99\x99\xa9R\xa9\x9e?\
\x7f\xaeR\xa9\xb4Zm\xbe|\xf9\xb2\x7f\xf7\xf2\xeb\xd7\
\xfe\x97/\xbf\xce\x97/\x9f\x95\x95\x95\x8d\x8d\x8d\xf5\x9f\
I\xfe[\xc1\xe0\x05\x04\x04\xb0\xc8\xc0\xe8p\xa6\x0c\xf4\
\xc8\xca\xca\xea\xc0\x81\x03-Z\xb4\x90\x0e\x01L\xcd\xa3\
G\x8f\xa6L\x99\xb2h\xd1\xa2\xcc\xccL\xe9\x16\xe4J\
\x89\x12%r\xe6\x98\xfc\xf9\xf3K\xb7\x000w*\x95\
*999%%\xe5\xe5__\xfd\x8f9\x0b\xcb\xf3\
\xdf\xbd\xf6\xeb\x97_\xe8\xefO\x0b^\x1dh\xfe2\xd9\
\xe4\xfcG\x1b\x1b\x1b{{\xfbB\x85\x0a\x15\xfc{9\
\xff+;\xb8\x89\xf9\xfe\xfb\xef{\xf5\xea%]\x01\xbc\
5F\x19\xe8W\xc9\x92%\xcf\x9c9S\xae\x5c9\xe9\
\x10\xc0D<}\xfa4$$d\xf6\xec\xd9\xcf\x9e=\
\x93nA\xae0\xc7\x00\xc8\x03\x19\x19\x19\x8f\x1e=J\
HHx\xf4\xe8\xd1\xa3G\x8f\x12\x13\x13\x93\x7f\xf7\xbf\
\xb3\x8bJ\xa5\x92\xee\xcdSJ\xa5\xb2@\x81\x02\xaf.\
5E\x8b\x16-V\xacX\xf1\xe2\xc5\x8b\xfd\x0f[[\
[\xe9^\xfc\x93\xc8\xc8\xc8V\xadZ\x99\xdbc\x18\xa6\
\x81Q\x06z\xe7\xe4\xe4t\xf4\xe8Q~'\x03r\xe9\
\xd9\xb3gs\xe7\xce\x9d>}\xfa\x93'O\xa4[\x90\
+%K\x96\x1c=z\xf4\xc0\x81\x03\x99c\x00\xe4F\
fff\xce\xda\xf2rs\xf9\xdf/X\xf0u\xc5\xde\
\xde\xfe\xb5cM\xce\x88S\xa6L\x99\xb2e\xcb\xda\xd9\
\xd9Ig\x9a\xa9\xdb\xb7o7m\xda4!!A:\
\x04x\x17\x8c2\xc8\x0b\x1e\x1e\x1e\xabW\xaf\x96\xae\x00\
\x8c\x95J\xa5Z\xb2d\xc9\x94)S\xe2\xe3\xe3\xa5[\
\x90+\xcc1\x00\xdeVRR\xd2\xbd{\xf7\xee\xde\xbd\
\x9b\xf3\xd7\x9c/\xee\xdd\xbb\xf7\xe8\xd1\xa3\xe4\xe4d\xe9\
:\xfc\x89\x83\x83C\xd9\xdf\x95+W\xae\xec+\x8a\x15\
+\xa6P\xf0\xceK/RSS]\x5c\x5c.]\xba\
$\x1d\x02\xbc#^\x1a\x90Gf\xcd\x9a\xe5\xed\xed-\
]\x01\x18\x99\xac\xac\xac\xb0\xb0\xb0\x89\x13'\xde\xbd{\
W\xba\x05\xb9R\xb2dI??\xbf\x81\x03\x07\xf2\xe7\
\xa8\x00\xfe\xd7\x93'O^\xce.\x7f\x19_\xd2\xd3\xd3\
\xa5\xeb\xa0\x03\xd6\xd6\xd69g\xd3\xbc\xaa|\xf9\xf2\x95\
+W.]\xba4{\xcd;\xd3j\xb5\x9f\x7f\xfe\xf9\
\xf6\xed\xdb\xa5C\x80w\xc7\xf3\x1fy\xc4\xc2\xc2b\xf7\
\xee\xdd\xadZ\xb5\x92\x0e\x01\x8cCvv\xf6\x86\x0d\x1b\
\xbe\xf9\xe6\x9b\x1b7nH\xb7 W\x98c\x00\xbc\x94\
\x9e\x9e\x1e\x1b\x1b{\xf3\xe6\xcd\x9b7o\xc6\xc4\xc4\xc4\
\xc4\xc4\xdc\xb9s\xe7\xde\xbd{|\xc8\xc8\x9c\xd9\xda\xda\
V\xae\x5c\xb9j\xd5\xaaU^Q\xb9re\xce\xa9|\
\x13\xa3F\x8d\x9a9s\xa6t\x05\x90+\x8c2\xc8;\
E\x8b\x16=s\xe6L\xa5J\x95\xa4C\x00C\xf7\xf3\
\xcf?\x8f\x1b7\xee\xc2\x85\x0b\xd2!\xc8\x95R\xa5J\
\xf9\xf9\xf9\x0d\x180\x809\x060C\xc9\xc9\xc911\
1/\xf7\x97\x9c/\xe2\xe2\xe2\xf4w[\x22\x98\x98R\
\xa5J\xbd:\xd3\xe4\xac6\x9cV\xf3\xaa\xe5\xcb\x97\xf7\
\xeb\xd7O\xba\x02\xc8-\x9e\xd2\xc8S\x0d\x1a4\x88\x8a\
\x8ab\xf8\x07\xfe\xce\xfe\xfd\xfb\xc7\x8e\x1d{\xf2\xe4I\
\xe9\x10\xe4\x0as\x0c`V\x92\x92\x92n\xdc\xb8\xf1\x97\
\xfd%11Q\xba\x0b&\xe8\xe5i5\xb5^Q\xb8\
pa\xe9.\x01\x87\x0e\x1d\xfa\xf4\xd3O\xd5j\xb5t\
\x08\x90[\x8c2\xc8k]\xbbv\xdd\xb8q\xa3t\x05\
`p\x8e\x1f?>v\xec\xd8\x83\x07\x0fJ\x87 W\
\x98c\x00\x93\x97\x98\x98x\xe5\xca\x95\xcb\xaf\xe0\x9e/\
\x90U\xa6L\x99\x9cu\xa6v\xed\xda9_\x94,Y\
R:J\xbfn\xde\xbc\xd9\xacY\xb3\xc7\x8f\x1fK\x87\
\x00:\xc0(\x03\x01\xc1\xc1\xc1\xfe\xfe\xfe\xd2\x15\x80\xa1\
\xf8\xf5\xd7_\x03\x03\x03\xb7m\xdb&\x1d\x82\x5c)U\
\xaa\x94\xbf\xbf\x7f\xff\xfe\xfd\x99c\x00S\x92\x94\x94t\
\xf9\xf2\xe5WW\x98G\x8f\x1eIG\x01\xff\xc2\xd1\xd1\
\xf1\xe5y49KM\x85\x0a\x15L\xe6sOO\x9f\
>uvv\xbev\xed\x9at\x08\xa0\x1b&\xf2\xcc\x84\
qQ*\x95\xdb\xb6mk\xdb\xb6\xadt\x08 \xec\xfa\
\xf5\xeb\xe3\xc7\x8f\xff\xe1\x87\x1f\xb8\xc4\x80Q+Z\xb4\
\xa8\xbf\xbf\xbf\x97\x97\x17s\x0c`\xec\x1e?~\x9c\xb3\
\xbc\xbc\x5ca\xe2\xe3\xe3\xa5\xa3\x00\x1d\xb0\xb7\xb7\x7f\xef\
\xbd\xf7\xea\xd6\xad\xdb\xb0a\xc3F\x8d\x1a5h\xd0\xc0\
\xc1\xc1A:\xea]dee\xb5m\xdbv\xdf\xbe}\
\xd2!\x80\xce0\xca@F\x91\x22EN\x9d:U\xbd\
zu\xe9\x10@\xc6\x9d;w&N\x9c\x18\x16\x16\xa6\
\xd1h\xa4[\xf0\xee\x0a\x16,8r\xe4\xc8\x91#G\
\x16*TH\xba\x05\xc0\xbb\xd0j\xb5\x97.]:z\
\xf4\xe8\xb1c\xc7\x8e\x1d;v\xef\xde=\xe9\x22 \x8f\
T\xaaT\xa9a\xc3\x869\x1bM\xc3\x86\x0d+T\xa8\
 ]\xf4F\xbc\xbc\xbc\x16.\x5c(]\x01\xe8\x12\xa3\
\x0c\xc4\xd4\xae]\xfb\xc4\x89\x13\x05\x0b\x16\x94\x0e\x01\xf2\
T|||PP\xd0\x92%K233\xa5[\xf0\
\xeelmm\xbd\xbc\xbc\xfc\xfd\xfd\x8b\x15+&\xdd\x02\
\xe0\xed\xa8T\xaa\xd3\xa7O\x1f;v\xec\xe8\xd1\xa3Q\
QQO\x9f>\x95.\x02\xe49::6\xfc]\xa3\
F\x8dj\xd6\xaciii)\x1d\xf5W\x0b\x16,\x18\
2d\x88t\x05\xa0c\x8c2\x90\xd4\xa1C\x87\x88\x88\
\x08\x93\xf9\x80+\xf0\xcf\x9e<y2m\xda\xb4\xb9s\
\xe7\xa6\xa7\xa7K\xb7\xe0\xddYZZ~\xfd\xf5\xd7\x81\
\x81\x81e\xcb\x96\x95n\x01\xf0\xa6\x92\x93\x93\xa3\xa2\xa2\
r\xce\x889u\xea\x94J\xa5\x92.\x02\x0c\x9a\x8d\x8d\
M\xdd\xbausN\xa2\xc9\x99i\xc4o\x9f\xbag\xcf\
\x9ev\xed\xdaq\x8a1L\x0fo\x86!,   \
((H\xba\x02\xd0\xaf\xb4\xb4\xb4\xd9\xb3g\x87\x84\x84\
$''K\xb7\xe0\xdd)\x95\xca/\xbf\xfcr\xc2\x84\
\x09U\xabV\x95n\x01\xf0\xef\x1e<x\x90s:\xcc\
\xd1\xa3G/^\xbc\xa8\xd5j\xa5\x8b\x00ceii\
Y\xb7n]\xe7\xdf\xd5\xa8Q#\x8f\xffT5::\
\xfa\x83\x0f>\xe08\x0a&\x89Q\x06\xf2\x16-Z4\
p\xe0@\xe9\x0a@/\xd2\xd2\xd2\x16,X\x10\x12\x12\
\x92\x98\x98(\xdd\x82\x5cqss\xfb\xf6\xdbo\xeb\xd6\
\xad+\x1d\x02\xe0\x9f\x5c\xbbv-\xe7t\x98\xa3G\x8f\
\xc6\xc6\xc6J\xe7\x00\xa6\xa9H\x91\x22\xcd\x9a5k\xd6\
\xac\x99\xb3\xb3s\xb3f\xcd\x1c\x1d\x1d\xf5\xfa\x8fKJ\
Jj\xd6\xacYLL\x8c^\xff)\x80\x14F\x19\xc8\
\xb3\xb0\xb0\xd8\xbcys\x87\x0e\x1d\xa4C\x00]JM\
M\x9d7o\xde\xcc\x993\x93\x92\x92\xa4[\x90+\xad\
Z\xb5\x0a\x0a\x0aj\xd6\xac\x99t\x08\x80\xd7\xc8\xca\xca\
\xfa\xe5\x97_rN\x879v\xecXBB\x82t\x11\
`v\xaaW\xaf\x9es\x06M\xb3f\xcd\xea\xd7\xafo\
ee\xa5\xc3_\x5c\xadV\xb7n\xdd\xfa\xf0\xe1\xc3:\
\xfc5\x01\x83\xc2(\x03\x83`gg\xb7o\xdf>\x17\
\x17\x17\xe9\x10@\x07RRR\xe6\xce\x9d;k\xd6\xac\
\xc7\x8f\x1fK\xb7 W\x9a5k6e\xca\x14WW\
W\xe9\x10\x00\x7f\xf2\xfc\xf9\xf3\xe3\xc7\x8f\xe7\x0c1'\
N\x9cHKK\x93.\x02\xf0\x82\x9d\x9d]\xe3\xc6\x8d\
_~\xd0\xa9\x5c\xb9r\xb9\xfc\x05\xbf\xfa\xea\xab\x95+\
W\xea\xa4\x0d0L\x8c20\x14\x8e\x8e\x8e\x91\x91\x91\
5k\xd6\x94\x0e\x01\xde]rr\xf2\x9c9sf\xcf\
\x9e\xfd\xe4\xc9\x13\xe9\x16\xe4J\xbdz\xf5&O\x9e\xfc\
\xf9\xe7\x9fK\x87\x00xA\xadV\x9f>}\xfa\xc0\x81\
\x03\x07\x0e\x1c\x88\x8a\x8a\xe2J\xbd\x80Q\xa8T\xa9\xd2\
\x7f~W\xa5J\x95\xb7\xfd\xbf\xcf\x981\xc3\xc7\xc7G\
\x1fa\x80\xe1`\x94\x81\x01\xa9X\xb1\xe2\xf1\xe3\xc7K\
\x97.-\x1d\x02\xbc\xb5\xa7O\x9f\xe6\xcc1\xdcZ\xd5\
\xd8U\xadZu\xd2\xa4I\xdd\xbbwW*\x95\xd2-\
\x80\xb9\xd3j\xb5\xbf\xfc\xf2K\xce\x10s\xf4\xe8Q\xce\
\x88\x01\x8cZ\xb9r\xe5^\x0e45j\xd4\xf8\xd7\xbf\
\x7f\xeb\xd6\xadnnn\x5c\xa2\x1b&\x8fQ\x06\x86\xa5\
A\x83\x06G\x8e\x1c)T\xa8\x90t\x08\xf0\xa6\x9e<\
y2{\xf6\xec9s\xe6pG\x00cW\xae\x5c\xb9\
q\xe3\xc6\xf5\xed\xdb\xd7\xd2\xd2R\xba\x050kW\xae\
\x5c\xc9\x19b\x0e\x1d:\xc4\x89\x87\x80I*]\xba\xf4\
G\x1f}\x943\xd0\xd4\xae]\xfb\x7f\xff\x86\x8b\x17/\
\xba\xb8\xb80\xc5\xc2\x1c0\xca\xc0\xe0\xb8\xba\xba\xee\xdc\
\xb9\xd3\xda\xdaZ:\x04\xf8\x17\x8f\x1f?\x9e5k\xd6\
\xdc\xb9sSRR\xa4[\x90+\xc5\x8a\x15\x0b\x08\x08\
\x184h\x90\xad\xad\xadt\x0b`\xa6bcc\x0f\xfc\
.>>^:\x07@\xde)^\xbc\xf8\xcb\x81\xa6^\
\xbdz\x0a\x85\xe2\xd1\xa3G\xef\xbf\xff\xfe\xed\xdb\xb7\xa5\
\xd3\x80\xbc\xc0(\x03C\xd4\xa3G\x8f\xb5k\xd7*\x14\
<>a\xa0\x92\x92\x92f\xce\x9c9o\xde\xbc\xd4\xd4\
T\xe9\x16\xe4J\xa1B\x85F\x8d\x1a5b\xc4\x88\x82\
\x05\x0bJ\xb7\x00f\xe7\xfe\xfd\xfb\x07\x0f\x1e\xcc\x19b\
x\xf7\x05 _\xbe|\x8e\x8e\x8e\x1f~\xf8\xe1\x9d;\
w\xce\x9f?/\xdd\x02\xe4\x11\xde\xf4\xc2@\x8d\x1a5\
*$$D\xba\x02\xf8\xab\xc4\xc4\xc4\x193f\xcc\x9f\
?\x9f\xf3i\x8d\x9d\x95\x95\xd5\xc0\x81\x03\xc7\x8d\x1bW\
\xbcxq\xe9\x16\xc0\x8c$&&\x1e:t(g\x88\
\xb9v\xed\x9at\x0e\x00\x00\xc2\x18e`\xb8f\xce\x9c\
9b\xc4\x08\xe9\x0a\xe0\x85\x84\x84\x84\x90\x90\x90\x85\x0b\
\x172\xc7\x98\x80\xce\x9d;\x07\x07\x07W\xabVM:\
\x040\x0b)))G\x8e\x1c\xc9\x19b.\x5c\xb8\x90\
\x9d\x9d-]\x04\x00\x80\xa1`\x94\x81\xe1R(\x14\xeb\
\xd7\xaf\xef\xd6\xad\x9bt\x08\xcc\xdd\xa3G\x8f\xa6O\x9f\
\xbeh\xd1\xa2g\xcf\x9eI\xb7 \xb7\x9a7o\x1e\x12\
\x12\xe2\xec\xec,\x1d\x02\x988\xadV{\xe6\xcc\x99]\
\xbbv\xed\xde\xbd\xfb\xe4\xc9\x93\x1a\x8dF\xba\x08\x00\x00\
C\xc4(\x03\x83fmm\xbdk\xd7\xae\x8f?\xfeX\
:\x04f*>>~\xda\xb4i\x8b\x17/NOO\
\x97nAn\xd5\xa8Qc\xea\xd4\xa9nnn\xd2!\
\x80)\x8b\x8b\x8b\xdb\xbd{\xf7\xae]\xbb\xf6\xed\xdb\x97\
\x94\x94$\x9d\x03\x00\x80\xa1c\x94\x81\xa1+\x5c\xb8\xf0\
\x91#G\xea\xd7\xaf/\x1d\x02\xf3\xf2\xf0\xe1\xc3\xa9S\
\xa7.Y\xb2$##C\xba\x05\xb9U\xa2D\x89\x09\
\x13&\xf4\xeb\xd7\x8f{]\x03\xfa\xa0R\xa9\x8e\x1d;\
\x96\xb3\xc5\x5c\xbcxQ:\x07\x00\x00c\xc2(\x03#\
P\xa6L\x99\xe3\xc7\x8fW\xa8PA:\x04f!.\
.n\xea\xd4\xa9K\x97.e\x8e1\x01\xf9\xf3\xe7\x1f\
5j\x94\xaf\xaf/7W\x02t\xee\xc6\x8d\x1b9\x9f\
N:x\xf0 \xa7\x13\x02\x00\xf0n\x18e`\x1cj\
\xd7\xae}\xec\xd81\x07\x07\x07\xe9\x10\x98\xb2\xd8\xd8\xd8\
\xe9\xd3\xa7\xafZ\xb5\xea\xf9\xf3\xe7\xd2-\xc8-\x0b\x0b\
\x8b\xbe}\xfbN\x9c8\xb1t\xe9\xd2\xd2-\x80\xe9H\
MM\xdd\xbf\x7f\xff\xee\xdd\xbbw\xef\xde}\xeb\xd6-\
\xe9\x1c\x00\x00\x8c\x1e\xa3\x0c\x8cF\x8b\x16-\xf6\xee\xdd\
kkk+\x1d\x02\x13t\xe1\xc2\x85\xa9S\xa7n\xdc\
\xb8\x91KQ\x9a\x86\xf6\xed\xdbO\x9d:\xb5N\x9d:\
\xd2!\x80)\xc8\xce\xce>\x7f\xfe|\xce\xa7\x93\x8e\x1f\
?\xaeV\xab\xa5\x8b\x00\x000\x1d\x8c20&\x1d;\
v\xdc\xb4i\x93R\xa9\x94\x0e\x81\xe9\x88\x8c\x8c\x0c\x0e\
\x0e\xde\xbe}\xbbt\x08t\xa3I\x93&\xd3\xa7O\xe7\
\xea\xe0@\xee=z\xf4h\xcf\x9e=\xbbw\xef\xde\xb3\
g\xcf\xa3G\x8f\xa4s\x00\x000M\x8c202^\
^^\xf3\xe7\xcf\x97\xae\x80)\xd8\xb9sgpp\xf0\
\xd1\xa3G\xa5C\xa0\x1b\x95*U\x9a2eJ\xf7\xee\
\xdd\x15\x0a~k\x03\xdeQVVVTTT\xce\x95\
b\xce\x9f?\x9f\x9d\x9d-]\x04\x00\x80\x89\xe3\xc8\x15\
\xc6g\xca\x94)c\xc6\x8c\x91\xae\x80\xb1\xd2h4?\
\xfe\xf8\xe3w\xdf}\xf7\xeb\xaf\xbfJ\xb7@7\x1c\x1d\
\x1d\x03\x03\x03\xbd\xbc\xbc\xac\xad\xad\xa5[\x00\xa3\xf4\xf8\
\xf1\xe3\x9d;wn\xdb\xb6m\xd7\xae]O\x9f>\x95\
\xce\x01\x00\xc0\x8c0\xca\xc0(\xadZ\xb5\xaaw\xef\xde\
\xd2\x1502*\x95*,,l\xda\xb4i111\
\xd2-\xd0\x0d\x1b\x1b\x9ba\xc3\x86\x05\x04\x04\x14)R\
D\xba\x050>W\xaf^\xdd\xb6m\xdb\xd6\xad[#\
##\xb9\xa2\x16\x00\x00\x22\x18e`\x94,--\xb7\
m\xdb\xd6\xa6M\x1b\xe9\x10\x18\x87\xd4\xd4\xd4\xc5\x8b\x17\
\xcf\x9a5+..N\xba\x05\xba\xa1P(\xdc\xdd\xdd\
'O\x9e\x5c\xb1bE\xe9\x16\xc0\x98\xa8\xd5\xea\xa3G\
\x8f\xe6l17o\xde\x94\xce\x01\x00\xc0\xdc1\xca\xc0\
X\x15(P\xe0\xd0\xa1CM\x9a4\x91\x0e\x81AK\
LL\x9c3g\xce\x82\x05\x0b\x9e<y\x22\xdd\x02\x9d\
i\xd1\xa2\xc5\xec\xd9\xb3y\xfa\x03o\xee\xf1\xe3\xc7;\
v\xec\xc8\xf9\x80Rrr\xb2t\x0e\x00\x00x\x81Q\
\x06F\xacd\xc9\x92QQQU\xaaT\x91\x0e\x81!\
\xbas\xe7\xce\x8c\x193\x96/_\x9e\x9e\x9e.\xdd\x02\
\x9d\xa9X\xb1\xe2\xb4i\xd3\xbav\xed*\x1d\x02\x18\x87\
\xe8\xe8\xe8\x9c\x93b\xa2\xa2\xa2\xf8\x80\x12\x00\x00\x06\x88\
Q\x06\xc6\xadZ\xb5jQQQ\xc5\x8b\x17\x97\x0e\x81\
\x01\x89\x8e\x8e\x9e:u\xea\xbau\xeb\xd4j\xb5t\x0b\
t\xc6\xde\xde\xde\xdf\xdf\xdf\xc7\xc7\xc7\xd6\xd6V\xba\x05\
0hj\xb5\xfa\xc8\x91#9[\x0c\x97\xd0\x02\x00\xc0\
\xc01\xca\xc0\xe8\xbd\xff\xfe\xfb\x07\x0e\x1c\xb0\xb7\xb7\x97\
\x0e\x81\xbc\xd3\xa7O\x07\x07\x07o\xd9\xb2\x85\xdb\xb8\x9a\
\x12\x85B\xd1\xb3g\xcf\xe0\xe0\xe0\xb2e\xcbJ\xb7\x00\
\x86+)))\xe7\x03J\xbbw\xef\xe6\x03J\x00\x00\
\x18\x0bF\x19\x98\x82v\xed\xda\xfd\xf4\xd3O\x96\x96\x96\
\xd2!\x10\xb3o\xdf\xbe\xef\xbe\xfbn\xff\xfe\xfd\xd2!\
\xd01gg\xe7\xd9\xb3g7k\xd6L:\x040P\
W\xae\x5c\xd9\xbau\xeb\xb6m\xdb\x8e\x1f?\xce\x07\x94\
\x00\x000:\x8c20\x11\xdd\xbbw_\xb3f\x8d\x85\
\x85\x85t\x08\xf2TvvvDDDpp\xf0\x99\
3g\xa4[\xa0c\xe5\xca\x95\x9b:uj\x8f\x1e=\
\x14\x0a~\xab\x02\xfe$;;\xfb\xf8\xf1\xe3\xe1\xe1\xe1\
[\xb6l\xe1\x03J\x00\x00\x185\x8eta:\xdc\xdd\
\xddW\xaf^\xadT*\xa5C\x90\x17T*\xd5\xda\xb5\
k\xa7O\x9f~\xf5\xeaU\xe9\x16\xe8\x98\x9d\x9d\xdd\xe8\
\xd1\xa3G\x8f\x1e\x9d?\x7f~\xe9\x16\xc0\x80dee\
\x1d>|8<<<\x22\x22\x22..N:\x07\x00\
\x00\xe8\x00\xa3\x0cL\x8a\x87\x87\xc7\xaaU\xab\xd8eL\
[bb\xe2\xa2E\x8b\x16,X\x10\x1f\x1f/\xdd\x02\
\xdd\xeb\xd1\xa3\xc7\xd4\xa9S\xcb\x97//\x1d\x02\x18\x0a\
\x95J\xb5g\xcf\x9e\xf0\xf0\xf0\x9f\x7f\xfe\xf9\xf1\xe3\xc7\
\xd29\x00\x00@\x97\x18e`j\xfa\xf4\xe9\xb3b\xc5\
\x0av\x19\x93t\xed\xda\xb5Y\xb3f\xad^\xbd:#\
#C\xba\x05\xba\xe7\xe4\xe44g\xce\x1c\x17\x17\x17\xe9\
\x10\xc0 \xa4\xa5\xa5\xed\xd8\xb1#<<|\xfb\xf6\xed\
iii\xd29\x00\x00@/\x18e`\x82\xfa\xf6\xed\
\xbb|\xf9r\xaeCaJ\x0e\x1d:4s\xe6\xccm\
\xdb\xb6q[%\x93T\xbat\xe9\xe0\xe0\xe0^\xbdz\
\xf1\xb4\x05\x1e?~\xbcu\xeb\xd6\xcd\x9b7\xef\xdd\xbb\
\xf7\xf9\xf3\xe7\xd29\x00\x00@\xbf8\xfc\x85i\xea\xd7\
\xaf\xdf\x92%Kx\x83g\xec\xb2\xb2\xb26n\xdc8\
s\xe6\xccs\xe7\xceI\xb7@/lmmG\x8e\x1c\
9f\xcc\x98\x02\x05\x0aH\xb7\x00\x92\xe2\xe2\xe2\xb6l\
\xd9\x12\x1e\x1e~\xe8\xd0\xa1\xac\xac,\xe9\x1c\x00\x00\x90\
Gx\xcb\x0a\x935p\xe0\xc0\x85\x0b\x17\xb2\xcb\x18\xa9\
\xe4\xe4\xe4\xa5K\x97\xce\x9d;\xf7\xde\xbd{\xd2-\xd0\
\x97\xce\x9d;O\x9f>\xbdR\xa5J\xd2!\x80\x98[\
\xb7nEDDl\xde\xbc\xf9\xf8\xf1\xe3\x9c\x09\x08\x00\
\x80\x19\xe2\xfd*L\xd9\xe0\xc1\x83\x17,X ]\x81\
\xb7\xf3\xdbo\xbf\xcd\x9e={\xc5\x8a\x15\x5cC\xc1\x84\
5l\xd8p\xce\x9c9\x1f}\xf4\x91t\x08 \xe3\xca\
\x95+\xe1\xe1\xe1\xe1\xe1\xe1\xe7\xcf\x9f\x97n\x01\x00\x00\
\x92\x18e`\xe2\x86\x0e\x1d:w\xee\x5c\xe9\x0a\xbc\x91\
\x13'N\xcc\x981#\x22\x22B\xa3\xd1H\xb7@_\
J\x96,\x19\x14\x14\xe4\xe9\xe9\xc9\xd5\xb8a\x86\xce\x9e\
=\x9b\xb3\xc5\x5c\xbdzU\xba\x05\x00\x00\x18\x04F\x19\
\x98>oo\xefY\xb3fIW\xe0oi\xb5\xda\x88\
\x88\x88\x993gFEEI\xb7@\x8f\x0a\x16,\xe8\
\xe3\xe33r\xe4H.\x1f\x03ss\xfe\xfc\xf9\x0d\x1b\
6\xfc\xf0\xc3\x0f\xbf\xfd\xf6\x9bt\x0b\x00\x000,\x8c\
20\x0b>>>\xd3\xa7O\x97\xae\xc0_\xa5\xa5\xa5\
\x85\x86\x86\xce\x9e=;66V\xba\x05zdmm\
=h\xd0\xa0\xb1c\xc7\x16/^\x5c\xba\x05\xc8;W\
\xae\x5c\xd9\xb0a\xc3\xc6\x8d\x1b\xaf_\xbf.\xdd\x02\x00\
\x00\x00\x88\xf2\xf3\xf3\xcb\x86\xc1\xb8w\xef\x9e\x9f\x9f_\
\x91\x22E\xa4\x1f\x17\xd0/\xa5R\xe9\xe1\xe1q\xeb\xd6\
-\xe9G\x1c\x90wn\xdc\xb81y\xf2\xe4z\xf5\xea\
I?\xff\x00\x00\x00\x00C\x12\x10\x10 }\xac\x8e\xec\
\xf3\xe7\xcf\xf7\xec\xd9\xd3\xca\xcaJ\xfa\xe1\x00\xbdk\xdf\
\xbe\xfd\x85\x0b\x17\xa4\x1fq@\x1e\xb9s\xe7NHH\
\x88\x93\x93\x93\xf43\x0f\x00\x00\x000T\xe3\xc6\x8d\x93\
>n7SZ\xadv\xdb\xb6m\x1f\x7f\xfc\xb1\xf4C\
\x00y\xe1\x83\x0f>8r\xe4\x88\xf4\x83\x0e\xc8\x0b\x0f\
\x1f>\x9c7o^\xf3\xe6\xcd\x15\x0a>\x12\x0e\x00\x00\
\x00\xfc\x9b\x09\x13&H\x1f\xc3\x9b\x97\xd4\xd4\xd4\x85\x0b\
\x17\xd6\xaaUK\xfa'\x8f\xbcP\xbbv\xed-[\xb6\
H?\xe8\x00\xbdKLL\x5c\xbat\xa9\xab\xab+\xf7\
\x11\x03\x00\x00\x00\xde\xce\xb7\xdf~+}<o\x16\xae\
_\xbf>|\xf8\xf0\xc2\x85\x0bK\xff\xc0\x91\x17\xca\x97\
/\xbfr\xe5\xca\xac\xac,\xe9\xc7\x1d\xa0G\xc9\xc9\xc9\
aaam\xdb\xb6\xe53\x98\x00\x00\x00\xc0\xbb\x9b2\
e\x8a\xf4\xb1\xbd\xc9\xd2j\xb5\xdb\xb7o\xff\xec\xb3\xcf\
8\x99\xdfL8::\x86\x84\x84dddH?\xf4\
\x00}y\xf6\xec\xd9\x86\x0d\x1b:v\xechcc#\
\xfd\x84\x03\x00\x00\x00L\xc2\xd4\xa9S\xa5\x8f\xf3M\xcd\
\x93'Of\xce\x9cY\xb5jU\xe9\x9f-\xf2H\xfe\
\xfc\xf9\x03\x02\x02\x9e>}*\xfd\xd0\x03\xf4\xe2\xf9\xf3\
\xe7[\xb6l\xe9\xde\xbd\xbb\xbd\xbd\xbd\xf4\xb3\x0d\x00\x00\
\x0009!!!\xd2\xc7\xfc&\xe2\xe2\xc5\x8b\x03\x06\
\x0c\xe0}\x8b\xf9\xb0\xb4\xb4\x1c8p\xe0\x83\x07\x0f\xa4\
\x1fz\x80\xeei4\x9a={\xf6\xf4\xee\xdd\x9bO_\
\x02\x00\x00\x00\xfa5k\xd6,\xe9\xe3\x7f#\x96\x95\x95\
\xb5y\xf3f\xee\xa9dV\x14\x0aE\xd7\xae]\xaf_\
\xbf.\xfd\xe8\x03t\xef\xc2\x85\x0b\xbe\xbe\xbee\xca\x94\
\x91~\x9e\x01\x00\x00\x00fc\xee\xdc\xb9\xd2o\x04\x8c\
OBB\xc2\x94)S\xca\x97//\xfd\xd3C\x9e\xfa\
\xe4\x93O\xce\x9c9#\xfd\xe8\x03t,..n\xc6\
\x8c\x19\x0d\x1a4\x90~\x86\x01\x00\x00\x00fi\xc1\x82\
\x05\xd2o\x0a\x8c\xc6\x993gz\xf7\xee\xcd\xd5.\xcd\
M\x93&M\xf6\xee\xdd+\xfd\xe8\x03t\xe9\xd9\xb3g\
k\xd7\xaem\xd3\xa6\x8d\x85\x85\x85\xf43\x0c\x00\x00\x00\
0c\x0a\x85b\xf1\xe2\xc5\xd2o\x10\x0cZff\xe6\
\xda\xb5k\x9d\x9d\x9d\xa5\x7fV\xc8k\xd5\xabW\xdf\xb8\
q\xa3V\xab\x95~\x0c\x02\xba\xa1\xd1h\xf6\xef\xdf\xdf\
\xa7O\x9f\x82\x05\x0bJ?\xbd\x00\x00\x00\x00\xe4\xcb\x97\
/_>\x85B\xb1t\xe9R\xe97\x0b\x86\xe8\xc1\x83\
\x07\xe3\xc7\x8f/U\xaa\x94\xf4\x8f\x08y\xadT\xa9R\
\x8b\x16-R\xab\xd5\xd2\x8fA@7.]\xba\xe4\xe7\
\xe7W\xae\x5c9\xe9\xe7\x16\x00\x00\x00\x80\xff\xa1P(\
V\xacX!\xfd\xae\xc1\x80\x1c;v\xac[\xb7nV\
VV\xd2?\x19\xe4\xb5\xc2\x85\x0b\x07\x05\x05={\xf6\
L\xfa1\x08\xe8\xc0\xc3\x87\x0fg\xcd\x9a\xd5\xb8qc\
\xe9'\x16\x00\x00\x00\x80\x7f\xa4T*9_&##\
c\xe5\xca\x95\x8d\x1a5\x92\xfei@\x80\x8d\x8d\xcd\xa8\
Q\xa3\x12\x13\x13\xa5\x1f\x86@n\xa5\xa7\xa7\xaf_\xbf\
\xbem\xdb\xb6\x96\x96\x96\xd2O,\x00\x00\x00\x00ol\
\xca\x94)\xd2\xef&d\xc4\xc4\xc4\xf8\xf9\xf9\x15-Z\
T\xfa'\x00\x01\x16\x16\x16\x9e\x9e\x9ew\xee\xdc\x91~\
\x18\x02\xb9\xa2\xd5j\x0f\x1e<\xe8\xe9\xe9Y\xa8P!\
\xe9g\x15\x00\x00\x00\x80w\xe2\xed\xedm>W6U\
\xab\xd5\x9b6m\xfa\xf4\xd3O\x15\x0a\x85\xf47\x1e2\
:t\xe8p\xf9\xf2e\xe9G\x22\x90+W\xae\x5c\x19\
3fL\x85\x0a\x15\xa4\x9fO\x00\x00\x00\x00r\xcd\xdd\
\xdd=33S\xfa]\x86~\xc5\xc6\xc6\x06\x04\x04p\
\x11_s\xf6\xe1\x87\x1fFFFJ?\x12\x81w\xf7\
\xf8\xf1\xe3y\xf3\xe6999I?\x99\x00\x00\x00\x00\
\xe8\xd4g\x9f}f\x92\xd7:U\xab\xd5\x9b7on\
\xd3\xa6\x0d\xa7\xc6\x98\xb3z\xf5\xeam\xdb\xb6M\xfa\xc1\
\x08\xbc#\xadV\xbbo\xdf\xbe\x1e=z\xd8\xda\xdaJ\
?\x99\x00\x00\x00\x00\xe8\x87\xb3\xb3sRR\x92\xf4\xbb\
\x0f\x9d\xb9u\xeb\xd6\xd8\xb1cK\x97.-\xfd}\x85\
\xa4\x8a\x15+\xae^\xbdZ\xa3\xd1H?\x1e\x81wq\
\xe7\xce\x9dI\x93&U\xae\x5cY\xfa\x99\x04\x00\x00\x00\
@\xffj\xd7\xae}\xf7\xee]\xe9\xb7!\xb9\xa2V\xab\
#\x22\x22>\xfb\xec3\xa5R)\xfd\xed\x84\xa4b\xc5\
\x8a\xcd\x9e=[\xa5RI?$\x81\xb7\xa6R\xa9~\
\xfc\xf1G^\xc7\x00\x00\x00\x00\xb3S\xbe|\xf9\xe8\xe8\
h\xe9\xb7$\xef\xe2\xb7\xdf~\x0b\x0c\x0c,S\xa6\x8c\
\xf4\xb7\x10\xc2\xec\xed\xed\xc7\x8d\x1b\x97\x9c\x9c,\xfd\x90\
\x04\xde\xda\xa5K\x97F\x8c\x18Q\xacX1\xe9\xa7\x11\
\x00\x00\x00\x00!E\x8b\x16=y\xf2\xa4\xf4{\x937\
\x95\x95\x95\xb5e\xcb\x96\xb6m\xdb\xf2G\xca\xb0\xb2\xb2\
\x1a2d\xc8\xc3\x87\x0f\xa5\x1f\x95\xc0\xdbIIIY\
\xbati\xb3f\xcd\xa4\x9fC\x00\x00\x00\xfa\xc25>\
\x81\xb7`oo\x1f\x1e\x1e\xfe\xe9\xa7\x9fJ\x87\xfc\x93\
;w\xee,_\xbe|\xc5\x8a\x15\x0f\x1e<\x90n\x81\
0KKK\x0f\x0f\x8f\xc0\xc0\xc0*U\xaaH\xb7\x00\
o\xe1\xd8\xb1c+V\xac\xf8\xf1\xc7\x1f\x9f={&\
\xdd\x02 _\xbe|\xf9,,,\x1c\x1c\x1c\x1c\x1c\x1c\
\x1c\x1d\x1d\x1d\x1c\x1c\x0a\x17.lccc\xfd;+\
+\xab\xbf|\xf1w_\xff\xf3\x7f\x99/_>\xb5Z\
\xadV\xab3\x7f\xf7\xf2\xeb\xd7\xfe\x97o\xf27df\
f\xa6\xa4\xa4<y\xf2\xe4\xc9\x93'\x8f\x1f?~\xf2\
\xe4Iff\xa6\xf4\xb7\x13\x00\xfe\xc0(\x03\xbc\x1dk\
k\xeb\xb0\xb0\xb0\xee\xdd\xbbK\x87\xfc\x95F\xa3\xd9\xbe\
}\xfb\xd2\xa5Kw\xee\xdc\xa9\xd5j\xa5s \xcc\xc2\
\xc2\x22g\x8e\xa9Z\xb5\xaat\x0b\xf0\xa6\xe2\xe3\xe3\xc3\
\xc2\xc2V\xae\x5cy\xed\xda5\xe9\x16\xc0\xf4)\x95\xca\
\xc2\x85\x0b\xe7\x8c,\xaf\x0e.\xaf\xfd\xba`\xc1\x82\xd2\
\xbd:\x93\x9e\x9e\xfer\xa0y\xe9\xd5\xff\xf8\xea\xd7Y\
YY\xd2\xbd\x00L\x1c\xa3\x0c\xf0\xd6\x94J\xe5\x9c9\
s\x86\x0c\x19\x22\x1d\xf2\xc2\xdd\xbbwsN\x8d\xb9\x7f\
\xff\xbet\x0b\xe4YXX\xf4\xec\xd9300\xb0Z\
\xb5j\xd2-\xc0\x1b\xd1h4;v\xecX\xb1b\xc5\
\xf6\xed\xdby\xff\x03\xe8\x84\xbd\xbd}\xf9\xf2\xe5\xcb\x95\
+W\xbe|\xf9\xe2\xc5\x8b\xbf\xba\xb0\xbcz\xb6\x8bB\
\xc1{\x81\x7f\x91\x9a\x9a\xfa\xda\xb1&11\xf1\xde\xbd\
{w\xef\xde\xbd{\xf7\xee\xd3\xa7O\xa53\x01\x181\
^\x88\x81w4~\xfc\xf8\x89\x13'\x0a\x06\xe4\xbc\x8d\
\xc995F\xa3\xd1\x08\x96\xc0@0\xc7\xc0\xe8\xdc\xb8\
qc\xe5\xca\x95aaaqqq\xd2-\x80\xf1\xb1\
\xb5\xb5\xcd\x99]^\xee//988H\xd7\x99\x91\
\xb4\xb4\xb4\xbbw\xef\xbe\xdch^\x95\x96\x96&]\x07\
\xc0\xd01\xca\x00\xefn\xe0\xc0\x81\x0b\x16,\xc8\xfb+\
\xe9\xc6\xc4\xc4\x84\x85\x85\x85\x86\x86\xde\xbbw/\x8f\xff\
\xd10L\x16\x16\x16\xee\xee\xee\x81\x81\x81\xd5\xabW\x97\
n\x01\xfe]FF\xc6\x8f?\xfe\xb8b\xc5\x8a#G\
\x8eH\xb7\x00\x86\xce\xca\xca\xaal\xd9\xb2\xaf\x0e./\
\xf7\x97\xe2\xc5\x8bK\xd7\xe1_$''\xff\xefR\x93\
3\xdfdddH\xd7\x010\x08\x8c2@\xaet\xee\
\xdcy\xed\xda\xb59\x97\xa6\xd3\xb7g\xcf\x9e\xfd\xf8\xe3\
\x8f\xa1\xa1\xa1G\x8f\x1e\xcd\xce\xce\xce\x83\x7f\x22\x0c\x9f\
\x85\x85\xc5\x97_~\x19\x18\x18X\xa3F\x0d\xe9\x16\xe0\
\xdfEGG/^\xbcx\xf5\xea\xd5\x9c\xed\x0f\xfcE\
\xd1\xa2E\xabW\xaf^\xa1B\x85\xbf\xec/%K\x96\
\xe4F\x8a&)))\xe9\x7f\x97\x9a\x9b7o\xf2i\
t\xc0\xdc0\xca\x00\xb9\xe5\xea\xea\xbae\xcb\x16\xbd^\
\x00\xef\xc8\x91#\xa1\xa1\xa1\x9b6m\xe2$X\xbcd\
aa\xd1\xa3G\x8f\xc0\xc0\xc0\xf7\xde{O\xba\x05\xf8\
\x17j\xb5:<<|\xd1\xa2E\x87\x0f\x1f\x96n\x01\
\xe4)\x14\x8aJ\x95*\xd5\xacY\xb3f\xcd\x9a\xb5j\
\xd5\xca\xf9k\xb1b\xc5\xa4\xbb`\x10RRR\xae]\
\xbb\x16\x1d\x1d\x1d\x1d\x1d}\xf5\xea\xd5\xe8\xe8\xe8\x98\x98\
\x18\xae\xb7\x05\x980F\x19@\x07\x1a7n\xbcs\xe7\
\xce\x12%J\xe8\xf6\x97\xbds\xe7\xce\xea\xd5\xabW\xad\
Z\x15\x13\x13\xa3\xdb_\x19FM\xa9T\xf6\xe8\xd1c\
\xdc\xb8q\xcc10|\xb7o\xdf^\xbat\xe9\x8a\x15\
+\xe2\xe3\xe3\xa5[\x00\x19\xb6\xb6\xb65j\xd4xu\
\x7f\xa9Q\xa3\x86\x9d\x9d\x9dt\x17\x8c\x86Z\xad\xbey\
\xf3f\xce@\xf3\xf2\xaf\xfcA\x1d`2\x18e\x00\xdd\
\xa8^\xbd\xfa\x9e={*U\xaa\x94\xfb_*##\
#\x22\x22\x2244\xf4\xc0\x81\x03\xdc\xdc\x1a\xaf\xca\x99\
c\x02\x03\x03k\xd6\xac)\xdd\x02\xfc\x13\xadV\xbbs\
\xe7\xceE\x8b\x16\xed\xdc\xb9\x93\xd71\x98\x15GG\xc7\
Z\xb5j\xe5\xec/9\x13L\xa5J\x95\xf8\xfc\x11t\
+;;\xfb\xfe\xfd\xfb\xafn4\xd1\xd1\xd1\x0f\x1f>\
\x94\xee\x02\xf0.\x18e\x00\x9d)]\xba\xf4\xee\xdd\xbb\
\xeb\xd5\xab\xf7\xce\xbf\xc2\xc9\x93'CCC7l\xd8\
\x90\x9c\x9c\xac\xc30\x98\x00\xa5R\xd9\xbd{\xf7q\xe3\
\xc61\xc7\xc0\xc0\xc5\xc7\xc7\xafX\xb1b\xe9\xd2\xa5\xb7\
o\xdf\x96n\x01\xf4K\xa1PT\xacX\xf1\xd5S`\
j\xd6\xac\xc9\xc5w!\xe5\xe9\xd3\xa7W\xaf^}u\
\xa6\x89\x8d\x8d\xe5\x06\x9d\x80\xe1c\x94\x01t\xa9H\x91\
\x22[\xb7nm\xd1\xa2\xc5[\xfd\xbf\xe2\xe2\xe2\xbe\xff\
\xfe\xfbU\xabVEGG\xeb)\x0c\xc6K\xa9Tv\
\xeb\xd6m\xdc\xb8q\xb5j\xd5\x92n\x01\xfe\xc9\xa1C\
\x87\x16/^\x1c\x1e\x1e\xaeV\xab\xa5[\x00}\xa9Y\
\xb3\xa6\x8b\x8b\x8b\x8b\x8bK\xe3\xc6\x8d\xdf{\xef\xbd\xfc\
\xf9\xf3K\x17\x01\x7fK\xa5R\xed\xda\xb5\xab{\xf7\xee\
\xcf\x9f?\x97n\x01\xf0\xb7\x18e\x00\x1d\xb3\xb3\xb3\xfb\
\xe1\x87\x1f\xfe\xfb\xdf\xff\xfe\xeb\xdf\x99\x99\x99\xf9\xf3\xcf\
?\x87\x86\x86\xee\xde\xbd\x9b?\xc7\xc0\xffR*\x95]\
\xbbv\x1d7n\x5c\xed\xda\xb5\xa5[\x80\xbf\x95\x9c\x9c\
\x1c\x16\x16\xb6x\xf1bfe\x98$[[\xdb\xa6M\
\x9b\xba\xb8\xb84o\xde\xdc\xc5\xc5\xa5h\xd1\xa2\xd2E\
\xc0\x9b\x8a\x8c\x8ctssKLL\x94\x0e\x01\xf0O\
\x18e\x00\xdd\xb3\xb4\xb4\x5c\xbe|y\xef\xde\xbd\xff\xee\
o8\x7f\xfe|hh\xe8\xbau\xeb\x92\x92\x92\xf22\
\x0c\xc6B\xa9Tv\xe9\xd2e\xfc\xf8\xf1\xcc10d\
g\xce\x9cY\xbcx\xf1\xfa\xf5\xeb\xd3\xd3\xd3\xa5[\x00\
]*Y\xb2d\xf3\xe6\xcdsV\x98\xc6\x8d\x1b[[\
[K\x17\x01om\xdd\xbau}\xfb\xf6U\xa9T\xd2\
!\x00\x00HP(\x14\xd3\xa7O\xcf\xfe\xb3\x84\x84\x84\
Y\xb3f\xd5\xaf__\xba\x0e\x86K\xa1Pt\xeb\xd6\
\xed\xd2\xa5K\xd9\x80\xa1z\xf6\xec\xd9\x8a\x15+\x9c\x9c\
\x9c\xa4\x9f.\x80\xce(\x95\xcaz\xf5\xea\x0d\x180`\
\xf5\xea\xd5111\xd2O2 \xb7&L\x98 \xfd\
\xac\x02\x00\xc0\x00\xf8\xfa\xfafgg\xab\xd5\xea\x9f~\
\xfa\xa9c\xc7\x8eVVV\xd2E0\x5c\x0a\x85\xa2k\
\xd7\xae\xcc10dW\xae\x5c\x196lX\x91\x22E\
\xa4\x9f.\x80\x0e\xd8\xdb\xdb\xbb\xba\xba\x06\x06\x06\xee\xdc\
\xb9\xf3\xe9\xd3\xa7\xd2O/@7T*\x95\x87\x87\x87\
\xf4\xd3\x0b\xc0[\xe0\xe3K\x80~\xb5l\xd92::\
:>>^:\x04\x86K\xa1Pt\xee\xdcy\xfc\xf8\
\xf1u\xeb\xd6\x95n\x01^C\xadV\x87\x87\x87/Z\
\xb4\xe8\xf0\xe1\xc3\xd2-@\xae\x94+W\xee\xe5\xe7\x92\
\x1a4h`ii)]\x04\xe8RRRR\xc7\x8e\
\x1d\x8f\x1e=*\x1d\x02\xe0-0\xca\xbe\x05H\xa8\x00\
\x00 \x00IDAT\x00\x80\x18\x85B\xf1\xc5\x17_\
|\xf3\xcd7\xcc10L\x8f\x1e=Z\xb2d\xc9\xa2\
E\x8b\xe2\xe2\xe2\xa4[\x80wT\xb5j\xd5\x96-[\
\xb6l\xd9\xf2\xa3\x8f>\xaaP\xa1\x82t\x0e\xa0/7\
n\xdch\xd7\xae\xdd\xcd\x9b7\xa5C\x00\xbc\x1dF\x19\
\x00\x10\xa0P(:u\xea\xf4\xcd7\xdf\xd4\xabWO\
\xba\x05x\x8d\xf3\xe7\xcf\xcf\x993g\xc3\x86\x0d\x5c$\
\x12\xc6\xe8\xe5\x10\xf3\x9f\xff\xfc\xa7|\xf9\xf2\xd29\x80\
\xde\x1d9r\xa4c\xc7\x8e\x8f\x1f?\x96\x0e\x01\xf0\xd6\
\x18e\x00 O\xe5\xcc1\xe3\xc7\x8f\xe7\x92\xcf0@\
\x1a\x8d&\x22\x22b\xee\xdc\xb9\x9c\xfd\x0e\xa3\xc3\x10\x03\
\xb3\xf5\xfd\xf7\xdf\x7f\xfd\xf5\xd7\x99\x99\x99\xd2!\x00\xde\
\x05\xa3\x0c\x00\xe4\x11\x85B\xd1\xb1c\xc7\xf1\xe3\xc77\
h\xd0@\xba\x05\xf8\xab\xc7\x8f\x1f/[\xb6l\xc1\x82\
\x05w\xef\xde\x95n\x01\xdeT\xb5j\xd5^\x0e1\xe5\
\xca\x95\x93\xce\x01\x04\x8c\x1f?\xfe\xdbo\xbf\x95\xae\x00\
\xf0\xee\x18e\x00@\xef\x14\x0a\x85\x9b\x9b\xdb\xf8\xf1\xe3\
\x1b6l(\xdd\x02\xfc\xd5\xe5\xcb\x97\xe7\xce\x9d\xbbf\
\xcd\x9a\xf4\xf4t\xe9\x16\xe0\xdf1\xc4\x009T*\x95\
\xa7\xa7\xe7\xfa\xf5\xeb\xa5C\x00\xe4\x0a\xa3\x0c\x00\xe8\x97\
\x9b\x9b\xdb7\xdf|\xc3\x1c\x03C\xa3\xd5j\xb7o\xdf\
>g\xce\x9c\xfd\xfb\xf7K\xb7\x00\xff\x82!\x06\xf8\x8b\
\xc4\xc4\xc4\x0e\x1d:DEEI\x87\x00\xc8-F\x19\
\x00\xd0\x97\x0e\x1d:|\xf3\xcd7\x8d\x1a5\x92\x0e\x01\
\xfe$%%e\xe5\xca\x95\xf3\xe7\xcf\x8f\x89\x89\x91n\
\x01\xfeV\xb9r\xe5Z\xb7n\xdd\xaaU+\x86\x18\xe0\
/\xae]\xbb\xd6\xbe}{^\xc3\x01\xd3\xc0(\x03\x00\
\xba\xd7\xa1C\x87\xf1\xe3\xc77n\xdcX:\x04\xf8\x93\
\xeb\xd7\xaf\xcf\x9b7o\xd5\xaaUiii\xd2-\xc0\
k\x14(P\xe0\xe3\x8f?n\xdd\xbau\xeb\xd6\xadk\
\xd6\xac)\x9d\x03\x18\xa2\x83\x07\x0f~\xf1\xc5\x17O\x9e\
<\x91\x0e\x01\xa0\x1b\x8c2\x00\xa03J\xa5\xf2\x8b/\
\xbe\xf0\xf7\xf7g\x8e\x81A\xc9\xce\xce\xde\xb3g\xcf\xdc\
\xb9sw\xee\xdc\x99\x9d\x9d-\x9d\x03\xfc\x89\x85\x85E\
\xd3\xa6Ms\x86\x18ggg+++\xe9\x22\xc0p\
-X\xb0`\xc4\x88\x11j\xb5Z:\x04\x80\xce0\xca\
\x00\x80\x0eX[[\xf7\xee\xdd\xdb\xd7\xd7\xb7z\xf5\xea\
\xd2-\xc0\x1f\x9e={\xb6z\xf5\xea\xb9s\xe7^\xbd\
zU\xba\x05\xf8\x93\xaaU\xab\xe6\x0c1\xae\xae\xaeE\
\x8a\x14\x91\xce\x01\x0c\x9dJ\xa5\xf2\xf2\xf2Z\xb1b\x85\
t\x08\x00\x1dc\x94\x01\x80\x5c)X\xb0\xe0\xc0\x81\x03\
\xbd\xbd\xbd\xcb\x94)#\xdd\x02\xfc\xe1\xd6\xad[\x0b\x16\
,X\xb1b\xc5\xd3\xa7O\xa5[\x80\x17\x1c\x1c\x1c\x5c\
]]s\xb6\x98*U\xaaH\xe7\x00F\xe3\xc1\x83\x07\
\x9d:u:y\xf2\xa4t\x08\x00\xddc\x94\x01\x80w\
T\xa2D\x89\xe1\xc3\x87\x0f\x1e<\x98?\xe3\x85A9\
v\xec\xd8\x8c\x193~\xfe\xf9g\xadV+\xdd\x02\xe4\
\xb3\xb2\xb2\xfa\xe0\x83\x0fr\x86\x18'''\x0b\x0b\x0b\
\xe9\x22\xc0\xc8DEE}\xf1\xc5\x17\x0f\x1f>\x94\x0e\
\x01\xa0\x17\x8c2\x00\xf0\xd6*U\xaa\xe4\xeb\xeb\xeb\xe9\
\xe9igg'\xdd\x02\xbc\xa0\xd5j#\x22\x22BB\
BN\x9c8!\xdd\x02\xe4\xabU\xabV\xce\x10\xd3\xb2\
e\xcb\x02\x05\x0aH\xe7\x00\xc6j\xe9\xd2\xa5C\x87\x0e\
\xcd\xcc\xcc\x94\x0e\x01\xa0/\x8c2\x00\xf0\x16\xea\xd5\xab\
\xe7\xef\xef\xdf\xb5kWKKK\xe9\x16\xe0\x85\x8c\x8c\
\x8c\xd0\xd0\xd0\x993gr{T\xc8*T\xa8P\xeb\
\xd6\xad\xdb\xb5k\xf7\xe9\xa7\x9fr\x13k \x97\xd4j\
\xf5\xd0\xa1C\x97,Y\x22\x1d\x02@\xbf\x18e\x00\xe0\
\x8d\xb4h\xd1b\xcc\x981\xed\xda\xb5\x93\x0e\x01\xfe\x90\
\x90\x900\x7f\xfe\xfc\x85\x0b\x17&&&J\xb7\xc0|\
\xd5\xaaU\xab}\xfb\xf6\xed\xda\xb5k\xd1\xa2\x05\xf7N\
\x02t\xe2\xe1\xc3\x87\x9d;w\x8e\x8c\x8c\x94\x0e\x01\xa0\
w\x8c2\x00\xf0O\x14\x0aE\xfb\xf6\xed\xfd\xfd\xfd\x9b\
7o.\xdd\x02\xfc\xe1\xc6\x8d\x1b3g\xce\x0c\x0b\x0b\
\xcb\xc8\xc8\x90n\x819\xb2\xb5\xb5\xfd\xf8\xe3\x8fs\xb6\
\x98\xca\x95+K\xe7\x00&\xe5\xd4\xa9S\x9d:u\xba\
\x7f\xff\xbet\x08\x80\xbc\xc0(\x03\x00\xafgii\xd9\
\xbd{\xf7\xd1\xa3G\xd7\xabWO\xba\x05\xf8CTT\
THH\xc8O?\xfd\xc4u|\x91\xf7*V\xac\x98\
3\xc4\xb8\xba\xbarQ-@\x1fBCC\x07\x0d\x1a\
\xa4R\xa9\xa4C\x00\xe4\x11F\x19\x00\xf8+;;\xbb\
\xaf\xbe\xfaj\xd4\xa8Q\x95*U\x92n\x01^\xd0j\
\xb5?\xff\xfc\xf3\xf4\xe9\xd3\xa3\xa2\xa2\xa4[`^,\
--\x9b7o\x9e\xb3\xc5\xd4\xa9SG:\x070Y\
YYY#F\x8c\x98?\x7f\xbet\x08\x80<\xc5(\
\x03\x00\x7fppp\xf0\xf2\xf2\x1a6lX\xf1\xe2\xc5\
\xa5[\x80\x17\x9e?\x7f\x1e\x16\x166s\xe6\xcc\xeb\xd7\
\xafK\xb7\xc0\x8c\x94(Q\xa2m\xdb\xb6\xed\xdb\xb7\xff\
\xf4\xd3O\x0b\x17.,\x9d\x03\x98\xb8\x84\x84\x84.]\
\xba\x1c>|X:\x04@^c\x94\x01\x80|\xf9\xf2\
\xe5+S\xa6\xcc\xc8\x91#\xfb\xf7\xef_\xb0`A\xe9\
\x16\xe0\x85\xc4\xc4\xc4\x85\x0b\x17\xce\x9f??!!A\
\xba\x05fA\xa1P899\xe5\x9c\x14\xe3\xe4\xe4\xa4\
Pp\xa0\x08\xe4\x85s\xe7\xce\xb9\xb9\xb9\xdd\xbd{W\
:\x04\x80\x00~\xaf\x05`\xeej\xd4\xa81z\xf4h\
\x0f\x0f\x0fkkk\xe9\x16\xe0\x85\x98\x98\x98\x993g\
\x86\x86\x86r\x1d_\xe4\x81\x82\x05\x0b\xb6i\xd3\xe6\xbf\
\xff\xfdo\xdb\xb6mK\x94(!\x9d\x03\x98\x97\xef\xbf\
\xff\xbe\x7f\xff\xfe\xcf\x9f?\x97\x0e\x01 \x83Q\x06\x80\
\xf9rrr\xf2\xf7\xf7\xef\xd8\xb1\xa3R\xa9\x94n\x01\
^8y\xf2\xe4\xf4\xe9\xd3#\x22\x22\xb8\x8e/\xf4\xad\
d\xc9\x92\x1d:tpsssuu\xb5\xb1\xb1\x91\
\xce\x01\xcc\x8eJ\xa5\x1a5j\xd4\x82\x05\x0b\xa4C\x00\
Hb\x94\x01`\x8e>\xf9\xe4\x13\x7f\x7f\xffV\xadZ\
I\x87\x00/dggo\xdd\xbau\xfa\xf4\xe9\xc7\x8e\
\x1d\x93n\x81\x89\xab^\xbdz\xc7\x8e\x1d\xdd\xdc\xdc\x9a\
5k\xc6$\x0dH\x89\x8d\x8d\xed\xda\xb5\xeb\xd9\xb3g\
\xa5C\x00\x08c\x94\x01`F\x94Je\xa7N\x9d\xfc\
\xfc\xfc\x9c\x9c\x9c\xa4[\x80\x17233\xbf\xff\xfe\xfb\
\xe9\xd3\xa7_\xbbvM\xba\x05&K\xa1P4m\xda\
\xd4\xcd\xcd\xcd\xcd\xcd\xadV\xadZ\xd29\x80\xb9\x8b\x88\
\x88\xf0\xf4\xf4LNN\x96\x0e\x01 \x8fQ\x06\x80Y\
\xb0\xb6\xb6\xee\xd5\xab\x97\xaf\xafo\x8d\x1a5\xa4[\x80\
\x17222\x96-[6}\xfa\xf4{\xf7\xeeI\xb7\
\xc04YYY\xb9\xba\xba\xba\xb9\xb9}\xfe\xf9\xe7e\
\xca\x94\x91\xce\x01\x90O\xadV\xfb\xfa\xfa\xce\x993G\
:\x04\x80\xa1`\x94\x01`\xe2\x0a\x14(0p\xe0\xc0\
\x11#F\xf0\x86\x04\x86#%%e\xc1\x82\x05\xb3f\
\xcd\xe2\xb6J\xd0\x87\x82\x05\x0b\xb6m\xdb\xd6\xcd\xcd\xad\
]\xbbv\xdc\xcd\x1a0\x1c\xb7o\xdf\xee\xda\xb5\xeb\xa9\
S\xa7\xa4C\x00\x18\x10F\x19\x00&\xabx\xf1\xe2\xc3\
\x87\x0f\x1f<x\xb0\x83\x83\x83t\x0b\xf0Bbb\xe2\
\xec\xd9\xb3\xe7\xcf\x9f\xcfY\xeb\xd0\xb9R\xa5Ju\xe8\
\xd0\xa1C\x87\x0e\x5c\xb8\x170@[\xb7n\xed\xdd\xbb\
\xf7\x93'O\xa4C\x00\x18\x16F\x19\x00&\xa8b\xc5\
\x8a\xbe\xbe\xbe}\xfb\xf6\xb5\xb3\xb3\x93n\x01^\xb8\x7f\
\xff\xfe\x8c\x193\x96.]\xfa\xec\xd93\xe9\x16\x98\x94\
\x1a5j\xbc\xbcp\xafB\xc1\xa1\x1d`p\xb2\xb2\xb2\
\xc6\x8c\x193c\xc6\x8c\xec\xecl\xe9\x16\x00\x06\x87\xdf\
\xb9\x01\x98\x94\xbau\xeb\xfa\xfb\xfbw\xeb\xd6\xcd\xd2\xd2\
R\xba\x05x!66v\xea\xd4\xa9\xabV\xad\xca\xcc\
\xcc\x94n\x81\xe9h\xd4\xa8Q\xe7\xce\x9d;u\xeaT\
\xb3fM\xe9\x16\x00\x7f\xeb\xde\xbd{\xdd\xbau\x8b\x8a\
\x8a\x92\x0e\x01`\xa0\x18e\x00\x98\x08\x17\x17\x971c\
\xc6\xb4o\xdf\x9e?(\x86\xe1\xb8|\xf9rpp\xf0\
\x86\x0d\x1b4\x1a\x8dt\x0bLD\xa3F\x8d\xbav\xed\
\xda\xa5K\x97\xaaU\xabJ\xb7\x00\xf8\x17;w\xee\xf4\
\xf0\xf0HJJ\x92\x0e\x01`\xb8x\xeb\x02\xc0\xe8\xb5\
o\xdf\xde\xdf\xdf\xbfE\x8b\x16\xd2!\xc0\x1f\xce\x9c9\
3e\xca\x94-[\xb6p\xb2:t\xa2Q\xa3F]\
\xbat\xe9\xd2\xa5K\xb5j\xd5\xa4[\x00\xfc;\x8dF\
\x13\x18\x188u\xeaT~\x17\x00\xf0\xcf\x18e\x00\x18\
+;;;\x0f\x0f\x8fa\xc3\x86\xd5\xa9SG\xba\x05\
\xf8\xc3\x91#G\x82\x82\x82\xf6\xec\xd9#\x1d\x02S\xd0\
\xb0a\xc3\x9c\xf3b\xd8b\x00#\xf2\xe0\xc1\x83\xee\xdd\
\xbb\x1f=zT:\x04\x80\x11`\x94\x01`|\xca\x94\
)3d\xc8\x90\xfe\xfd\xfb\x17-ZT\xba\x05\xf8\xc3\
\xce\x9d;\x83\x82\x82\x22##\xa5C`\xf4\x1a6l\
\x98s^L\xf5\xea\xd5\xa5[\x00\xbc\x9d\xbd{\xf7\xba\
\xbb\xbb'$$H\x87\x000\x0e\x8c2\x00\x8cI\xd3\
\xa6MG\x8c\x18\xd1\xb9sg+++\xe9\x16\xe0\x05\
\xadV\x1b\x1e\x1e>e\xca\x94\xf3\xe7\xcfK\xb7\xc0\xb8\
5h\xd0 \xe7\xbc\x18\xb6\x18\xc0\x18i4\x9a\x89\x13\
'\x06\x05\x05i\xb5Z\xe9\x16\x00F\x83Q\x06\x80\x11\
\xb0\xb0\xb0\xf8\xe2\x8b/\xbc\xbd\xbd?\xf8\xe0\x03\xe9\x16\
\xe0\x0fYYY\xeb\xd6\xad\x0b\x0e\x0e\xbez\xf5\xaat\
\x0b\x8cX\x83\x06\x0dr\xce\x8b\xa9Q\xa3\x86t\x0b\x80\
w\x14\x1b\x1b\xdb\xb3g\xcf\xe3\xc7\x8fK\x87\x0002\
\x8c2\x00\x0c\x9a\x83\x83C\xbf~\xfd\xbc\xbc\xbc*T\
\xa8 \xdd\x02\xfc\xe1\xf9\xf3\xe7\xa1\xa1\xa1\xd3\xa6M\xfb\
\xed\xb7\xdf\xa4[`\xac\xea\xd7\xaf\x9fs^\x0c[\x0c\
`\xecV\xadZ5l\xd8\xb0\xd4\xd4T\xe9\x10\x00\xc6\
\x87Q\x06\x80\x81z\xef\xbd\xf7\xbc\xbd\xbd{\xf5\xea\x95\
?\x7f~\xe9\x16\xe0\x0f\xcf\x9f?_\xbat\xe9w\xdf\
}\x17\x17\x17'\xdd\x02\xa3T\xb7n\xddn\xdd\xbau\
\xe9\xd2\xe5\xbd\xf7\xde\x93n\x01\x90[\x8f\x1f?\x1e0\
`\xc0\xa6M\x9b\xa4C\x00\x18+F\x19\x00\x06\xa7M\
\x9b6\xde\xde\xdem\xda\xb4Q(x\x8d\x82\x01Q\xa9\
T\xcb\x96-\x0b\x0e\x0e~\xf0\xe0\x81t\x0b\x8cO\xf9\
\xf2\xe5\xbf\xfc\xf2Kww\xf7z\xf5\xeaI\xb7\x00\xd0\
\x8d\x03\x07\x0e\xf4\xea\xd5\xeb\xfe\xfd\xfb\xd2!\x00\x8c\x18\
ox\x00\x18\x0a;;\xbb^\xbdz\x0d\x1b6\xacv\
\xed\xda\xd2-\xc0\x9f\xa8T\xaa\xe5\xcb\x97\x07\x07\x07s\
\xe4\x8d\xb7\xe5\xe0\xe0\xd0\xa5K\x17ww\xf7\x0f?\xfc\
\x90\xa1\x190\x19\x99\x99\x99c\xc7\x8e\x9d1cFv\
v\xb6t\x0b\x00\xe3\xc6\xc1\x01\x00ye\xcb\x96\x1d2\
dH\xbf~\xfd\xb8\xc55\x0cMff\xe6\x8a\x15+\
\xa6L\x99r\xef\xde=\xe9\x16\x18\x13[[\xdb\xff\xfb\
\xbf\xffswwo\xdb\xb6\xad\xb5\xb5\xb5t\x0e\x00]\
\xbar\xe5\x8a\xbb\xbb\xfb/\xbf\xfc\x22\x1d\x02\xc0\x140\
\xca\x00\x90\xf4\xfe\xfb\xef\xe7\xdc\xe2\xda\xd2\xd2R\xba\x05\
\xf8\x13\xb5Z\xbdr\xe5\xca)S\xa6\xdc\xb9sG\xba\
\x05FC\xa9T\xba\xba\xba\xba\xbb\xbbw\xea\xd4\xa9P\
\xa1B\xd29\x00to\xfe\xfc\xf9\xa3G\x8f\xce\xc8\xc8\
\x90\x0e\x01`\x22\x18e\x00\x08\xb0\xb4\xb4\xcc\xb9\xc5\xb5\
\xb3\xb3\xb3t\x0b\xf0Wj\xb5z\xd5\xaaUAAA\
\xb7o\xdf\x96n\x81\xd1h\xd2\xa4\x89\xbb\xbb{\xf7\xee\
\xddK\x97.-\xdd\x02@/\xe2\xe3\xe3\xfb\xf6\xed\xbb\
c\xc7\x0e\xe9\x10\x00&\x85Q\x06@\x9ertt\xec\
\xdf\xbf\xbf\x97\x97W\xb9r\xe5\xa4[\x80\xbf\xca\xca\xca\
\x0a\x0b\x0b\x9b<y27\xba\xc6\x1b\xaaR\xa5\x8a\xbb\
\xbb\xfb\x97_~Y\xb3fM\xe9\x16\x00z\xb4m\xdb\
\xb6\xbe}\xfb&$$H\x87\x0005\x8c2\x00\xf2\
H\xcd\x9a5\xbd\xbd\xbd=<<\xb8\xc55\x0cPV\
V\xd6\xea\xd5\xab'O\x9e|\xeb\xd6-\xe9\x16\x18\x81\
\xe2\xc5\x8bw\xeb\xd6\xcd\xdd\xdd\x9d\xd3\xfd\x00\x93\x97\x9e\
\x9e>j\xd4\xa8\xc5\x8b\x17K\x87\x000M\x8c2\x00\
\xf4K\xa1P\xe4\xdc\xe2\xfa\xd3O?\xe5\xce#0@\
\x1a\x8d\xe6\xfb\xef\xbf\x9f<yrLL\x8ct\x0b\x0c\
\x9d\xbd\xbd\xbd\x9b\x9b\x9b\xbb\xbb{\xeb\xd6\xad\xb9\x12\x16\
`\x0e\xce\x9d;\xe7\xee\xee~\xf5\xeaU\xe9\x10\x00&\
\x8b7H\x00\xf4%\x7f\xfe\xfc9\xb7\xb8\xaeU\xab\x96\
t\x0b\xf0\x1a\x1a\x8df\xed\xda\xb5\xdf~\xfb\xed\xcd\x9b\
7\xa5[`\xd0\x94Je\xeb\xd6\xad{\xf5\xea\xd5\xa1\
C\x07{{{\xe9\x1c\x00yA\xa3\xd1\x84\x84\x84\x8c\
\x1b7N\xadVK\xb7\x000e\x8c2\x00t\xaf\x5c\
\xb9r9\xb7\xb8vtt\x94n\x01^C\xa3\xd1\xac\
[\xb7\xee\xdbo\xbf\xbdq\xe3\x86t\x0b\x0cZ\x8d\x1a\
5<===<<\xca\x96-+\xdd\x02 \xefD\
GG{zz\x9e<yR:\x04\x80\xe9c\x94\x01\
\xa0K\xce\xce\xce#F\x8c\xe8\xd4\xa9\x13'\xf6\xc30\
i\xb5\xda\xf5\xeb\xd7O\x9a4\xe9\xfa\xf5\xeb\xd2-0\
\x5c\x85\x0a\x15\xea\xd6\xad[\x9f>}\x5c\x5c\x5c\xa4[\
\x00\xe4)\x8dF3}\xfa\xf4\x09\x13&\xa8T*\xe9\
\x16\x00f\x81Q\x06\x80\x0eXZZv\xe9\xd2e\xf8\
\xf0\xe1\xcd\x9a5\x93n\x01^O\xab\xd5n\xdc\xb8q\
\xd2\xa4I\x5c\x1a\x00\x7fG\xa1P\xb8\xba\xba\xf6\xe9\xd3\
\xa7S\xa7N\x5c\x92\x1c0C\x97/_\xf6\xf4\xf4<\
}\xfa\xb4t\x08\x003\xc2(\x03 W\x1c\x1d\x1d\x07\
\x0c\x180x\xf0`nq\x0dC\x16\x11\x11\x11\x18\x18\
x\xe5\xca\x15\xe9\x10\x18\xa8*U\xaa\xf4\xe9\xd3\xa7W\
\xaf^\x15+V\x94n\x01  ++k\xda\xb4i\
\x13'N\xcc\xcc\xcc\x94n\x01`^\x18e\x00\xbc\xa3\
Z\xb5j\xe5\xdc\xe2\xda\xce\xceN\xba\x05\xf8[\x07\x0e\
\x1c\x183f\xcc\xa9S\xa7\xa4C`\x88\xec\xed\xed\xbb\
t\xe9\xd2\xa7O\x9f\x8f>\xfa\x88\xdb\xc3\x01f\xeb\xe2\
\xc5\x8b}\xfa\xf49w\xee\x9ct\x08\x00s\xc4\xf1\x07\
\x80\xb7\xa3P(>\xfb\xec3oo\xef\xd6\xad[\xf3\
\x1e\x06\x86\xec\xf4\xe9\xd3\x01\x01\x01\xfb\xf6\xed\x93\x0e\x81\
!\xfa\xf0\xc3\x0f===\xbbt\xe9R\xa0@\x01\xe9\
\x16\x00b\xb2\xb2\xb2\x82\x83\x83'O\x9e\xcc\x092\x00\
\xa4\xf0\x86\x0a\xc0[ppp\xd8\xb3g\x8f\x93\x93\x93\
t\x08\xf0O\xa2\xa3\xa3\x03\x03\x03\xc3\xc3\xc3\xa5C`\
p\xca\x97/\xdf\xbbw\xef>}\xfaT\xadZU\xba\
\x05\x80\xb0_\x7f\xfd\xd5\xd3\xd3\xf3\xfc\xf9\xf3\xd2!\x00\
\xcc\x1a\xa3\x0c\x80\xb7S\xa1B\x85\x85\x0b\x17\xb6o\xdf\
^:\x04x\x8d;w\xeeL\x980a\xf5\xea\xd5\x1a\
\x8dF\xba\x05\x06\xc4\xce\xce\xaec\xc7\x8e\x9e\x9e\x9e\xae\
\xae\xaeJ\xa5R:\x07\x800\xb5Z\x1d\x14\x144e\
\xca\x14\xb5Z-\xdd\x02\xc0\xdc1\xca\x00x\x17\xdd\xbb\
w\x9f3gN\x89\x12%\xa4C\x80\x17\x12\x12\x12\x82\
\x82\x82\x16/^\xccML\xf1*gggOO\xcf\
n\xdd\xba\x15.\x5cX\xba\x05\x80A8\x7f\xfe\xbc\xa7\
\xa7\xe7\xaf\xbf\xfe*\x1d\x02\x00\xf9\xf21\xca\x00xg\
\x8e\x8e\x8e!!!\x9e\x9e\x9e\xd2!0w)))\
!!!\xb3f\xcdJKK\x93n\x81\xa1(R\xa4\
\x88\x87\x87G\xbf~\xfd\xea\xd5\xab'\xdd\x02\xc0Pd\
ffN\x9e<9888++K\xba\x05\x00^\
`\x94\x01\x90+\x1f\x7f\xfc\xf1\xd2\xa5K\xabU\xab&\
\x1d\x02s\xf4\xfc\xf9\xf3\xf9\xf3\xe7\x7f\xf7\xddwII\
I\xd2-0\x14\x1f|\xf0\xc1\x80\x01\x03\xbav\xed\xca\
\x8d\xe1\x00\xbc\xea\xec\xd9\xb3\x9e\x9e\x9e\x17/^\x94\x0e\
\x01\x80?a\x94\x01\x90[\xb6\xb6\xb6\xe3\xc7\x8f\xf7\xf5\
\xf5\xb5\xb4\xb4\x94n\x81\xb9\xc8\xca\xca\x0a\x0d\x0d\x9d4\
i\xd2\xbd{\xf7\xa4[`\x1085\x06\xc0\xdfy\xf6\
\xec\xd9\xc4\x89\x13g\xcd\x9a\xc5\x092\x00\x0c\x10\xa3\x0c\
\x00\xdd\xa8_\xbf\xfe\xb2e\xcb\xde\x7f\xff}\xe9\x10\x98\
\xb8\xec\xec\xec\x1f~\xf8a\xdc\xb8q7n\xdc\x90n\
\x81Apqq\xe9\xdf\xbf?\xa7\xc6\x00x\xad\xad[\
\xb7\x0e\x192\xe4\xce\x9d;\xd2!\x00\xf0z\x8c2\x00\
tF\xa9T\x0e\x1d:t\xf2\xe4\xc9\x05\x0a\x14\x90n\
\x81i\xda\xb5kW@@\x00\xb7/E\xbe\xdfO\x8d\
\xe9\xdf\xbf\x7f\xdd\xbau\xa5[\x00\x18\xa2{\xf7\xee\x0d\
\x1d:t\xcb\x96-\xd2!\x00\xf0O\x18e\x00\xe8X\
\x85\x0a\x15\x16-Z\xd4\xae];\xe9\x10\x98\x94\xa8\xa8\
\xa81c\xc6\x1c9rD:\x04\xf285\x06\xc0?\
\xd3h4s\xe7\xce\x1d?~<\x17\x80\x07`\xf8\x18\
e\x00\xe8\x05\xf7\xcc\x86\xae\x5c\xb8pa\xec\xd8\xb1\xdb\
\xb6m\x93\x0e\x810N\x8d\x01\xf0&N\x9f>=`\
\xc0\x00\xce\xa9\x04`,\x18e\x00\xe8\x0b\xf7\xccF.\
\xdd\xbauk\xdc\xb8q\xeb\xd7\xaf\xd7j\xb5\xd2-\x90\
\xc4\xa91\x00\xdeDrrr@@\xc0\xe2\xc5\x8b\xf9\
]\x03\x80\x11a\x94\x01\xa0_\xae\xae\xaeK\x96,\xe1\
\x9e\xd9x+O\x9e<\x99<y\xf2\xfc\xf9\xf333\
3\xa5[ \x86Sc\x00\xbc\xb9\x8d\x1b7\x8e\x181\
\x22..N:\x04\x00\xde\x0e\xa3\x0c\x00\xbd\xe3\x9e\xd9\
xs\x99\x99\x99\xf3\xe7\xcf\x9f<y\xf2\x93'O\xa4\
[ \xa6Y\xb3f\x83\x06\x0d\xe2\xd4\x18\x00o\x226\
6v\xf0\xe0\xc1\xbbw\xef\x96\x0e\x01\x80w\xc1(\x03\
 \x8fp\xcfl\xfc\xab\x8d\x1b7\x8e\x193\xe6\xd6\xad\
[\xd2!\x90acc\xd3\xbd{w//\xaf\xa6M\
\x9bJ\xb7\x000\x02\x99\x99\x99\xd3\xa7O\x0f\x0a\x0a\xca\
\xc8\xc8\x90n\x01\x80w\xc4(\x03 \xefp\xcfl\xfc\
\x9dc\xc7\x8e\xf9\xf8\xf8\x9c<yR:\x042\xca\x97\
/?h\xd0\xa0\xaf\xbf\xfe\xbax\xf1\xe2\xd2-\x00\x8c\
\xc3\x91#G\x06\x0e\x1c\x18\x1d\x1d-\x1d\x02\x00\xb9\xc2\
(\x03 \xafq\xcfl\xbc\xea\xc6\x8d\x1b~~~\x11\
\x11\x11\xd2!\x90\xe1\xea\xea:d\xc8\x90\xcf?\xff\xdc\
\xc2\xc2B\xba\x05\x80qHJJ\xf2\xf5\xf5]\xb5j\
Uvv\xb6t\x0b\x00\xe4\x16\xa3\x0c\x00\x19\xdc3\x1b\
\x89\x89\x89\x13'N\x5c\xb2d\x89Z\xad\x96nA^\
+P\xa0@\xaf^\xbd\xbc\xbc\xbcj\xd7\xae-\xdd\x02\
\xc0hh4\x9a\xa5K\x97\x8e\x1b7.))I\xba\
\x05\x00t\x83Q\x06\x80\x18\xee\x99m\xb6\x9e?\x7f>\
{\xf6\xec\xe0\xe0\xe0\x94\x94\x14\xe9\x16\xe4\xb5\x1a5j\
xyy\xf5\xee\xdd\xbbp\xe1\xc2\xd2-\x00\x8c\xc9\xc1\
\x83\x07\x87\x0f\x1f~\xf1\xe2E\xe9\x10\x00\xd0%F\x19\
\x00\xc2\x5c\x5c\x5cf\xcf\x9e\xcdu=\xcdDvv\xf6\
\x9a5k\x02\x03\x03\xef\xdc\xb9#\xdd\x82<\xa5T*\
\xdb\xb7o?d\xc8\x90\xd6\xad[+\x14\x1c~\x00x\
\x0b\xb7n\xdd\xf2\xf1\xf1\x09\x0f\x0f\x97\x0e\x01\x00\xdd\xe3\
\xa8\x08\x80<\x85B\xe1\xe1\xe1\x11\x1c\x1c\x5c\xa6L\x19\
\xe9\x16\xe8\xd1\x81\x03\x07|}}\xcf\x9d;'\x1d\x82\
<\xe5\xe0\xe0\xf0\xd5W_\x0d\x1a4\xa8J\x95*\xd2\
-\x00\x8c\xcc\xb3g\xcf\xa6L\x992c\xc6\x0c\x95J\
%\xdd\x02\x00z\xc1(\x03\xc0P\xd8\xdb\xdb\xfb\xfb\xfb\
\x8f\x1a5\xca\xce\xceN\xba\x05:v\xe5\xca\x95\xd1\xa3\
Go\xdf\xbe]:\x04y\xaaA\x83\x06C\x87\x0e\xfd\
\xf2\xcb/yR\x03x[\xd9\xd9\xd9k\xd7\xae\xf5\xf3\
\xf3{\xf0\xe0\x81t\x0b\x00\xe8\x11\xa3\x0c\x00\xc3R\xa1\
B\x85\xa9S\xa7v\xef\xde]:\x04\xba\x11\x1f\x1f?\
~\xfc\xf8\x15+Vh4\x1a\xe9\x16\xe4\x11++\xab\
N\x9d:\x0d\x1d:\xb4y\xf3\xe6\xd2-\x00\x8c\xd2\xa9\
S\xa7\x86\x0f\x1f~\xe2\xc4\x09\xe9\x10\x00\xd0;F\x19\
\x00\x86\x88\x0b\xcd\x98\x80\xf4\xf4\xf4\x193fL\x9b6\
---M\xba\x05y\xa4d\xc9\x92\x03\x07\x0e\xec\xdf\
\xbf?\x1fE\x04\xf0n\x1e>|8f\xcc\x98\xb0\xb0\
0nw\x0d\xc0L0\xca\x000P\x5ch\xc6xi\
\xb5\xdaU\xabV\x8d\x1b7\x8es\xce\xcdG\xbdz\xf5\
F\x8e\x1c\xd9\xa3G\x0f\x1b\x1b\x1b\xe9\x16\x00FI\xa5\
R\xcd\x9e=;(((55U\xba\x05\x00\xf2\x0e\
\xa3\x0c\x00\x83foo\xef\xe7\xe7\xe7\xe3\xe3\xc35)\
\x8c\xc5\x9e={|||\xb8e\xa9\xf9\xf8\xec\xb3\xcf\
F\x8e\x1c\xd9\xbauk\xe9\x10\x00F\xec\xa7\x9f~\x1a\
5jTLL\x8ct\x08\x00\xe45F\x19\x00F\x80\
\x0b\xcd\x18\x85\x1b7n\x8c\x1c9r\xdb\xb6m\xd2!\
\xc8\x0b\xb6\xb6\xb6={\xf6\xf4\xf6\xf6\xaeS\xa7\x8et\
\x0b\x00#v\xf9\xf2eoo\xef}\xfb\xf6I\x87\x00\
\x80\x0cF\x19\x00F\x83\x0b\xcd\x18\xac\x94\x94\x94o\xbf\
\xfdv\xee\xdc\xb9\x99\x99\x99\xd2-\xd0\xbb\x12%J\x0c\
\x1e<x\xd0\xa0A%J\x94\x90n\x01`\xc4\x12\x12\
\x12&M\x9a\xb4x\xf1\xe2\xac\xac,\xe9\x16\x00\x10\xc3\
(\x03\xc0\x98\xe4\x5chf\xca\x94)e\xcb\x96\x95n\
A\xbe|\xf9\xf2i\xb5\xda\xd0\xd0\xd0\x80\x80\x80G\x8f\
\x1eI\xb7@\xefj\xd7\xae=r\xe4Hwww[\
[[\xe9\x16\x00F,--m\xe6\xcc\x99!!!\
\x5c>\x06\x00\x18e\x00\x18\x1f.4c \x22##\
\x87\x0f\x1f~\xf6\xecY\xe9\x10\xe8\xdd\xa7\x9f~:r\
\xe4\xc8O?\xfdT\xa1\xe0\xc8\x01\xc0\xbbS\xab\xd5\xcb\
\x96-\x9b4iR||\xbct\x0b\x00\x18\x04\x0e\xad\
\x00\x18\xab\xf2\xe5\xcbO\x9d:\xb5G\x8f\x1e\xd2!\xe6\
\xe8\xde\xbd{\xa3G\x8f^\xbf~\xbdt\x08\xf4\xcb\xc6\
\xc6\xc6\xdd\xdd}\xc4\x88\x11u\xeb\xd6\x95n\x01`\xdc\
\xb2\xb3\xb3\x7f\xfc\xf1\xc7\xb1c\xc7\xde\xbcyS\xba\x05\
\x00\x0c\x08\xa3\x0c\x00\xe3\xf6\xc1\x07\x1f\xcc\x9e=\xfb\xfd\
\xf7\xdf\x97\x0e1\x17\x19\x19\x19!!!\xdf}\xf7]\
zz\xbat\x0b\xf4\xa8X\xb1b\x83\x07\x0f\x1e<x\
p\xc9\x92%\xa5[\x00\x18\xbd\x83\x07\x0f\xfa\xf9\xf9\x9d\
>}Z:\x04\x00\x0c\x0e\xa3\x0c\x00\xa3\xa7P(z\
\xf6\xec\x19\x1c\x1c\xcc\x85f\xf4\xed\xc7\x1f\x7f\xf4\xf5\xf5\
\xbd}\xfb\xb6t\x08\xf4\xa8f\xcd\x9a#G\x8e\xec\xd9\
\xb3'\x1f\x0f\x04\x90{\xbf\xfe\xfa\xab\xbf\xbf\xff\xae]\
\xbb\xa4C\x00\xc0@1\xca\x000\x11\xf6\xf6\xf6\xa3G\
\x8f\xf6\xf5\xf5\xe5\x9d\xa4>\xfc\xf2\xcb/\xc3\x87\x0f?\
r\xe4\x88t\x08\xf4\xe8\x93O>\x199r\xe4g\x9f\
}\xc6\x85c\x00\xe4\xde\xed\xdb\xb7\x03\x03\x03\xd7\xae]\
\x9b\x9d\x9d-\xdd\x02\x00\x86\x8b\xa3.\x00&\x85\x0b\xcd\
\xe8\x5cbb\xe2\xd8\xb1c\x97/_\xae\xd5j\xa5[\
\xa0\x17\x96\x96\x96\xdd\xbbw\xf7\xf1\xf1i\xd0\xa0\x81t\
\x0b\x00S\x90\x94\x94\x14\x14\x14\xb4p\xe1B\x95J%\
\xdd\x02\x00\x86\x8eQ\x06\x80\x09j\xda\xb4\xe9\xa4I\x93\
>\xfb\xec3\xe9\x10\xe3\xa6V\xab\x17,X0q\xe2\
\xc4\xa7O\x9fJ\xb7@/\xec\xec\xec\xbe\xfa\xea\xabQ\
\xa3FU\xaaTI\xba\x05\x80)HOO\x9f={\
\xf6\xd4\xa9SSRR\xa4[\x00\xc080\xca\x000\
Y...\x93&Mj\xd5\xaa\x95t\x88Q\xda\xbd\
{\xb7\xb7\xb7\xf7\xd5\xabW\xa5C\xa0\x17\x0e\x0e\x0e^\
^^\xc3\x86\x0d+^\xbc\xb8t\x0b\x00S\x90\x95\x95\
\xb5r\xe5\xca\x09\x13&\xc4\xc5\xc5I\xb7\x00\x801a\
\x94\x01`\xe2\xfe\xf3\x9f\xffL\x9a4\xe9\xa3\x8f>\x92\
\x0e1\x1a7n\xdc\x189r\xe4\xb6m\xdb\xa4C\xa0\
\x17e\xca\x94\x199rd\xff\xfe\xfd\x0b\x16,(\xdd\
\x02\xc0\x14h\xb5\xda\x0d\x1b6L\x9a4\xe9\xda\xb5k\
\xd2-\x00\x00\x000H\x9f|\xf2ITTT6\xfe\
Qrr\xb2\x8f\x8f\x8f\x95\x95\x95\xf4\x8f\x0bzQ\xa3\
F\x8d\xe5\xcb\x97\xabT*\xe9\x07\x1a\x00\x13\xa1\xd1h\
\xd6\xae][\xb3fM\xe9\x977\x00\x00\x00\x18\x83\xb6\
m\xdb\x9e:uJ\xfa \xd6\x10i4\x9a\xe5\xcb\x97\
\x97(QB\xfaG\x04\xbdprr\xda\xb4i\x93F\
\xa3\x91~\xa0\x010\x11\x1a\x8df\xdd\xbau\xcc1\x00\
\x00\x00xk\xff\xf7\x7f\xffw\xfe\xfcy\xe9\x03Z\x03\
\xb2w\xef\xde&M\x9aH\xffX\xa0\x17\x9f|\xf2\xc9\
\xbe}\xfb\xa4\x1fb\x00L\x87F\xa3Y\xbf~}\xad\
Z\xb5\xa4_\xde\x00\x00\x00`\xb4\x14\x0aE\xa7N\x9d\
.^\xbc(}p+\xec\xc4\x89\x13\x1f\x7f\xfc\xb1\xf4\
O\x03\xba\xa7T*;w\xee|\xfa\xf4i\xe9\x87\x18\
\x00\xd3\xc1\x1c\x03\x00\x00\x00]R(\x14\xdd\xbau\x8b\
\x8e\x8e\x96>\xd0\x15p\xe9\xd2%777\xe9\x9f\x00\
t\xcf\xda\xda\xfa\xeb\xaf\xbf\xbev\xed\x9a\xf4C\x0c\x80\
\xe9\xd0h4\x1b6l\xa8]\xbb\xb6\xf4+\x1c\x00\x00\
\x00L\x8eR\xa9\xec\xd9\xb3\xe7\x8d\x1b7\xa4\x0fz\xf3\
Hll\xac\x87\x87\x87R\xa9\x94\xfe\xc6C\xc7\x0a\x14\
(\xe0\xe3\xe3s\xff\xfe}\xe9\x87\x18\x00\xd3\xc1\x1c\x03\
\x00\x00\x80\xbc`ii\xe9\xe9\xe9\x19\x1b\x1b+}\x00\
\xacGqqq^^^\xdc\x5c\xc9\xf4\x14/^|\
\xf2\xe4\xc9\x8f\x1f?\x96~\x88\x010\x1d\x1a\x8df\xe3\
\xc6\x8du\xea\xd4\x91~\x85\x03\x00\x00\x80\xd9\xb0\xb2\xb2\
\xea\xdf\xbf\xff\x9d;w\xa4\x0f\x86u\xec\xf1\xe3\xc7\xfe\
\xfe\xfe\xf9\xf3\xe7\x97\xfe\x06C\xc7\xca\x97/?o\xde\
\xbc\xf4\xf4t\xe9\x87\x18\x00\xd3\xa1\xd5j\x99c\x00\x00\
\x00 \xc6\xda\xda\xda\xcb\xcb\xcb4>\x06\x92\x96\x96\x16\
\x14\x14T\xa4H\x11\xe9o*t\xacb\xc5\x8aK\x96\
,Q\xa9T\xd2\x0f1\x00\xa6#++k\xdd\xbau\
\xcc1\x00\x00\x00\x90gkk\xeb\xed\xed\xfd\xf0\xe1C\
\xe9\x83\xe4w\xa4R\xa9\xe6\xcd\x9bW\xb2dI\xe9o\
$t\xacJ\x95*\xcb\x97/\xcf\xcc\xcc\x94~\x88\x01\
0\x1d\xe9\xe9\xe9\xf3\xe6\xcd\xabT\xa9\x92\xf4+\x1c\x00\
\x00\x00\xf0\x8a\xfc\xf9\xf3\xfb\xfa\xfa&$$H\x1f0\
\xbf\x05\x8dF\xb3j\xd5*\x8e\xadMO\xf5\xea\xd5W\
\xadZ\xa5V\xab\xa5\x1fb\x00LGRR\xd2\xc4\x89\
\x13\x8b\x15+&\xfd\x0a\x07\x00\x00\x00\xfc\x8d\x02\x05\x0a\
\x04\x04\x04$%%I\x1f<\xff\xbb\xf0\xf0pn\x93\
azj\xd6\xac\xb9f\xcd\x9a\xac\xac,\xe9\xc7\x17\x00\
\xd3q\xfb\xf6\xed\xe1\xc3\x87\xdb\xdb\xdbK\xbf\xc2\x01\x00\
\x00\x00o\xc0\xde\xde~\xc8\x90!111\xd2\x07\xd2\
\xaf\xb7w\xef\xde\xa6M\x9bJ\x7f\x93\xa0cu\xea\xd4\
\xd9\xb0a\x83F\xa3\x91~|\x010\x1d\x17.\x5c\xe8\
\xd9\xb3\xa7\xa5\xa5\xa5\xf4+\x1c\x00\x00\x00\xf0\x96\x94J\
\xe5\x17_|\x11\x15\x15%}P\xfd\x87\x13'N\xb8\
\xba\xbaJ\x7fc\xa0c\xf5\xeb\xd7\xff\xf1\xc7\x1f\xb5Z\
\xad\xf4\xe3\x0b\x80\xe98|\xf8p\xfb\xf6\xed\x15\x0a\x85\
\xf4+\x1c\x00\x00\x00\x90;\x1f|\xf0\xc1\xe6\xcd\x9be\
Oa\xb8t\xe9\x92\x9b\x9b\x9b\xf4w\x02:\xd6\xa8Q\
\xa3\x88\x88\x08\xe6\x18\x00\xba\xa2\xd5j#\x22\x22\x9c\x9d\
\x9d\xa5_\xde\x00\x00\x00\x00\x9d\xaaZ\xb5\xea\xbcy\xf3\
\xd2\xd2\xd2\xf2\xf8\x08;66\xd6\xc3\xc3C\xa9TJ\
\x7f\x03\xa0KM\x9b6\xdd\xbauk\x1e?\x96\x00\x98\
0\x95J\xb5|\xf9\xf2\xf7\xde{O\xfa\xe5\x0d\x00\x00\
\x00\xd0\x1bGG\xc7\x80\x80\x80\xb8\xb8\xb8<8\xc2\x8e\
\x8b\x8b\xf3\xf2\xf2\xb2\xb2\xb2\x92\xfe\x97\x86.9;;\
\xef\xdc\xb93\x0f\x1e?\x00\xccDrr\xf2\xb4i\xd3\
\xca\x94)#\xfd\xf2\x06\x00\x00\x00\xe4\x09kkkO\
O\xcf\x8b\x17/\xea\xe9\x08\xfb\xf1\xe3\xc7\xfe\xfe\xfe\xf9\
\xf3\xe7\x97\xfe\x17\x85.5o\xde|\xcf\x9e=zz\
\xcc\x000C7o\xde\x1c1bD\xe1\xc2\x85\xa5_\
\xde\x00\x00\x00\x00\x09m\xda\xb4\xd9\xbbw\xaf\x0e\x8f\xb0\
\xd3\xd2\xd2\x82\x82\x82\x8a\x14)\x22\xfdo\x06]j\xd9\
\xb2\xe5\x81\x03\x07t\xf88\x01`\xce\xb4Z\xed\x9e=\
{\xfe\xfb\xdf\xff\xf2\xc9V\x00\x00\x00 _\x83\x06\x0d\
\xc2\xc2\xc2233ss\x90\xadR\xa9\xe6\xcd\x9bW\
\xb2dI\xe9\x7f\x1b\xe8R\xf3\xe6\xcd\x0f\x1e<\xa8\xa3\
7b\x00\xcc]jj\xea\x82\x05\x0bj\xd6\xac)\xfd\
\xda\x06\x00\x00\x00\x18\x98\xb2e\xcb~\xf7\xddwO\x9e\
<y\xdb\x83l\x8dF\x13\x16\x16V\xa9R%\xe9\x7f\
\x03\xe8R\x93&M\xb8v\x0c\x00]\xb9y\xf3\xa6\xb7\
\xb77\x9fT\x02\x00\x00\x00\xfeI\x81\x02\x05\x86\x0f\x1f\
~\xeb\xd6\xad7<\xce\x0e\x0f\x0f\xaf]\xbb\xb6t5\
t\xa9n\xdd\xba\xe1\xe1\xe1\xfa|w\x06\xc0\x5ch\xb5\
\xda\xdd\xbbw\xb7o\xdf^\xa1PH\xbf\xb6\x01\x00\x00\
\x00F\xc2\xc2\xc2\xa2k\xd7\xae'O\x9e\xfc\x87C\xed\
\xbd{\xf76m\xdaT\xba\x14\xbaT\xbdz\xf5u\xeb\
\xd6i4\x9a<{\xc3\x06\xc0T\xa5\xa6\xa6\xce\x9f?\
\x9f[\x5c\x03\x00\x00\x00\xef\xaeE\x8b\x16\x11\x11\x11\x7f\
y\x97~\xe2\xc4\x09WWW\xe94\xe8R\xc5\x8a\x15\
W\xacX\xa1V\xab\xa5\xde\xbf\x010\x197n\xdc\x18\
>|x\xa1B\x85\xa4_\xd8\x00\x00\x00\x00\x93P\xbd\
z\xf5\x85\x0b\x17\xa6\xa7\xa7_\xbat\xc9\xcd\xcdM:\
\x07\xbaT\xbat\xe9\xf9\xf3\xe7\xabT*\xe9\xf7q\x00\
\x8c\x9bV\xab\xdd\xb5kW\xbbv\xed\xf8\xa4\x12\x00\x98\
$^\xdc\x01@X\x91\x22ERRR\xb4Z\xadt\
\x08t\xa3X\xb1b~~~^^^vvv\xd2\
-\x00\x8cXBBBXX\xd8\xb2e\xcb\xae_\xbf\
.\xdd\x02\x00\xd0\x17F\x19\x00\x00t\xa3p\xe1\xc2>\
>>\xc3\x87\x0f/X\xb0\xa0t\x0b\x00c\xa5\xd5j\
\xf7\xed\xdb\xb7l\xd9\xb2\x9f~\xfaI\xadVK\xe7\x00\
\x00\xf4\x8bQ\x06\x00\x80\xdc\xb2\xb7\xb7\x1f>|\xb8\x8f\
\x8f\x8f\x83\x83\x83t\x0b\x00cu\xff\xfe\xfd\x95+W\
\xae\x5c\xb9\xf2\xb7\xdf~\x93n\x01\x00\xe4\x11F\x19\x00\
\x00\xde\x9d\xad\xad\xed\xa0A\x83\xfc\xfd\xfdK\x94(!\
\xdd\x02\xc0(eeem\xdf\xbe}\xd9\xb2e\xbbv\
\xed\xd2h4\xd29\x00\x80<\xc5(\x03\x00\xc0\xbb\xb0\
\xb2\xb2\xfa\xfa\xeb\xaf\xc7\x8e\x1d[\xb6lY\xe9\x16\x00\
F)66v\xf9\xf2\xe5\xabV\xad\x8a\x8b\x8b\x93n\
\x01\x00\xc8`\x94\x01\x00\xe0\xedXXXxxx\x8c\
\x1f?\xber\xe5\xca\xd2-\x00\x8c\x8fJ\xa5\x8a\x88\x88\
X\xb6l\xd9\xc1\x83\x07\xb3\xb3\xb3\xa5s\x00\x00\x92\x18\
e\x00\x00x\x0bnnn\xc1\xc1\xc15k\xd6\x94\x0e\
\x01`|\xae\x5c\xb9\xb2l\xd9\xb2\xef\xbf\xff>))\
I\xba\x05\x00`\x10\x18e\x00\x00x#\xcd\x9b7\x9f\
6m\x9a\x8b\x8b\x8bt\x08\x00#\x93\x9a\x9a\xbai\xd3\
\xa6\xe5\xcb\x97GEEI\xb7\x00\x00\x0c\x0b\xa3\x0c\x00\
\x00\xff\xa2V\xadZ\xc1\xc1\xc1\x1d:t\x90\x0e\x01`\
L\xb2\xb2\xb2v\xef\xde\xbdf\xcd\x9a\x9f~\xfa)#\
#C:\x07\x00`\x88\x18e\x00\x00\xf8[e\xca\x94\
\x998q\xa2\xa7\xa7\xa7\x85\x85\x85t\x0b\x00\xa3q\xf2\
\xe4\xc95k\xd6l\xdc\xb81!!A\xba\x05\x00`\
\xd0\x18e\x00\x00x\x8dB\x85\x0a\xf9\xf9\xf9y{{\
\xe7\xcf\x9f_\xba\x05\x80q\xb8y\xf3\xe6\xda\xb5k\xd7\
\xacYs\xf3\xe6M\xe9\x16\x00\x80q`\x94\x01\x00\xe0\
O\xac\xad\xad\x07\x0f\x1e\x1c\x18\x18X\xb4hQ\xe9\x16\
\x00F !!a\xe3\xc6\x8dk\xd6\xac9y\xf2\xa4\
t\x0b\x00\xc0\xc80\xca\x00\x00\xf0\x82B\xa1\xf8\xf2\xcb\
/\xbf\xfd\xf6[\xeeu\x0d\xe0_edd\xfc\xf4\xd3\
Ok\xd6\xac\xd9\xbd{wVV\x96t\x0e\x00\xc0(\
1\xca\x00\x00\x90/_\xbe|\xad[\xb7\x9e:uj\
\xa3F\x8d\xa4C\x00\x184\xadV{\xe0\xc0\x815k\
\xd6\x84\x87\x87\xa7\xa6\xa6J\xe7\x00\x00\x8c\x1b\xa3\x0c\x00\
\xc0\xdc5j\xd4h\xea\xd4\xa9\xad[\xb7\x96\x0e\x01`\
\xd0N\x9f>\xbdq\xe3\xc6\xf5\xeb\xd7?x\xf0@\xba\
\x05\x00`\x22\x18e\x00\x00\xe6\xabr\xe5\xca\x93'O\
\xee\xd1\xa3\x87B\xc1o\x88\x00^#;;;**\
j\xf3\xe6\xcd\x9b7o\xbes\xe7\x8et\x0e\x00\xc0\xd4\
p\x0c\x0a\x000GE\x8b\x16\x0d\x0c\x0c\x1c<x\xb0\
\xb5\xb5\xb5t\x0b\x00\x83\xa3\xd1h\x8e\x1c9\xb2y\xf3\
\xe6\x88\x88\x08\xce\x8b\x01\x00\xe8\x0f\xa3\x0c\x00\xc0\xbc\xe4\
\xcf\x9f\xdf\xdb\xdb\xdb\xcf\xcf\xafP\xa1B\xd2-\x00\x0c\
\x8bZ\xad>x\xf0\xe0\xa6M\x9b\xb6l\xd9\x92\x90\x90\
 \x9d\x03\x000}\x8c2\x00\x00s\xa1T*==\
='M\x9aT\xa6L\x19\xe9\x16\x00\x06D\xa5R\xed\
\xdd\xbbw\xd3\xa6M?\xff\xfc\xf3\x93'O\xa4s\x00\
\x00f\x84Q\x06\x00`\x16\x5c]]g\xcd\x9aU\xbf\
~}\xe9\x10\x00\x86\x22==}\xd7\xae]\x9b6m\
\xda\xb6m\x1b\xf7Q\x02\x00\x88`\x94\x01\x00\x98\xb8\xea\
\xd5\xab\x87\x84\x84|\xfe\xf9\xe7\xd2!\x00\x0cBjj\
\xea\xf6\xed\xdb7o\xde\xbcc\xc7\x8e\xf4\xf4t\xe9\x1c\
\x00\x80Yc\x94\x01\x00\x98\xac\x22E\x8a|\xf3\xcd7\
^^^VVV\xd2-\x00\x84\xdd\xbcys\xfb\xf6\
\xed\xdb\xb7o?|\xf8pff\xa6t\x0e\x00\x00\xf9\
\xf21\xca\x00\x00L\x92\xa5\xa5\xe5\xc0\x81\x03'L\x98\
P\xb4hQ\xe9\x16\x00b\xd4j\xf5\x91#Gr\xb6\
\x98\xeb\xd7\xafK\xe7\x00\x00\xf0W\x8c2\x00\x00S\xd3\
\xae]\xbb\x90\x90\x90Z\xb5jI\x87\x00\x90\xf1\xf0\xe1\
\xc3\x1d;vl\xdf\xbe\x00\x8e \x98\x00\x00\x06\xc6I\
DAT}\xef\xde\xbd\x5c,\x06\x00`\xc8\x18e\x00\
\x00\xa6\xa3N\x9d:3f\xcch\xd3\xa6\x8dt\x08\x80\
\xbc\x96\x9d\x9d}\xfa\xf4\xe9\x9c\x93b\xce\x9d;\x97\x9d\
\x9d-]\x04\x00\xc0\xbfc\x94\x01\x00\x98\x82b\xc5\x8a\
M\x9a4\xa9\x7f\xff\xfe\x16\x16\x16\xd2-\x00\xf2Nr\
r\xf2\x9e={\xb6o\xdf\xbes\xe7\xceG\x8f\x1eI\
\xe7\x00\x00\xf0v\x18e\x00\x00\xc6\xcd\xda\xdaz\xd8\xb0\
a\x81\x81\x81\x85\x0b\x17\x96n\x01\x90G.]\xba\xb4\
k\xd7\xae\xed\xdb\xb7\x1f;v,++K:\x07\x00\
\x80w\xc4(\x03\x000b\x1d;v\x9c>}z\xd5\
\xaaU\xa5C\x00\xe8\xdd\xad[\xb7\xf6\xef\xdf\xbf\x7f\xff\
\xfe\x03\x07\x0epR\x0c\x00\xc040\xca\x00\x00\x8cR\
\xa3F\x8df\xce\x9c\xd9\xb2eK\xe9\x10\x00z\x14\x1f\
\x1f\x7f\xe0\xc0\x81\x03\x07\x0e\xec\xdf\xbf\xff\xd6\xad[\xd2\
9\x00\x00\xe8\x18\xa3\x0c\x00\xc0\xc8\x94*U*((\
\xa8O\x9f>J\xa5R\xba\x05\x80\xee\xa5\xa4\xa4\x1c>\
|8\xe7\xa4\x98K\x97.I\xe7\x00\x00\xa0G\x8c2\
\x00\x00\xa3akk;j\xd4(\x7f\x7f\xff\x02\x05\x0a\
H\xb7\x00\xd0\xa5\xe7\xcf\x9fGEE\xe5\x0c1g\xce\
\x9c\xd1h4\xd2E\x00\x00\xe4\x05F\x19\x00\x80q(\
\x5c\xb8\xf0\xca\x95+;t\xe8\xc0\xfd\x95\x00\xd3\x90\x95\
\x95u\xf6\xec\xd9\x9c!&**\xea\xf9\xf3\xe7\xd2E\
\x00\x00\xe45F\x19\x00\x801\xb1\xb7\xb7o\xd6\xacY\
\xf3\xe6\xcd[\xb4h\xe1\xec\xec\x5c\xa8P!\xe9\x22\x00\
o\xe1\xe9\xd3\xa7'N\x9c\x88\x8c\x8c\x8c\x8c\x8c<u\
\xea\xd4\xb3g\xcf\xa4\x8b\x00\x00\x90\xc4(\x03\x000V\
J\xa5\xb2^\xbdz\xcd\x9b7\xcf\xd9h*T\xa8 \
]\x04\xe05bbb\x22##\xa3\xa2\xa2\x22##\
/_\xbe\x9c\x9d\x9d-]\x04\x00\x80\xa1`\x94\x01\x00\
\x98\x88r\xe5\xca5\xff]\x83\x06\x0d\xf8\x94\x13 %\
33\xf3\xdc\xb9s9\xa7\xc3DEE\xc5\xc7\xc7K\
\x17\x01\x00`\xa0\x18e\x00\x00&\xa8@\x81\x02\xce\xce\
\xce9\x03\x8d\xb3\xb3s\xc1\x82\x05\xa5\x8b\x00\x13\x97\x98\
\x98\x98s.LTT\xd4\x993g\xb8@\x0c\x00\x00\
o\x82Q\x06\x00`\xe2,,,\xea\xd5\xab\xe7\xec\xec\
\xdc\xa4I\x93&M\x9a\xd4\xad[\xd7\xca\xcaJ:\x0a\
0z*\x95\xea\xc2\x85\x0bg\xcf\x9e=u\xeaTd\
d\xe4\xf5\xeb\xd7\xa5\x8b\x00\x000>\x8c2\x00\x00\xf3\
bccS\xaf^\xbd&\xbf\xab[\xb7\xae\xb5\xb5\xb5\
t\x14`\x04222~\xfd\xf5\xd7s\xe7\xce\x9d=\
{\xf6\xec\xd9\xb3\x97/_\xce\xca\xca\x92\x8e\x02\x00\xc0\
\xb81\xca\x00\x00\xcc\x9a\xb5\xb5\xf5\xab\x1bM\xbdz\xf5\
\xd8h\x80\x1c\xe9\xe9\xe9\xbf\xfc\xf2K\xce\x04s\xee\xdc\
\xb9+W\xaeh4\x1a\xe9(\x00\x00L\x0a\xa3\x0c\x00\
\x00\x7f\xb0\xb6\xb6\xae[\xb7\xee\xab\x1b\x8d\x8d\x8d\x8dt\
\x14\x90G\xd2\xd2\xd2\xce\x9f?\xff\xf2\x5c\x98\xabW\xaf\
j\xb5Z\xe9(\x00\x00L\x19\xa3\x0c\x00\x00\x7f\xcb\xca\
\xca*g\xa3\xa9[\xb7n\xed\xda\xb5\xeb\xd4\xa9S\xa6\
L\x19\xe9(@7\xb2\xb3\xb3o\xdf\xbe}\xf9\xf2\xe5\
\xcb\x97/\xe7\x5c\x1d\xe6\xfa\xf5\xeb\xac0\x00\x00\xe4%\
F\x19\x00\x00\xde\x82\x83\x83C\xce:\xf3R\xa9R\xa5\
\xa4\xa3\x80\x7f\x97\x9d\x9d}\xe7\xce\x9d\xcb\xbf\xbbr\xe5\
JtttZZ\x9at\x17\x00\x00f\x8dQ\x06\x00\
\x80\x5cqtt\xacS\xa7\xce\xabKM\xc9\x92%\xa5\
\xa3`\xeer&\x98+W\xae\xbc\x5ca\x98`\x00\x00\
0@\x8c2\x00\x00\xe8X\xd1\xa2E_\x0e4\xb5k\
\xd7\xaeU\xab\x16g\xd3@\xaf\xfe\xbf}\xfb{I\x1d\
\x0c\xe08Ln\x091#\xe5XP\x03\x05\xfd\xff\xff\
\x1fo\x8a \x87\x18N\x08\x7f\x8dt\xd5\x85\x87\xf08\
:p8\xc9\xab\xf1<\x17\xe3\xdd\xae\xbex3\xf9\xa0\
eY>==\x0d\x06\x83\xdd\x1f\xc2H0\x00p\xfc\
D\x19\x008\xb8$Iz\xbd^\xbf\xdf\xdf^\xb7\xba\
\xdd\xee\xf9\xf9y\xe8i\x9c\x98\xd5j\xf5\xf0\xf0p\xff\
\xa7\xc7\xc7\xc7\xf5z\x1dz\x1a\x00\xf0\xcfD\x19\x00\x08\
#\x8a\xa2N\xa7\xb3Wj\xfa\xfd\xfe\xe5\xe5e\xe8i\
\x1c\x85<\xcf\xef+F\xa3\xd1\xfb\xfb{\xe8i\x00\xc0\
\xf7\x10e\x00\xe0\xb8\x5c__\xef\x96\x9aN\xa7\x93\xa6\
i\x9a\xa6I\x92\x84\x9e\xc6AL\xa7\xd3,\xcb\xb2,\
\x1b\x0e\x87\xbb\xfd\xe5\xe5\xe5%\xf44\x00\xe0\xb0D\x19\
\x008\x0dWWW\xe9\x17nnnj\xb5Z\xe8\x81\
|i\xb3\xd9\x8cF\xa3mv\xc9*V\xabU\xe8\x81\
\x00@\x18\xa2\x0c\x00\x9c\xbc8\x8eooo\xab\xb1\xe6\
\xee\xee\xae\xddn\xb7Z\xad\xb33o\xfc\xc3z}}\
\xcd\xf3<\xcf\xf3\xf1x\xbcW^\x86\xc3\xe1\xf3\xf3\xf3\
\xdb\xdb[\xe8\x8d\x00\xc0\xd1\xf1\x15\x0d\x00~\xb8(\x8a\
Z\xad\xd6\xaf\x8av\xbb\xbd\xf7\xa4^\xaf\x87\x1e{t\
\x8a\xa2\x98L&y\x9e\xef^\xf7n'\x93\xc9l6\
\x0b\xbd\x14\x008=\xa2\x0c\x00\xf0[\xa3\xd1\xd8\x8d5\
\xcdf\xb3\xd1h$I\x92$\xc9\xf6\xb0w\xfby8\
\xfe?O\x95e9\x9f\xcf\x17\x8b\xc5|>\xdf=T\
\xcf\xb3\xd9l:\x9d~\xd6\x96\xe5r\x19z;\x00\xf0\
c\x892\x00\xc0\xff\xba\xb8\xb8\xa8\xb6\x9bz\xbd\x1e\xc7\
q\x14Eq\x1c\xff\xfdP}X\xab\xd5\xca\xb2\xdcT\
\xac\xd7\xeb\xea\xc3\xaa\xa2(\xf6\x9aKQ\x14\xa1?$\
\x00\x00\x00\x00\x00\x00\x00\x00\x00\x00\x00\x00\x00\x00\x00\x00\
\x00\x00\x00\x00\x00\x00\x00\x00\x00\x00\x00\x00\x00\x00\x00\x00\
\x00\x00\x00\x00\x00\x00\x00\x00\x00\x00\x00\x00\x00\x00\x00\x00\
\x00\x00\x00\x00\x00\x00\x00\x00\x00\x00\x00\x00\x00\x00\x00\x00\
\x00\x00\x00\x00\x00\x00\x00\x00\x00\x00\x00\x00\x00\x00\x00\x00\
\x00\x00\x00\x00\x00\x00\x00\x00\x00\x00\x00\x00\x00\x00\x00\x00\
\x00\x00\x00\x00\x00\x00\x00\x00\x00\x00\x00\x00\x00\x00\x00\x00\
\x00\x00\x00\x00\x00\x00\x00\x00\x00\x00\x00\x00\x00\x00\x00\x00\
\x00\x00\x00\x00\x00\x00\x00\x00\x00\x00\x00\x00\x00\x00\x00\x00\
\x00\x00\x00\x00\x00\x00\x00\x00\x00\x00\x00\x00\x00\x00\x00\x00\
\x00\x00\x00\x00\x00\x00\x00\x00\x00\x00\x00\x00\x00\x00\x00\x00\
\x00\x00\x00\x00\x00\x00\x00\x00\x00\x00\x00\x00\x00\x00\x00\x00\
\x00\x00\x00\x00\x00\x00\x00\x00\x00\x00\x00\x00\x00\x00\x00\x00\
\x00\x00\x00\x00\x00\x00\x00\x00\x00\x00\x00\x00\x00\x00\x00\x00\
\x00\x00\x00\x00\x00\x00\x00\x00\x00\x00\x00\x00\x00\x00\x00\x00\
\x00\x00\x00\x00\x00\x00\x00\x00\x00\x00\x00\x00\x00\x00\x00\x00\
\x00\x00\x00\x00\x00\x00\x00\x00\x00\x00\x00\x00\x00\x00\x00\x00\
\x00\x00\x00\x00\x00\x00\x00\x00\x00\x00\x00\x00\x00\x00\x00\x00\
\x00\x00\x00\x00\x00\x00\x00\x00\x00\x00\x00\x00\x00\x00\x00\x00\
\x00\x00\x00\x00\x00\x00\x00\x00\x00\x00\x00\x00\x00\x00\x00\x00\
\x00\x00\x00\x00\x00\x00\x00\x00\x00\x00\x00\x00\x00\x00\x00\x00\
\x00\x00\x00\x00\x00\x00\x00\x00\x00\x00\x00\x00\x00\x00\x00\x00\
\x00\x00\x00\x00\x00\x00\x00\x00\x00\x00\x00\x00\x00\x00\x00\x00\
\x00\x00\x00\x00\x00\x00\x00\x00\x00\x00\x00\x00\x00\x00\x00\x00\
\x00\xe0\xfb|\x00mX\x1e\xac\xe8G\xd87\x00\x00\x00\
\x00IEND\xaeB`\x82\
\x00\x00\x02\xf3\
\x00\
\x00\x0c0x\xda\xedV\xcdn\xa30\x10~\x15\xcb{\
h+Ab\x1b\xf3\x97\x86\x1c\x96kV\xdaWp\xc0\
\x01\xb6\x04\x90!%}\xfb\x1dC\x93\x80\xda\xa4\xa4\xed\
a\x0f\x8b\xc4\xc4c{\xbe\x99\xf9f\x18eY?'\
\xa8\xcd\xe2&\x0d0\xe3\x18\x1dvyQ\x078m\x9a\
j1\x9f\xb7m;k\xadY\xa9\x929#\x84\xcc\xe1\
2F\xa9\xcc\x92\xb4\xe9\xafgq\x80\xebHIY\xd4\
i\xd9\x986\x8f|\xcb\x8b\xb8\xc9\xa4\xed\x99\x1e\x89\x22\
\x10\xc45\xc9\xd6u,\xb9\xddH\xc6]\x8c\x9e3\xd9\
\xfe,\x0f\x01&\x88 \xc6\xd1\xc9\xef\xe2\x90g\xc5\xd3\
{\xde\xa9\xef\xfb\xf3\xee\x14\xa3m\x96\xe7\x01.\xcaB\
\x02\x94TuV\x16\x01\xa63\x8aW\xcb\xa4\x0f(\x15\
\x95\x9c\x16\x8b6\x89rQC\xca[%v\xd2\x8c\xca\
\xa2\x11Y!\x95\xd9*QUR]\xbb\xb2\xc9\xf7W\
\xcf!\x90\xb8l\xeb\xee\xca \xea\xa1\x05\xec\xd6=\x8d\
\xddrj\xd4JF\x0dR\x9aB\x8c\xd4K\xf7\xd3+\
\xfdzP\xd0a\xb5\x1a%\x8az[\xaa]\x80w\xa2\
Q\xd9\xe1\x9e\xceH\xf7\x18\x88\xbc\xb3\xbav\xfa\x80\xc7\
YoD\xf4\x94\xa8r_\xc4x\xbeZ\xce\x93\xb7\xb4\
\xa4Y\x1e+Y\xdc^&\x1f\xa3\xbay\xc9e\x80\xe3\
\xac\xaer\xf1\xb2@\x9a\xc7\xc7\xaf\x12\xe9\x1f\x89\xbc@\
W\xcfh\xdd\xa8\xf2I\x9a\xd0{\xf2O\x99A\xab\xf5\
I~7\x99\xaf\x19\xea\xe0\x8f\xe9\x1d+;l\xf8A\
4\x91\xa8N\xc1\xa8A\xf5O\xf4_\xb0\x1beq\x01\
\xaf\xabOwT\x9b.\x8f}\x0e\x8f\xc9]\x1a\x03\x89\
\xc2\xef\x99\xa4TFND)\xf3)\x9dX\xc6\xd7b\
\xbd\x22\x0f\xeb\x97\x15\xdd\x07\xd3G\xd3u\xc6w3\xbc\
Z\xc6r[\xaf\x96Q\x9eU\xbfE\x93v9\x8e\xdc\
Bs\xc6\xa0\xb1I\xc9\x98\x04\x10\xf7\xb5D\xa9\x92\xdb\
\x00\xff\x18\x86~3\x92.\xd91\xae\xcf~\xdc\xe7\x92\
}2\x88wZ\xf0\xd8\x1e\x9d\xcb\x05\xe2\xc7\x8d\x05R\
\xc9\xe6\x9eQ\x0e\xa4;\x8e\x818\x7f8\xdd-+\x11\
e\x0d|\xa3\xf4\xb1\xcb\xabg\xfd\xbb\x98B\x9a&\xb3\
\x12\x9a\x81\xbd\xca\xef\xef~|\xa5\x84w\x0f\xc7\xaf\xe5\
\xf8\xde8\x9a\xc4Wg\x90\x06\xd0\xd9 0\xfa\xc5\x0c\
j\x85\xd6\x8c\x12\xce}F=\xd7\x06\xdd\xe0\x06e\xb0\
esGo\x80F\xd7\xdcpCn\xd83\xcf\xe7\xb6\
E\x19\xec\xc2\xd2\xb6\x89\xebi\xc56\x1c\xc3\x0e\xdd!\
\x8cmx\xc3\xeb\x9e\xe1\xae=\x83\x91\x10\x04=c{\
C\x14\x06\xc1\x10\x90!\xa5C$\xbd\xcdFVZ%\
k\x90<\xd4\xcb\xb3\x17\xcaFx\x06t\x0b\xa0\xd9#\
4\x83:#\x13\xc7\xe0k\x10\xd4\x0d\xb5\xf4\x06^\x9c\
!\x18\xf5\xe1\x10dH\xfd\x11[>\x8422\xd3\xaa\
\xbb\xd6\xd2\x0a\xb5\xa4g_\x8c\x8c\x10i\x97\x1a\x9d4\
m/\x0f\xd373\xfc\xa3a<\x05\xf6\x86a\xcc\x84\
\xb0\xc8\xb4\xbe\xbb2\x8cGc\xf8\x7f\x7f\xfe[\xfd\xf9\
\xe1\x94f\x9f\x99\xd2\xc9\x84\x17\xfe\xfd\xaf\xfe\x02\x96\x12\
Ts\
\x00\x00\x02Y\
\x00\
\x00\x09Hx\xda\xadV\xdd\x8e\xa20\x14~\x95\xa6s\
1\x9a\x88\x14\x04\x11G\xbc\xd8\xeb\xd9d_\xa1\x94\x02\
]\xb1\x90\xb6\x0e\xfa\xf6[\x8a\xb8\x98Q\x07\x7fL\x80\
B\xdb\xd3\xef\xe7\x9c\x13W\xf2+\x035KT\x1eA\
\xd7\x83`\xbf-\xb8\x8c`\xaeT\xb5\xb4\xed\xba\xae\xa7\
\xf5lZ\x8a\xccv\x11B\xb6^\x0cANY\x96\xab\
v9K\x22(\x89\xa0\x94\xcb\xbcT\x96\xef\x91p\xb6\
 \x9e\xe5R\x7fa-\x10!\xfa\x86\x02\x0b\xa5\xc1\xdc\
\xf5\xe3\x19\xf5Q\x08\xc1\x17\xa3\xf5\xafr\x1fA\x04\x10\
p=p:w\xb9/\x18\xdf\x5c:\xdd\x09\xc3\xd06\
\xb3\x10\xa4\xac(\x22\xc8KNu(*$+y\x04\
\x9d\xa9\x03\xd7\xab\xac\x05\x94\xe3\x8a\x0e\xc3\xd2l!\x05\
\x96\x9ar*\xf0\x96Z\xa4\xe4\x0a3N\x85U\x0b\x5c\
UT\xdcZ\x12\x17\xbb\x9b\xf3\x1aHR\xd6\xd2,\xe9\
\xa1\xee\xef\xd0_e+\xa3\x19\x0eE-(Q@4\
\x12B \x0e\xe6\xd1\xbe\xb4\xe3\x9e\xa1}\xb7\x94\xc0\x5c\
\xa6\xa5\xd8Fp\x8b\x95`\xfb\x913E\xe67\x01\xe8\
\xc2\xe8\xd6\xec\x18\x9e\xb3\x8e1\xd9d\xa2\xdc\xf1\x04\xda\
\xeb\x95\x9d}\x97%gE\x22(\xbf\xdf&\x0c\x81T\
\x87\x82F0a\xb2*\xf0a\x09\x1a\x1d?\x9e\x15\x12\
wB^\x91\xabUT*Qn\xa8\xa5s\x8f\xfe-\
\x99N\xb5\x96\xe4\xab\xc5<2l\xc0w\xf4:g\xfb\
\x09\xdfCCpu\x02#z\xee\x9f\xe4\xbf\xb2\xef\x8c\
\xc5\x95x\xc6\x1f3%\xad\x04\x07n\x9a\x84\xc8\xf2\xe6\
~\xacE\x0c\x83VI\x07%n0\xc7^L=<\
\xd0\xc6\xa3Y\xc7\xc8}\xff\x187\x05\xd3\xa21\x99\xf1\
j\x85\xd7\xab\x84\xa6r\xbd\x22\x05\xab\xfe`\x95\x1b\x8e\
g\xc7\xea\xe4L\xf4\x9b;\x88\x8c\x85t\xc4\x9d\xa4 \
\x174\x8d\xe0[\x1f\xfa\xdd\x91\x1a\xcb:\x5c\x8f\x16\xf7\
\x7f\xcb\x1e\x04q!\x05\xbb\xf40G.\x81\xd7}X\
\x02\x91\xc5#\xd7\xf7'\xa0\xbb\x8dO\x8b\xcb\x0a\x13\xa6\
t\x91:\x1f\x86X+\xfb\xab\xa4\x02\x8dNV\x85\x1b\
\x09v\xa2\x18\xbd\xbf=\xe3\xe1\xfb\xb8+\x97\xee\xba\xb3\
7\xc5\xcf6\xa1&@\xc3\x06\xe8M\xbf]4\x99\x7f\
\x86\x13'\xf8\xf4&\x8e;\xa8\xf2\xaf\x17\xf6\xb7~\xf2\
Sc\x18\x12\xf6\x8e\xc6\xe0/\xbc\x19\x1a&\xc1\x8d\xc6\
p\xd6\x12nH\xf5c\xf2\xba\x0f%o6\xe0\xd2\xff\
\x8a\xd6\xff\x00\x09\xdf\xbcZ\
\x00\x00\x02\x92\
\x00\
\x00\x0dzx\xda\xd5Wo\x8f\x9a0\x18\xff*M\xef\
\xc5i\x22\xd2bE\xf1\xc4\x17{\xbd%\xfb\x0a\xb5\x14\
\xe8D m=\xf4\xdb\xaf\x14q\xb8S\xc7\xe9m\xd9\
\x91\x80@\xdb\x87\xdf\xbf>\x89K\xf5\x9a\x80JD:\
\x0d\xa1G \xd8o\xb3\x5c\x850\xd5\xba\x5c\xb8nU\
U\xe3j2.d\xe2z\x08!\xd7L\x86 \xe5\x22\
Iu3]D!TLr\x9e\xab\xb4\xd0\xce\x94\xb0\
`2g\xc4\xf1\xf8t\xee\xcc\x11c\xe6\x82f\x0e\x8a\
g\xfe4B~D\x08\x83\xe0U\xf0\xeaK\xb1\x0f!\
\x02\x08x\x04\x9c\xbe\xbb\xd8g\x22\xdf\x5c\xfa:\x0e\x82\
\xc0\xb5\xa3\x10\xc4\x22\xcbB\x98\x1797\xa5\xb8T\xa2\
\xc8C\x88\xc7\x18\xae\x96I\x03(\xa5%\xef\x87\xa5^\
\xc22\xaa\x0c\xe5X\xd2-wX\x91k*r.\x9d\
J\xd2\xb2\xe4\xf2\xd6\x94u\xb6\xbb9n\x80DE\xa5\
\xec\x94\x0e\xea\xee\x0a\xf3V52\xda\xdb\xbe\xa8%g\
\x1a\xc8ZB\x08\xe4\xc1\xfe4\x0f\xcd}\xc7\xd0\xae[\
Z\xd2\x5c\xc5\x85\xdc\x86pK\xb5\x14\xfb\x01\x1e#{\
\x8c\x00\xbapwkt\x08\xcfY\xaf)\xdb$\xb2\xd8\
\xe5\x11tWK7y+K*\xb2H\xf2\xfc\xfd6\
\x19\x9f\x95>d<\x84\x91PeF\x0f\x0bP\xeb\xf8\
\xf2\xa8\x90\xbc\x15\xf2\xa2\x5cG\x9e\xcd\x11\xe0V`\xa5\
e\xb1\xe1\x8e\x89\x22\xffQ\x08\x93\xbc\x86\xf3Gk{\
$\x5csi\xd9\xb6Fw\xf3\xdfA\xc3hy\x02#\
;a8\xb9qe\xdd\x19\x8b+\xf5\xac]vH9\
s\x16{>\x8e\x8d\xa6kJ\x8d\xa6A\xdc\x08\x8b\xd1\
\x0c\xcdb\xc2\xc8\x04\x07=]=zw\xac\xdc\xb5S\
\xe4v\xff4hlP>Z\xe1\xd52\xe2\xb1Z-\
Y&\xca\xefT\xa7\x96\xe3\xd9gMV#\xf3\xe4\xf5\
\x22\xe3 Sq\xa78H%\x8fC\xf8\xd4\x85\xfe\xee\
J\xb5e-\xae\xfb\xf6\xfa\x9b\xf0\xfer\xf0NL\x17\
\x12\xd9\xa6\xc5\x22X\x00\xd2\xbeX\x00\x99\xac\x07\x1e&\
\xc6\x03\xdf\x1f\x01B\x86\xa7\xb9EI\x99\xd0f\x07\xe3\
\x17K\xb31\xe1\xa3\x84\x03\xb5jNIkAv2\
\x1b<?=\xe2\xe8\xf3\xb0\xdd<\xed\xf9\xce\xc6\x15?\
\xda\xa1\xea\x025\x1b`\x16}##\xec}\xf5\x90\xb9\
\xc2G\xf6\xf2\x85\xce\xf2\x8f[D\xe4\xaf\x03\xd6\x8f\xfe\
\x8d\x16q\xd6\x1c\xae\xc8\xf4\xc7\xccz\xf7d\xf6\xee@\
L\xd1\x83\x81\xb0\x05:L\xfd\x9a\xa8\xff\xd9\xe3\x10\xe3\
\xa8\xa7zw\xc5\xa1\x15\xe9\x7f\x0b\x03~4\x0c\xf8\xb7\
\xd8\xcfm\xec\xe7\x9f<\x0e\xdc\x9b\xf9\xac\x1f\xfd\xfb\xba\
\xc3I\xa6\xbf\x1e\x88\xab\xa7\xf9\x1f\xb5\xfa\x09T\xfa\x01\
\xb6\
"

qt_resource_name = b"\
\x00\x06\
\x06\x8a\x9c\xb3\
\x00a\
\x00s\x00s\x00e\x00t\x00s\
\x00\x07\
\x08sXc\
\x00a\
\x00p\x00p\x00.\x00q\x00s\x00s\
\x00\x0c\
\x09C\x1b\xc7\
\x00x\
\x00-\x00c\x00i\x00r\x00c\x00l\x00e\x00.\x00s\x00v\x00g\
\x00\x08\
\x00(Wg\
\x00f\
\x00i\x00l\x00e\x00.\x00s\x00v\x00g\
\x00\x0c\
\x07o0\xa7\
\x00a\
\x00p\x00p\x00-\x00i\x00c\x00o\x00n\x00.\x00p\x00n\x00g\
\x00\x12\
\x05\x13\x0d\xc7\
\x00a\
\x00u\x00d\x00i\x00o\x00-\x00w\x00a\x00v\x00e\x00f\x00o\x00r\x00m\x00.\x00s\x00v\
\x00g\
\x00\x09\
\x0b\x9e\x89\x07\
\x00c\
\x00h\x00e\x00c\x00k\x00.\x00s\x00v\x00g\
\x00\x08\
\x0cXT\xa7\
\x00m\
\x00e\x00n\x00u\x00.\x00s\x00v\x00g\
"

qt_resource_struct = b"\
\x00\x00\x00\x00\x00\x02\x00\x00\x00\x02\x00\x00\x00\x01\
\x00\x00\x00\x00\x00\x00\x00\x00\
\x00\x00\x00\x00\x00\x02\x00\x00\x00\x06\x00\x00\x00\x03\
\x00\x00\x00\x00\x00\x00\x00\x00\
\x00\x00\x00\x12\x00\x01\x00\x00\x00\x01\x00\x00\x00\x00\
\x00\x00\x01\x9b3n.\x8c\
\x00\x00\x00D\x00\x01\x00\x00\x00\x01\x00\x00\x04\xbd\
\x00\x00\x01\x9b\x19\xa0\xb7\xc5\
\x00\x00\x00x\x00\x01\x00\x00\x00\x01\x00\x01\x15l\
\x00\x00\x01\x9aZ\xa1N\xeb\
\x00\x00\x00Z\x00\x00\x00\x00\x00\x01\x00\x00\x07\x9e\
\x00\x00\x01\x9b5\xc7f\xa8\
\x00\x00\x00&\x00\x01\x00\x00\x00\x01\x00\x00\x01\xf0\
\x00\x00\x01\x9b\x19\xb7eL\
\x00\x00\x00\xa2\x00\x01\x00\x00\x00\x01\x00\x01\x18c\
\x00\x00\x01\x9aV9y\xe3\
\x00\x00\x00\xba\x00\x01\x00\x00\x00\x01\x00\x01\x1a\xc0\
\x00\x00\x01\x9aT\xb1\x9cE\
"

def qInitResources():
    QtCore.qRegisterResourceData(0x03, qt_resource_struct, qt_resource_name, qt_resource_data)

def qCleanupResources():
    QtCore.qUnregisterResourceData(0x03, qt_resource_struct, qt_resource_name, qt_resource_data)

qInitResources()
